Time (sec),Temperature (C),dT/dt (C/sec),h=-mcpdT/dt / A(T-Tw) (W/m2K),m (kg),cp (J/kg),Tw,rho (kg/m3),r (m),pi,V (m3),A (m2),q''=h(T-Tw) (W/m2),Te=T-Tw,ln(Te),ln(q)
11.76,561.6582,-0.3188,35.1494145957215,3.25200588164008,386,100,8930,0.0443,3.1415932,0.00036416639212095,0.024661380956272,16227.0159915093,461.658214742628,6.13482482236906,9.69443278602677
11.78,561.6518,-0.7341,80.9392042524041,,,,,,,,,37365.7324705375,461.651838755601,6.13481101121861,10.5285093192911
11.80,561.6289,-1.2549,138.366536821193,,,,,,,,,63873.9854016881,461.628850942701,6.13476121528297,11.0646674432576
11.82,561.6016,-1.5157,167.139164585409,,,,,,,,,77151.7130638926,461.601643488337,6.13470227560423,11.2535290618726
11.84,561.5682,-1.8441,203.363671662635,,,,,,,,,93866.2082256401,461.568221394807,6.13462986835868,11.4496257306262
11.86,561.5279,-1.4687,161.975746431279,,,,,,,,,74756.3226807047,461.527878881678,6.13454246139608,11.2219890720331
11.88,561.5095,-1.2793,141.097068091807,,,,,,,,,65117.6337147536,461.50947426054,6.13450258300746,11.0839506627121
11.90,561.4767,-1.4601,161.044945641417,,,,,,,,,74318.4910801253,461.476706295416,6.13443157876963,11.2161150702693
11.92,561.4511,-1.1832,130.511298467442,,,,,,,,,60224.5784809193,461.451071195521,6.13437602707745,11.0058358283871
11.94,561.4294,-1.2369,136.444946652596,,,,,,,,,62959.7069891287,461.42937890863,6.13432901711664,11.0502502291594
11.96,561.4016,-1.0616,117.116210345378,,,,,,,,,54037.6061849021,461.401594412457,6.13426880133069,10.8974354939964
11.98,561.3869,-0.7512,82.8755365121861,,,,,,,,,38237.6879996551,461.386913543933,6.13423698284054,10.5515769050775
12.00,561.3715,-1.0493,115.76757405619,,,,,,,,,53411.8645480892,461.3715453877,6.13420367367694,10.8857881828179
12.02,561.3449,-1.4473,159.676868245301,,,,,,,,,73666.1151868078,461.34493991728,6.13414600597326,11.2072982056518
12.04,561.3137,-1.2697,140.098354301466,,,,,,,,,64629.2838810635,461.313654991214,6.13407819123387,11.0764228979087
12.06,561.2942,-1.1268,124.338671902887,,,,,,,,,57356.702104336,461.294151099939,6.13403591131569,10.9570449789263
12.08,561.2686,-1.4413,159.044706785936,,,,,,,,,73362.326265668,461.268581320401,6.13398047924881,11.2031658167011
12.10,561.2365,-1.3382,147.67833371121,,,,,,,,,68114.637683423,461.23649943548,6.1339109254098,11.1289474129967
12.12,561.2151,-0.9283,102.444059288148,,,,,,,,,47248.7422897921,461.215053543457,6.13386442780902,10.7631813143622
12.14,561.1994,-1.1215,123.775140520751,,,,,,,,,57085.0167169991,461.199369088404,6.13383042041566,10.9522969569544
12.16,561.1702,-1.3397,147.861967858191,,,,,,,,,68189.5323101418,461.170193376163,6.13376715789392,11.130046346863
12.18,561.1458,-0.9106,100.514400980775,,,,,,,,,46351.7920883394,461.14578245564,6.13371422392949,10.7440152345042
12.20,561.1338,-0.5577,61.5570428993598,,,,,,,,,28386.0311327138,461.13376789594,6.13368816987745,10.2536524416216
12.22,561.1235,-0.9030,99.679177186818,,,,,,,,,45964.408603354,461.123475339366,6.13366584951802,10.7356226499767
12.24,561.0976,-1.2630,139.416935657105,,,,,,,,,64284.8209611902,461.097646840397,6.13360983583897,11.0710788164354
12.26,561.0730,-1.2340,136.225608377831,,,,,,,,,62809.9441035396,461.072957217648,6.13355628908169,11.0478686855187
12.28,561.0483,-1.3842,152.814138844548,,,,,,,,,70454.6970580029,461.048287748253,6.13350278316902,11.1627251873258
12.30,561.0176,-1.5067,166.353190079852,,,,,,,,,76691.7468640759,461.017590508861,6.13343619955471,11.2475493787506
12.32,560.9880,-1.3380,147.741371898134,,,,,,,,,68107.0024537703,460.988019664047,6.1333720549454,11.1288353128979
12.34,560.9641,-1.3277,146.602049273844,,,,,,,,,67578.2771177275,460.96406873205,6.13332009794611,11.1210418659766
12.36,560.9349,-1.5343,169.433208640558,,,,,,,,,78097.6813493086,460.934913385179,6.13325684731356,11.265715647158
12.38,560.9027,-1.5746,173.897032733817,,,,,,,,,80149.6111780322,460.902695796522,6.13318694869292,11.2916503068473
12.40,560.8719,-1.5313,169.118701840544,,,,,,,,,77942.0621686283,460.871927943941,6.13312019082868,11.2637210369546
12.42,560.8414,-1.4838,163.890517253396,,,,,,,,,75527.5428181037,460.841445154073,6.13305404707778,11.2322526742496
12.44,560.8126,-1.4254,157.446456503959,,,,,,,,,72553.3070064732,460.812574747586,6.1329913979581,11.1920768397197
12.46,560.7844,-1.3955,154.149905961139,,,,,,,,,71029.8764381817,460.78442925608,6.13293031813385,11.1708558624181
12.48,560.7568,-1.5280,168.800930457258,,,,,,,,,77776.1691331792,460.756756035021,6.13287025956782,11.261590353902
12.50,560.7233,-1.6609,183.492084899533,,,,,,,,,84539.0805266258,460.723308980403,6.13279766536659,11.3449691978684
12.52,560.6903,-1.3822,152.717464950159,,,,,,,,,70355.4579710339,460.690321136454,6.13272606268374,11.1613156426324
12.54,560.6680,-1.3052,144.213124816822,,,,,,,,,66434.3747046561,460.66802025849,6.13267765398766,11.1039698928438
12.56,560.6381,-1.2799,141.432444166645,,,,,,,,,65149.1743098352,460.638113791432,6.13261273209913,11.084434908794
12.58,560.6168,-1.3405,148.127852935291,,,,,,,,,68230.1809999938,460.616822886103,6.13256651057133,11.1306422825979
12.60,560.5845,-1.5746,174.016195005848,,,,,,,,,80149.1613359967,460.584495214961,6.13249632467272,11.2916446943023
12.62,560.5538,-1.5054,166.371843551252,,,,,,,,,76623.1910491197,460.553837798373,6.13242976047601,11.246655065118
12.64,560.5243,-1.5207,168.080518552259,,,,,,,,,77405.1599572654,460.524281005231,6.13236558178682,11.2568087234703
12.66,560.4930,-1.4112,155.980987552187,,,,,,,,,71828.1543171222,460.493009079651,6.13229767442845,11.1820317995852
12.68,560.4678,-1.2988,143.575225861004,,,,,,,,,66111.7734071574,460.467834967297,6.13224300519354,11.0991021250648
12.70,560.4411,-1.6196,179.042090568478,,,,,,,,,82438.3291155753,460.441055250332,6.13218484587451,11.3198057669142
12.72,560.4031,-1.9238,212.692858136717,,,,,,,,,97924.440799463,460.4030509408,6.13210230354341,11.4919514480195
12.74,560.3641,-1.8646,206.162115863513,,,,,,,,,94909.6372304169,460.364101488223,6.13201770136685,11.460680530869
12.76,560.3285,-1.7037,188.389941855701,,,,,,,,,86721.2530115491,460.328466357159,6.1319402919637,11.370454265503
12.78,560.2960,-1.6953,187.473170086258,,,,,,,,,86293.1412492505,460.295951732967,6.13186965593978,11.3655053982382
12.80,560.2607,-2.0070,221.958902106995,,,,,,,,,102158.949230216,460.260653032833,6.1317929660329,11.5342852051231
12.82,560.2157,-2.2480,248.630737898953,,,,,,,,,114423.761696693,460.215670289313,6.13169522806307,11.6476640434986
12.84,560.1707,-2.2677,250.837544153304,,,,,,,,,115428.096633778,460.170733306304,6.13159757998207,11.6564030751182
12.86,560.1250,-2.4236,268.102043806773,,,,,,,,,123360.442533136,460.124961307811,6.13149810760858,11.7228657761216
12.88,560.0738,-2.2401,247.82867723679,,,,,,,,,114019.478981417,460.073790703713,6.13138689119139,11.6441245810384
12.90,560.0354,-1.8759,207.561455146011,,,,,,,,,95485.6085920603,460.035359286194,6.13130335454241,11.466730819742
12.92,559.9988,-1.9873,219.89691948548,,,,,,,,,101152.308860473,459.998753493917,6.13122377968364,11.5243826684399
12.94,559.9559,-2.0810,230.286640130739,,,,,,,,,105921.691659522,459.955868909234,6.13113054772704,11.5704553421491
12.96,559.9155,-2.3320,258.085221621,,,,,,,,,118697.397642878,459.915515105261,6.13104280980041,11.6843326565401
12.98,559.8626,-2.0916,231.515073103396,,,,,,,,,106465.121315667,459.862590752865,6.13092772910406,11.5755727111086
13.00,559.8318,-1.8907,209.283888427622,,,,,,,,,96235.3975204002,459.831849663296,6.13086087844534,11.4745525265665
13.02,559.7870,-2.1137,233.992417175714,,,,,,,,,107586.663167744,459.786964322662,6.13076326117178,11.5860519707724
13.04,559.7473,-1.8986,210.199303184331,,,,,,,,,96638.5627019417,459.747302859496,6.13067699692997,11.4787331403546
13.06,559.7110,-2.2502,249.150923105066,,,,,,,,,114537.425260106,459.711021065759,6.13059807699893,11.6486569067368
13.08,559.6573,-2.5697,284.554488232766,,,,,,,,,130797.546002745,459.65729381064,6.13048119836757,11.7814059563823
13.10,559.6082,-2.3693,262.396635284456,,,,,,,,,120599.654157856,459.608234027535,6.13037446145279,11.7002316955916
13.12,559.5625,-2.2654,250.917131704348,,,,,,,,,115312.1095502,459.562520769092,6.13027499514962,11.6553977271967
13.14,559.5176,-1.9237,213.082671270784,,,,,,,,,97915.2411546629,459.517616194293,6.13017727880688,11.491857497246
13.16,559.4856,-2.0449,226.523537998863,,,,,,,,,104084.297935493,459.485574236508,6.13010754682307,11.5529564068716
13.18,559.4358,-2.2266,246.68128965433,,,,,,,,,113334.221014916,459.435821718499,6.12999926222272,11.6380964403781
13.20,559.3965,-2.1780,241.323205926833,,,,,,,,,110863.038759455,459.396510723747,6.1299136949361,11.6160508333816
13.22,559.3487,-2.1247,235.432418223622,,,,,,,,,108145.575291321,459.348700180283,6.12980961701996,11.5912335178427
13.24,559.3115,-1.9086,211.509870752838,,,,,,,,,97148.9212245365,459.311524699766,6.12972868289539,11.4840003505189
13.26,559.2724,-1.9067,211.312448076687,,,,,,,,,97049.9658505059,459.272355858967,6.12964340197189,11.4829812367218
13.28,559.2353,-1.8121,200.85364960904,,,,,,,,,92239.0776270443,459.235258142369,6.12956262372672,11.4321391551861
13.30,559.1999,-1.9121,211.952843538393,,,,,,,,,97328.7181841734,459.199869930235,6.12948556175234,11.4858493755421
13.32,559.1588,-2.2264,246.81143419242,,,,,,,,,113325.635169643,459.158772527906,6.12939605989445,11.6380206806435
13.34,559.1108,-2.2488,249.314995625486,,,,,,,,,114463.210375757,459.110813164646,6.12929160393936,11.6480087435844
13.36,559.0688,-1.9245,213.378271985758,,,,,,,,,97955.3119183702,459.068821800696,6.12920013738449,11.4922666528198
13.38,559.0338,-2.0113,223.028392170442,,,,,,,,,102377.578203668,459.033835142519,6.12912392225118,11.5364230047569
13.40,558.9884,-2.4640,273.246874889154,,,,,,,,,125417.137316163,458.98836854782,6.12902486888504,11.7394005590571
13.42,558.9353,-2.5494,282.755599030472,,,,,,,,,129766.518963505,458.935276289687,6.12890918985554,11.7734921067087
13.44,558.8864,-2.3594,261.7128775696,,,,,,,,,120096.47805994,458.886391740513,6.12880266687636,11.6960506825751
13.46,558.8409,-2.5211,279.67402918952,,,,,,,,,128325.882887491,458.840898668254,6.12870352397678,11.7623282674944
13.48,558.7855,-2.4480,271.591658496754,,,,,,,,,124602.327618931,458.785547054717,6.12858288313461,11.7328825658908
13.50,558.7430,-2.1950,243.549799355986,,,,,,,,,111726.760767187,458.742980132293,6.12849009708776,11.6238115335091
13.52,558.6977,-2.2431,248.906753857523,,,,,,,,,114172.967148282,458.69774676197,6.12839148936514,11.6454698331939
13.54,558.6533,-2.6883,298.338555245038,,,,,,,,,136833.950198669,458.653257492251,6.12829449427919,11.8265234273474
13.56,558.5902,-2.5033,277.849135502462,,,,,,,,,127418.895072531,458.590216025352,6.12815703575521,11.7552353240941
13.58,558.5531,-1.9822,220.029173120961,,,,,,,,,100895.065049296,458.55312556135,6.12807615316611,11.5218362958225
13.60,558.5109,-2.3311,258.78143487464,,,,,,,,,118654.115802568,458.51092780302,6.12798412522497,11.6839679498638
13.62,558.4599,-2.5648,284.753200269559,,,,,,,,,130547.918428962,458.459881417945,6.1278727882345,11.7794956293733
13.64,558.4083,-2.5300,280.921767417992,,,,,,,,,128776.880210703,458.408336934218,6.12776035226442,11.7658365750704
13.66,558.3587,-2.6780,297.395123120621,,,,,,,,,136313.636760962,458.358682316638,6.12765202677586,11.8227136622835
13.68,558.3012,-2.6357,292.724116980823,,,,,,,,,134155.818497015,458.301215085067,6.12752664279908,11.8067572279808
13.70,558.2533,-2.5187,279.758845583869,,,,,,,,,128200.401935491,458.253256185451,6.12742199239114,11.761349958686
13.72,558.2005,-2.5623,284.644004514641,,,,,,,,,130424.016369001,458.200469008272,6.12730679360742,11.7785460861255
13.74,558.1508,-2.6915,299.021680746144,,,,,,,,,136997.011093161,458.15076268488,6.12719830611546,11.827714387734
13.76,558.0928,-2.6690,296.559107596097,,,,,,,,,135851.594968494,458.092810130516,6.12707180579139,11.8193183554443
13.78,558.0440,-2.3838,264.905224488133,,,,,,,,,121338.249686657,458.044003930518,6.12696525794986,11.7063373765254
13.80,557.9975,-2.5112,279.08695939979,,,,,,,,,127821.117593437,457.997456664876,6.12686363096531,11.7583870466603
13.82,557.9436,-2.6263,291.908449187621,,,,,,,,,133677.593222234,457.943555913705,6.12674593615638,11.8031861590844
13.84,557.8924,-2.6127,290.430109475609,,,,,,,,,132985.741703189,457.892406346241,6.12663423587461,11.7979971962178
13.86,557.8390,-2.6088,290.032041146773,,,,,,,,,132787.993980959,457.839049285458,6.12651770157733,11.7965091051676
13.88,557.7881,-2.5821,287.094910781529,,,,,,,,,131428.620840871,457.788055117719,6.12640631525522,11.786219175933
13.90,557.7358,-2.3986,266.721178300992,,,,,,,,,122087.822942871,457.735766318101,6.1262920881899,11.7124959249278
13.92,557.6921,-2.3303,259.151531001068,,,,,,,,,118611.611707703,457.692112601157,6.12619671482848,11.6836096672263
13.94,557.6426,-2.8145,313.032245038152,,,,,,,,,143256.8765971,457.64255557647,6.12608843306781,11.8723946375931
13.96,557.5795,-2.8088,312.446579041776,,,,,,,,,142969.160168528,457.579534418304,6.12595071532923,11.8703842228263
13.98,557.5302,-2.4012,267.129659330083,,,,,,,,,122219.887392871,457.530203495103,6.12584290110498,11.7135770571007
14.00,557.4835,-2.5198,280.353216598043,,,,,,,,,128256.967434685,457.48348811911,6.12574079252133,11.7617910885335
14.02,557.4294,-2.5290,281.412684790342,,,,,,,,,128726.439204945,457.429412966403,6.12562258421384,11.7654448053136
14.04,557.3823,-2.6499,294.893925894436,,,,,,,,,134879.270532339,457.382328656785,6.12551964651088,11.8121353649495
14.06,557.3234,-2.8763,320.129121004585,,,,,,,,,146402.543918909,457.323418311613,6.12539083930606,11.8941152568537
14.08,557.2673,-2.6065,290.140014448081,,,,,,,,,132671.534777974,457.267278456396,6.12526807432389,11.7956316892316
14.10,557.2192,-2.6567,295.756169820712,,,,,,,,,135225.387116884,457.219158602366,6.12516283524735,11.8146981994967
14.12,557.1610,-2.7170,302.51321152153,,,,,,,,,138297.245864002,457.161011806453,6.12503565227057,11.8371606032391
14.14,557.1105,-2.7393,305.030955062599,,,,,,,,,139432.845654316,457.110477937236,6.12492510771168,11.8453383711776
14.16,557.0514,-3.0287,337.293596917041,,,,,,,,,154160.523746052,457.05143873208,6.12479594196071,11.9457497005011
14.18,556.9893,-2.7914,310.915534649772,,,,,,,,,142085.082220962,456.989331141052,6.1246600451973,11.8641813277225
14.20,556.9398,-2.5262,281.404549838465,,,,,,,,,128584.933488696,456.939781401926,6.12455161285065,11.7643449259804
14.22,556.8883,-2.4968,278.156350738517,,,,,,,,,127086.3774613,456.888282880763,6.12443890341825,11.7526222717426
14.24,556.8399,-2.6465,294.864398816369,,,,,,,,,134705.825647306,456.839910779448,6.12433302488304,11.8108486105153
14.26,556.7824,-2.9714,331.109217152841,,,,,,,,,151244.870994429,456.782424527354,6.1242071823988,11.9266554645375
14.28,556.7211,-2.8456,317.138690258224,,,,,,,,,144843.917273507,456.721055244224,6.12407282213727,11.8834120090366
14.30,556.6686,-2.6542,295.838205987278,,,,,,,,,135100.019109523,456.668599171173,6.1239579619068,11.8137706653955
14.32,556.6149,-2.6110,291.058471828467,,,,,,,,,132901.631257681,456.614887114525,6.12384033784479,11.7973645189502
14.34,556.5642,-2.5262,281.636561294153,,,,,,,,,128585.159649804,456.564158640982,6.12372923482763,11.764346684825
14.36,556.5138,-2.6597,296.55286086051,,,,,,,,,135380.484881932,456.513838676508,6.1236190143105,11.8158444996926
14.38,556.4578,-2.7966,311.855246941225,,,,,,,,,142348.750615182,456.457770107713,6.12349618777717,11.8660353158161
14.40,556.4020,-2.8044,312.757540224619,,,,,,,,,142743.158786617,456.401974142976,6.12337394344521,11.8688022019328
14.42,556.3456,-2.3980,267.473665239683,,,,,,,,,122060.429078918,456.345595629163,6.12325040761613,11.7122715214038
14.44,556.3061,-2.2780,254.103574794445,,,,,,,,,115948.999306734,456.306053153838,6.12316375357808,11.6609057122604
14.46,556.2545,-2.4516,273.506129073489,,,,,,,,,124788.39595799,456.254477297145,6.12305071810257,11.7343747494886
14.48,556.2080,-2.3816,265.716421159314,,,,,,,,,121221.953980975,456.207988396377,6.12294882042994,11.7053784746707
14.50,556.1592,-2.2116,246.781181140036,,,,,,,,,112571.50992047,456.159215222295,6.12284190476279,11.6313439424282
14.52,556.1195,-2.2423,250.233161949286,,,,,,,,,114136.230782105,456.119524258885,6.12275488977117,11.6451480207848
14.54,556.0695,-2.6010,290.284230818676,,,,,,,,,132389.79023438,456.069521451466,6.12264525721704,11.7935058064783
14.56,556.0155,-2.5723,287.121571300347,,,,,,,,,130931.882865589,456.015485958128,6.12252676937224,11.7824324888225
14.58,555.9666,-2.5532,285.021461272625,,,,,,,,,129960.274844908,455.966628844837,6.12241962447861,11.7749841046231
14.60,555.9134,-2.7757,309.895465165837,,,,,,,,,141285.481808149,455.913356888077,6.12230278463641,11.8585378161054
14.62,555.8556,-2.7985,312.482371872724,,,,,,,,,142446.839081767,455.855599879364,6.12217609243361,11.8667241500117
14.64,555.8014,-2.8459,317.812864795346,,,,,,,,,144859.55356533,455.801415271884,6.12205722183503,11.8835199559092
14.66,555.7418,-2.9733,332.07778288332,,,,,,,,,151341.713970478,455.741762235428,6.12192633821259,11.9272955654816
14.68,555.6825,-3.0390,339.462693818808,,,,,,,,,154687.203420023,455.682483632765,6.12179625915662,11.9491603144586
14.70,555.6202,-2.9259,326.871855605802,,,,,,,,,148929.420731772,455.620201548881,6.12165957112751,11.9112277863388
14.72,555.5654,-2.6330,294.184495090885,,,,,,,,,134020.29120964,455.565447690354,6.12153938956267,11.8057464944068
14.74,555.5149,-2.7154,303.421687088216,,,,,,,,,138213.093966439,455.514881921592,6.12142838778341,11.8365519323285
14.76,555.4568,-2.8775,321.581042782698,,,,,,,,,146466.283348766,455.456833155856,6.12130094416501,11.8945505331612
14.78,555.3998,-2.7492,307.277288014653,,,,,,,,,139934.009862246,455.399781631676,6.12117567412069,11.8489262323405
14.80,555.3469,-2.5979,290.398959381301,,,,,,,,,132232.256114331,455.346866242407,6.12105947190473,11.7923151714512
14.82,555.2959,-2.4810,277.370765491575,,,,,,,,,126285.76319068,455.29586712885,6.12094746505124,11.7463025798209
14.84,555.2476,-2.6475,296.017448922276,,,,,,,,,134761.2405157,455.247624781348,6.12084150120003,11.8112599028484
14.86,555.1900,-2.8961,323.846958334266,,,,,,,,,147411.885703289,455.189965227757,6.12071483781464,11.900985891194
14.88,555.1318,-2.5547,285.703591624595,,,,,,,,,130032.784606013,455.131781391364,6.12058700644801,11.7755418869204
14.90,555.0878,-2.3721,265.315242199809,,,,,,,,,120741.724354261,455.087779176029,6.12049032161003,11.7014090337977
14.92,555.0369,-2.5597,286.323296169297,,,,,,,,,130287.66414299,455.036896704183,6.12037850732075,11.777500085899
14.94,554.9854,-2.2860,255.742716786924,,,,,,,,,116359.200460104,454.985392827632,6.12026531476008,11.6644372413248
14.96,554.9455,-2.5635,286.81568849919,,,,,,,,,130485.494196881,454.945456016258,6.1201775348778,11.7790173439872
14.98,554.8829,-2.8971,324.176305674655,,,,,,,,,147462.242156736,454.882851014811,6.12003991550266,11.9013274366141
15.00,554.8296,-2.7949,312.785421717731,,,,,,,,,142264.059817309,454.829573053737,6.119922784067,11.8654401858903
15.02,554.7711,-2.7069,302.972973636003,,,,,,,,,137783.338261713,454.771053035405,6.11979411217137,11.8334377177818
15.04,554.7213,-2.7328,305.905912438844,,,,,,,,,139101.933032301,454.721296242058,6.11968469554256,11.8429622745245
15.06,554.6617,-2.9225,327.177019470636,,,,,,,,,148754.872963208,454.661740008176,6.11955371391745,11.9100550822878
15.08,554.6044,-2.7438,307.215525050162,,,,,,,,,139661.52865816,454.604397467726,6.11942758463986,11.8469771219091
15.10,554.5520,-2.6613,298.009308095372,,,,,,,,,135460.723205892,454.551987223637,6.11931229040659,11.8164370116436
15.12,554.4979,-2.5870,289.727715021216,,,,,,,,,131680.651341446,454.497945879302,6.11919339408983,11.7881349622948
15.14,554.4485,-2.4322,272.41388760883,,,,,,,,,123798.084291565,454.448506198522,6.11908460950584,11.7264071648929
15.16,554.4007,-2.4164,270.681148152754,,,,,,,,,122997.692196026,454.400659356648,6.11897931845485,11.7199208715446
15.18,554.3518,-2.4045,269.370490198427,,,,,,,,,122388.980196831,454.351848662692,6.11887189494059,11.7149596139357
15.20,554.3045,-2.5686,287.783320420351,,,,,,,,,130741.251786934,454.30448017615,6.11876763442959,11.7809754717494
15.22,554.2491,-2.5082,281.053089321238,,,,,,,,,127668.114524258,454.249105863185,6.1186457388939,11.7571893203515
15.24,554.2042,-2.5818,289.334048123083,,,,,,,,,131416.726087207,454.20415239655,6.11854677185017,11.7861286683108
15.26,554.1458,-2.7553,308.814813534488,,,,,,,,,140246.96050168,454.145832243301,6.11841836285734,11.8511601511478
15.28,554.0939,-2.8247,316.631571212001,,,,,,,,,143780.477557992,454.093939551351,6.11830409194867,11.8760429539817
15.30,554.0328,-3.1935,358.014670035469,,,,,,,,,162550.418324941,454.032842589486,6.11816953593038,11.9987434992442
15.32,553.9662,-2.7920,313.052354656169,,,,,,,,,142115.187709762,453.966199570194,6.11802274498387,11.8643931888085
15.34,553.9212,-2.5132,281.821304146441,,,,,,,,,127924.653742057,453.921161600983,6.11792353010067,11.7591967269435
15.36,553.8657,-2.6360,295.627855535044,,,,,,,,,134175.334779147,453.865670189668,6.11780127362054,11.8069026921352
15.38,553.8157,-2.2339,250.558240716625,,,,,,,,,113707.268446062,453.815720132957,6.11769121284967,11.6413826042219
15.40,553.7763,-1.8912,212.135360567332,,,,,,,,,96262.001885096,453.776313518191,6.1176043751223,11.4748289392864
15.42,553.7401,-1.8627,208.955191798878,,,,,,,,,94811.3439378743,453.740072795758,6.11752450720366,11.4596443428761
15.44,553.7018,-2.0133,225.874341935348,,,,,,,,,102479.596905374,453.701806178174,6.11744016765863,11.5374190031649
15.46,553.6595,-1.7429,195.556614547298,,,,,,,,,88716.1236766068,453.659539371651,6.11734700343743,11.3931969294174
15.48,553.6321,-1.4336,160.854154753772,,,,,,,,,72968.6062062048,453.632088757059,6.11728649232116,11.1977845756619
15.50,553.6022,-1.9142,214.795027545617,,,,,,,,,97431.4964233083,453.60219711146,6.11722059612196,11.4869048092598
15.52,553.5555,-2.2499,252.500503177473,,,,,,,,,114522.997618479,453.555522374484,6.11711769287589,11.6485309343714
15.54,553.5122,-2.2042,247.386965903334,,,,,,,,,112193.007009848,453.512199400543,6.11702216974584,11.6279759440129
15.56,553.4674,-2.3464,263.375226455495,,,,,,,,,119432.067493155,453.467355682887,6.1169232839056,11.6905030158511
15.58,553.4183,-2.5479,286.019986163487,,,,,,,,,129686.70845,453.418343905071,6.1168151958017,11.7728768858705
15.60,553.3654,-2.6106,293.103582357292,,,,,,,,,132883.035048356,453.365441594542,6.11669851460066,11.7972245845468
15.62,553.3139,-2.7509,308.890080260907,,,,,,,,,140024.17251091,453.313917988681,6.1165848611787,11.8495703474795
15.64,553.2554,-2.8304,317.851350450073,,,,,,,,,144067.842205181,453.255403826923,6.11645577196195,11.8780395940378
15.66,553.2007,-2.8844,323.95975768789,,,,,,,,,146818.789769065,453.200702509827,6.1163350792626,11.8969543826739
15.68,553.1400,-3.1521,354.068699054478,,,,,,,,,160442.699679594,453.140026520412,6.11620118703518,11.9856921464664
15.70,553.0746,-3.1205,350.572084219189,,,,,,,,,158835.313446149,453.07461887593,6.11605683349834,11.975623179938
15.72,553.0152,-2.8990,325.725993880598,,,,,,,,,147558.828233127,453.015206048365,6.11592569235534,11.9019822107271
15.74,552.9587,-2.7705,311.330233527241,,,,,,,,,141019.725399535,452.958660011399,6.11580086306576,11.8566550560263
15.76,552.9044,-2.9051,326.498302082301,,,,,,,,,147872.513010836,452.904385927132,6.1156810346114,11.9041057829539
15.78,552.8425,-2.9216,328.398207121692,,,,,,,,,148712.65021177,452.842454638197,6.11554428273712,11.9097712008659
15.80,552.7875,-2.4871,279.594535596861,,,,,,,,,126596.916471693,452.78752033348,6.11542296540819,11.7487634319319
15.82,552.7430,-2.5742,289.410860949428,,,,,,,,,131028.732348065,452.742968657839,6.1153245663455,11.783171909035
15.84,552.6846,-3.0163,339.158178292695,,,,,,,,,153531.667867954,452.684551617844,6.11519552887145,11.9416621300601
15.86,552.6223,-2.8529,320.824944567048,,,,,,,,,145212.529455595,452.622316047021,6.11505803831848,11.8859536686665
15.88,552.5704,-2.8873,324.73822084585,,,,,,,,,146966.91838514,452.57043658838,6.11494341199487,11.8979627954354
15.90,552.5068,-3.1648,355.998975134647,,,,,,,,,161091.964992297,452.506822333879,6.11480284000727,11.9897306920199
15.92,552.4438,-3.3500,376.873912803695,,,,,,,,,170514.281333744,452.443842730397,6.11466365097517,12.0465743336861
15.94,552.3728,-3.2598,366.792505823919,,,,,,,,,165926.961668385,452.372823963964,6.11450667162412,12.0193029805652
15.96,552.3134,-3.2904,370.282338925712,,,,,,,,,167483.681933679,452.31344929816,6.11437541139028,12.02864120421
15.98,552.2412,-3.7030,416.783212416089,,,,,,,,,188486.543117763,452.241207185645,6.11421568171082,12.1467818940262
16.00,552.1653,-3.5652,401.333116581284,,,,,,,,,181468.920077765,452.16532745563,6.11404788166231,12.108839678783
16.02,552.0986,-3.1247,351.801264085057,,,,,,,,,159048.859017078,452.098600130737,6.11390029792491,11.9769667234142
16.04,552.0403,-3.1910,359.315450438843,,,,,,,,,162425.078085089,452.040339169145,6.11377142179948,11.9979721164941
16.06,551.9710,-3.2244,363.125638203105,,,,,,,,,164122.242808326,451.970958648004,6.11361792698931,12.008366812124
16.08,551.9114,-3.0574,344.366725557462,,,,,,,,,155623.236653341,451.911363972282,6.11348606319617,11.9551932153953
16.10,551.8487,-2.8885,325.383661668526,,,,,,,,,147024.172285642,451.848662381267,6.1133473060277,11.8983522895598
16.12,551.7958,-3.0972,348.939615852523,,,,,,,,,157649.46171218,451.795825266255,6.11323036376601,11.9681292505188
16.14,551.7248,-3.3974,382.817284832367,,,,,,,,,172928.051401027,451.724773808871,6.11307308687027,12.0606308991192
16.16,551.6599,-3.1841,358.836916704279,,,,,,,,,162072.25669409,451.659930039069,6.11292952949181,11.995797543749
16.18,551.5974,-3.2924,371.090449157377,,,,,,,,,167583.485563155,451.597409590252,6.11279109618787,12.0292369273492
16.20,551.5282,-3.4102,384.428176010274,,,,,,,,,173580.175732924,451.52823483023,6.1126379065169,12.0643948796008
16.22,551.4610,-3.2222,363.28635124207,,,,,,,,,164009.620105515,451.461001892224,6.11248899457998,12.0076803642659
16.24,551.3993,-3.1226,352.112155336363,,,,,,,,,158943.197390207,451.399348137734,6.1123524202923,11.9763021682555
16.26,551.3361,-3.4903,393.621516297248,,,,,,,,,177655.598719022,451.336096639756,6.11221228732545,12.0876021163988
16.28,551.2597,-3.5233,397.411690922697,,,,,,,,,179335.895434574,451.259737775198,6.11204308897148,12.0970158371837
16.30,551.1952,-3.2848,370.561347349086,,,,,,,,,167195.488563203,451.195165818786,6.11189998607234,12.0269189969912
16.32,551.1283,-3.0846,348.034183335847,,,,,,,,,157008.085992475,451.128347473169,6.11175188321399,11.964052586141
16.34,551.0718,-2.9171,329.180536102982,,,,,,,,,148484.050779535,451.071781270454,6.11162648708294,11.9082328292989
16.36,551.0117,-2.9660,334.738738994508,,,,,,,,,150971.074850365,451.011661524009,6.11149319620611,11.9248435401653
16.38,550.9531,-3.1553,356.150368548969,,,,,,,,,160607.127328954,450.953140897483,6.11136343365561,11.9867164588933
16.40,550.8854,-3.2715,369.317282550231,,,,,,,,,166519.78864606,450.885448674912,6.11121331317179,12.0228694320675
16.42,550.8223,-3.3280,375.746543360211,,,,,,,,,169394.913978383,450.822281593133,6.11107320772573,12.039988037009
16.44,550.7523,-3.0440,343.739576301119,,,,,,,,,154941.414916508,450.752329958008,6.11091803113941,11.9508023561728
16.46,550.7005,-2.9322,331.151929939679,,,,,,,,,149250.34739864,450.700521134896,6.11080308597482,11.9133803588812
16.48,550.6350,-3.0193,341.03264880964,,,,,,,,,153681.261956919,450.635041815899,6.11065779198709,11.9426360089972
16.50,550.5798,-2.9170,329.518489960613,,,,,,,,,148474.359145082,450.579750965807,6.11053508905189,11.9081675566268
16.52,550.5184,-3.2592,368.22928593546,,,,,,,,,165894.055286118,450.518363482893,6.11039883866578,12.0191046424209
16.54,550.4494,-3.5872,405.349401468129,,,,,,,,,182589.387950039,450.449383392997,6.1102457142276,12.1149951290798
16.56,550.3749,-3.2556,367.943422156201,,,,,,,,,165712.47309555,450.374875910136,6.11008029354257,12.0180094757509
16.58,550.3192,-2.5904,292.799773096739,,,,,,,,,131853.347434674,450.319158516255,6.10995657251895,11.789445579663
16.60,550.2713,-2.1741,245.765679614428,,,,,,,,,110661.22202127,450.271259172078,6.10985019931471,11.6142287594172
16.62,550.2322,-2.0613,233.032824733199,,,,,,,,,104918.880320764,450.232195575394,6.10976343985476,11.5609427621812
16.64,550.1888,-2.3436,264.980143015509,,,,,,,,,119291.09495069,450.188808841077,6.1096670699697,11.6893219611314
16.66,550.1385,-2.5148,284.370323762649,,,,,,,,,128006.017009918,450.138450862964,6.10955520402846,11.7598325496869
16.68,550.0882,-2.8526,322.595570654451,,,,,,,,,145196.464730956,450.088215521359,6.10944359804402,11.8858430334935
16.70,550.0243,-2.9767,336.680597493549,,,,,,,,,151514.466525464,450.024348457939,6.10930168898491,11.9284363879897
16.72,549.9691,-2.8095,317.813100718054,,,,,,,,,143006.090193044,449.969148124927,6.10917902069166,11.8706424970977
16.74,549.9120,-3.4702,392.600649664178,,,,,,,,,176635.730675329,449.911967355172,6.10905193552708,12.0818448721418
16.76,549.8303,-3.9745,449.727812448307,,,,,,,,,202301.214432103,449.83033922403,6.10887048772637,12.2175130262624
16.78,549.7530,-4.0706,460.683616046242,,,,,,,,,207193.833427145,449.752989275719,6.108698519336,12.2414100274726
16.80,549.6675,-4.2329,479.14457812561,,,,,,,,,215455.752388565,449.667516287918,6.10850845698468,12.2805108421007
16.82,549.5837,-4.2009,475.608535822881,,,,,,,,,213825.832789774,449.583673724065,6.10832198502884,12.2729170971673
16.84,549.4995,-4.2669,483.17134794389,,,,,,,,,217185.270427614,449.499481605923,6.10813470064276,12.2885060490315
16.86,549.4130,-4.1135,465.889970864195,,,,,,,,,209377.009025699,449.41299903348,6.10794228464104,12.2518917768621
16.88,549.3349,-4.2816,485.019013080927,,,,,,,,,217935.990608676,449.334943024828,6.1077685851972,12.291956677595
16.90,549.2417,-4.2895,486.01750248202,,,,,,,,,218339.345759242,449.241734390666,6.10756112680919,12.2938057633987
16.92,549.1634,-3.4949,396.046737426308,,,,,,,,,177889.68385629,449.163361406026,6.10738665543719,12.0889188835312
16.94,549.1019,-3.2939,373.322101503772,,,,,,,,,167659.680057363,449.101940072706,6.10724989999687,12.0296914899076
16.96,549.0316,-3.3631,381.229912151284,,,,,,,,,171184.279830474,449.031606319869,6.10709327795939,12.0504959150536
16.98,548.9674,-3.0023,340.373252838471,,,,,,,,,152816.499525191,448.967415185565,6.10695031313899,11.9369931310708
17.00,548.9115,-2.5919,293.883571116341,,,,,,,,,131927.719355903,448.911515722927,6.10682579866207,11.7900094709544
17.02,548.8637,-2.2655,256.904392754767,,,,,,,,,115315.066554964,448.863740002454,6.10671936730252,11.6554233703565
17.04,548.8209,-2.2340,253.350535610929,,,,,,,,,113709.014285005,448.820895565928,6.10662391187227,11.6413979579065
17.06,548.7744,-1.8360,208.242974299038,,,,,,,,,93454.1120883574,448.774381959013,6.1065202713828,11.4452258150013
17.08,548.7475,-1.4389,163.214268321057,,,,,,,,,73241.9874968277,448.747454804346,6.10646026804121,11.2015241351874
17.10,548.7168,-1.5150,171.851908519521,,,,,,,,,77112.8427374541,448.71682486258,6.10639200918686,11.25302511815
17.12,548.6869,-1.7998,204.171684722675,,,,,,,,,91609.151262144,448.686855802635,6.1063252185984,11.4252864502806
17.14,548.6448,-2.0466,232.190441737302,,,,,,,,,104171.042180437,448.644833960455,6.106231559046,11.5537894635405
17.16,548.6050,-2.2914,259.989961045661,,,,,,,,,116632.794696302,448.604993159018,6.10614275256143,11.6667857714687
17.18,548.5532,-2.6387,299.426050039611,,,,,,,,,134308.506401784,448.553178268945,6.10602724363161,11.8078947193125
17.20,548.4994,-2.6133,296.579640641232,,,,,,,,,133015.804830407,448.499447038289,6.10590744858458,11.7982232334551
17.22,548.4486,-2.5212,286.163359230638,,,,,,,,,128329.571558593,448.448648015638,6.10579417776548,11.7623570116417
17.24,548.3986,-2.6170,297.07000920841,,,,,,,,,133205.776068766,448.398599453757,6.10568256776261,11.7996504000279
17.26,548.3440,-2.7788,315.475977396313,,,,,,,,,141441.751663996,448.343968473744,6.10556072458925,11.859643262297
17.28,548.2874,-2.9752,337.822096213438,,,,,,,,,151441.405282738,448.287447683872,6.10543465095648,11.9279540653088
17.30,548.2250,-2.9037,329.746993416861,,,,,,,,,147800.832437256,448.22495849237,6.10529524587704,11.9036209196675
17.32,548.1713,-2.9646,336.696001296824,,,,,,,,,150897.484148339,448.171298640732,6.10517552237022,11.9243559723064
17.34,548.1064,-3.1092,353.178580202404,,,,,,,,,158261.573637854,448.106375950532,6.10503065054722,11.9720044724845
17.36,548.0469,-2.8971,329.126590189673,,,,,,,,,147464.158000277,448.046929041178,6.1048979792529,11.9013404286253
17.38,547.9905,-2.9788,338.453684159863,,,,,,,,,151624.032310822,447.990491482449,6.10477200782021,11.9291592641045
17.40,547.9278,-2.8913,328.551878096464,,,,,,,,,147167.51190611,447.927775542652,6.10463200411182,11.8993267537579
17.42,547.8748,-2.6638,302.732436076653,,,,,,,,,135586.24141097,447.874840133215,6.10451381867996,11.8173631848197
17.44,547.8212,-2.6824,304.884839174634,,,,,,,,,136533.902259441,447.82122531595,6.10439410213905,11.8243282309699
17.46,547.7675,-2.8136,319.841892701857,,,,,,,,,143214.819143644,447.767545188781,6.10427422540768,11.8721010137944
17.48,547.7087,-2.9931,340.28650972232,,,,,,,,,152349.224152158,447.708680183878,6.10414275345271,11.933930691865
17.50,547.6478,-2.8403,322.962355132742,,,,,,,,,144573.394798386,447.647821799429,6.10400681121203,11.8815425800658
17.52,547.5951,-2.6837,305.188337352194,,,,,,,,,136600.794432142,447.595067417343,6.10388895630856,11.824818041857
17.54,547.5405,-2.8735,326.813074649725,,,,,,,,,146262.078432221,447.54047428789,6.10376697896104,11.8931553492547
17.56,547.4801,-2.8549,324.739228186404,,,,,,,,,145314.351266074,447.480127601528,6.10363212913451,11.8866546145782
17.58,547.4263,-2.4476,278.441835191034,,,,,,,,,124582.194304818,447.426279241924,6.10351178501974,11.7327209722733
17.60,547.3822,-2.5249,287.269657588239,,,,,,,,,128519.338554439,447.382224887299,6.10341331846638,11.7638346665813
17.62,547.3253,-2.7617,314.246633058017,,,,,,,,,140570.463916561,447.325282529307,6.10328603137513,11.8534641645733
17.64,547.2718,-2.4660,280.637718722027,,,,,,,,,125521.325762686,447.27175781747,6.10316636920437,11.740230949514
17.66,547.2266,-2.1631,246.187372405057,,,,,,,,,110101.551814318,447.226641800154,6.10306549475367,11.6091584172011
17.68,547.1852,-2.1312,242.583818584663,,,,,,,,,108479.901846392,447.185234692528,6.10297290406085,11.5943201983655
17.70,547.1414,-2.3932,272.432693176517,,,,,,,,,121815.933938274,447.141393046195,6.10287486013594,11.710266446213
17.72,547.0895,-2.3508,267.637856288745,,,,,,,,,119658.076912077,447.089505839497,6.10275881134626,11.6923935955469
17.74,547.0474,-2.2262,253.475191652032,,,,,,,,,113315.415238729,447.047359941589,6.10266453965352,11.6379304945902
17.76,547.0005,-3.0748,350.133403080035,,,,,,,,,156509.791224583,447.000457105224,6.10255961721981,11.9608738507407
17.78,546.9244,-3.5059,399.29320742295,,,,,,,,,178453.863965873,446.924366977388,6.10238937890453,12.0920853816168
17.80,546.8602,-3.1439,358.11564877019,,,,,,,,,160027.637389777,446.860219427246,6.10224583749371,11.9831018129853
17.82,546.7986,-3.2383,368.91116002567,,,,,,,,,164828.993335701,446.798609519515,6.10210795510317,12.0126638114186
17.84,546.7307,-3.5826,408.205895670113,,,,,,,,,182358.100957843,446.730688831632,6.10195592721077,12.1137276205741
17.86,546.6553,-3.4281,390.663575602585,,,,,,,,,174491.958006575,446.655303703263,6.10178716448295,12.0696339336404
17.88,546.5936,-3.2378,369.025820266181,,,,,,,,,164804.556506169,446.593564610991,6.1016489295642,12.0125155447778
17.90,546.5258,-3.3038,376.608189641344,,,,,,,,,168165.270270523,446.525792311293,6.101497164183,12.0327025264292
17.92,546.4614,-3.0596,348.822111748042,,,,,,,,,155735.612620264,446.461412207589,6.10135297375454,11.9559150575531
17.94,546.4034,-2.5984,296.280361001098,,,,,,,,,132260.562795575,446.403407734085,6.10122304485088,11.7925292164409
17.96,546.3575,-2.1916,249.919068088229,,,,,,,,,111553.244301179,446.357475460004,6.10112014546318,11.6222572832672
17.98,546.3157,-2.3696,270.244220839773,,,,,,,,,120614.250431476,446.31574379897,6.10102664728229,11.7003527190763
18.00,546.2627,-2.5742,293.60804353048,,,,,,,,,131026.315589889,446.262690947997,6.10090777178862,11.7831534643747
18.02,546.2128,-2.3156,264.141988249431,,,,,,,,,117863.530094468,446.212776982539,6.10079591669052,11.677282709534
18.04,546.1701,-2.5572,291.72935160216,,,,,,,,,130160.904666752,446.170068085082,6.10070019791303,11.7765266922894
18.06,546.1105,-2.7528,314.091377464495,,,,,,,,,140119.458383315,446.11049024787,6.10056665732034,11.8502506119265
18.08,546.0600,-2.8150,321.218442240145,,,,,,,,,143282.684031251,446.059955437215,6.10045337221669,11.8725747693289
18.10,545.9979,-3.0482,347.8784026092,,,,,,,,,155153.034160988,445.997891784286,6.10031422506783,11.952167225992
18.12,545.9380,-2.8248,322.434522745618,,,,,,,,,143785.815451022,445.93802867834,6.10017999321403,11.8760800785903
18.14,545.8849,-2.9985,342.293277555805,,,,,,,,,152623.403127045,445.884897935697,6.10006084233526,11.9357287486362
18.16,545.8181,-3.0870,352.45076363911,,,,,,,,,157128.926203264,445.818089825888,6.09991099847279,11.9648219333497
18.18,545.7614,-2.8451,324.871515650289,,,,,,,,,144815.187622244,445.761418425283,6.09978387262443,11.8832136403275
18.20,545.7043,-2.9862,341.029778060736,,,,,,,,,151998.434092308,445.704287046856,6.0996556985889,11.9316254977511
18.22,545.6420,-2.8648,327.215167217291,,,,,,,,,145820.811962863,445.641970703727,6.09951587336904,11.8901338315994
18.24,545.5897,-2.4730,282.49994755849,,,,,,,,,125879.065187484,445.589693999577,6.09939855997841,11.7430769249312
18.26,545.5430,-2.3221,265.280657401496,,,,,,,,,118193.952898435,445.54304884563,6.0992938726479,11.6800822227337
18.28,545.4968,-2.7572,315.026287576222,,,,,,,,,140343.206645837,445.49681147444,6.09919008970105,11.8518461776676
18.30,545.4328,-3.1927,364.834724183573,,,,,,,,,162509.338270295,445.432760365556,6.09904630480263,11.9984907453795
18.32,545.3691,-3.0338,346.726151341479,,,,,,,,,154421.115278648,445.369103775977,6.09890338505302,11.9474386642085
18.34,545.3114,-3.0620,349.990147485744,,,,,,,,,155854.605637376,445.311408783941,6.09877383244397,11.9566788364905
18.36,545.2466,-3.0108,344.195903378557,,,,,,,,,153252.064555039,445.246625688301,6.0986283436757,11.9398393255187
18.38,545.1910,-2.7831,318.206216737554,,,,,,,,,141662.536166498,445.190975898931,6.09850334942716,11.8612030023416
18.40,545.1353,-2.8561,326.591105202747,,,,,,,,,145377.229727381,445.135300415275,6.09837828183068,11.8870872274669
18.42,545.0767,-3.0568,349.584347526628,,,,,,,,,155591.858759746,445.076731440028,6.09824669750417,11.9549915677621
18.44,545.0130,-3.1651,362.018084553097,,,,,,,,,161102.764289812,445.013028806804,6.09810355995518,11.9897977278621
18.46,544.9501,-2.8420,325.11755882917,,,,,,,,,144661.099772232,444.950129095434,6.09796220643753,11.8821490428369
18.48,544.8993,-2.6684,305.289800828811,,,,,,,,,135823.233070357,444.899347117459,6.09784807032937,11.819109562466
18.50,544.8434,-2.7191,311.125321132631,,,,,,,,,138402.043385496,444.843392629223,6.09772229354961,11.8379180864028
18.52,544.7906,-2.5302,289.550567120939,,,,,,,,,128789.365875446,444.790584097367,6.09760357386646,11.765933526165
18.54,544.7422,-2.6074,298.414961018637,,,,,,,,,132717.721416977,444.742183716077,6.09749475183519,11.7959797563699
18.56,544.6863,-2.6928,308.233147842333,,,,,,,,,137067.054381051,444.686288092425,6.09736906297881,11.8282255331065
18.58,544.6345,-2.7068,309.863679660828,,,,,,,,,137776.072914694,444.634469794917,6.09725252842791,11.8333849861622
18.60,544.5780,-2.5580,292.87469184169,,,,,,,,,130205.649725596,444.578016990207,6.09712555584121,11.7768704004849
18.62,544.5321,-2.4660,282.362612341086,,,,,,,,,125519.258549909,444.532147897417,6.09702237606745,11.740214480362
18.64,544.4794,-2.7971,320.313703273369,,,,,,,,,142372.83555917,444.47937788557,6.0969036599195,11.86620449824
18.66,544.4203,-2.8655,328.194965334737,,,,,,,,,145856.493280881,444.420264436772,6.09677065626854,11.8903784945715
18.68,544.3648,-2.9243,334.965363343613,,,,,,,,,148846.802218,444.364756798185,6.09664574948606,11.9106728829616
18.70,544.3033,-3.0157,345.486890820519,,,,,,,,,153500.963424987,444.303293419985,6.09650742251845,11.941462122374
18.72,544.2441,-3.0916,354.230711093794,,,,,,,,,157364.913472763,444.244128316404,6.09637424987686,11.966322676983
18.74,544.1796,-3.0971,354.912065153784,,,,,,,,,157644.709235752,444.17962845936,6.09622904921858,11.9680991042182
18.76,544.1202,-2.8691,328.825515823774,,,,,,,,,146038.068149675,444.120243478734,6.09609534441327,11.8916226074547
18.78,544.0649,-3.1285,358.602937542608,,,,,,,,,159242.964934304,444.06486468166,6.09597064338724,11.9781863962219
18.80,543.9951,-3.1530,361.460879536273,,,,,,,,,160486.860315268,443.995102654431,6.09581353231381,11.9859673510063
18.82,543.9387,-2.8005,321.096438618758,,,,,,,,,142547.150415999,443.9387463442,6.09568659423082,11.8674281040744
18.84,543.8831,-2.9290,335.872641493358,,,,,,,,,149088.183335662,443.883082208739,6.09556119939653,11.9122932443302
18.86,543.8216,-2.6168,300.115397517272,,,,,,,,,133197.691600631,443.821585638455,6.09542264752763,11.7995897066127
18.88,543.7784,-2.7162,311.54236270429,,,,,,,,,138255.774063245,443.778409020011,6.0953253590672,11.8368606838885
18.90,543.7129,-2.8607,328.167655434705,,,,,,,,,145612.234406381,443.712937563872,6.09517781631873,11.888702438731
18.92,543.6640,-2.6267,301.356901110048,,,,,,,,,133701.202111711,443.663979883064,6.0950674738478,11.8033627541619
18.94,543.6079,-2.7627,316.993588967896,,,,,,,,,140620.850391149,443.60786869223,6.0949409935791,11.8538225431758
18.96,543.5535,-2.8497,327.024226952694,,,,,,,,,145052.731691006,443.553473217105,6.0948183654333,11.8848526221265
18.98,543.4939,-2.8276,324.522752595433,,,,,,,,,143923.854450055,443.493879239579,6.09468400061625,11.8770396501589
19.00,543.4404,-2.6880,308.547511051126,,,,,,,,,136822.422737942,443.440370890794,6.09456334150574,11.8264391796421
19.02,543.3864,-2.6225,301.061138752093,,,,,,,,,133486.401714697,443.386357561798,6.09444152891861,11.8017548918194
19.04,543.3355,-3.0025,344.724100818261,,,,,,,,,152828.421539159,443.335470819693,6.09432675393387,11.9370711432552
19.06,543.2663,-2.8450,326.697497784689,,,,,,,,,144813.977208984,443.266257595961,6.09417062244517,11.8832052819616
19.08,543.2217,-2.5874,297.141996978453,,,,,,,,,131699.771828365,443.221668991863,6.09407002636755,11.7882801552194
19.10,543.1628,-2.7361,314.26376825226,,,,,,,,,139269.999392223,443.162761545043,6.0939371101184,11.8441697696831
19.12,543.1122,-2.7170,312.10690314408,,,,,,,,,138298.383943582,443.112223889959,6.09382306502862,11.8371688324333
19.14,543.0541,-2.6358,302.815129410513,,,,,,,,,134163.478566682,443.054079985555,6.09369183931121,11.8068143246544
19.16,543.0068,-2.6513,304.633195785125,,,,,,,,,134954.574722003,443.006791739119,6.09358510116716,11.8126935172566
19.18,542.9480,-2.9951,344.174211431149,,,,,,,,,152451.287606224,442.94802615309,6.0934524407088,11.9346003984694
19.20,542.8870,-3.0830,354.322067884148,,,,,,,,,156924.63347794,442.886988143368,6.09331463172895,11.9635209275318
19.22,542.8247,-2.7878,320.441537526853,,,,,,,,,141899.43002549,442.824707185781,6.09317399689705,11.8628738464064
19.24,542.7755,-2.5136,288.960846859832,,,,,,,,,127944.77671822,442.775476707689,6.09306281697853,11.7593540179193
19.26,542.7242,-2.6496,304.624206371878,,,,,,,,,134864.49648836,442.724161991647,6.09294691695135,11.8120258236307
19.28,542.6695,-2.9279,336.67043293431,,,,,,,,,149033.730078353,442.669493663057,6.0928234276349,11.9119279356731
19.30,542.6070,-3.0168,346.935813935885,,,,,,,,,153556.235090925,442.607044077906,6.09268234271377,11.9418221313026
19.32,542.5488,-2.8242,324.831085658967,,,,,,,,,143753.614224891,442.548821746127,6.09255078999156,11.8758561007776
19.34,542.4941,-2.8980,333.361009523161,,,,,,,,,147510.271728231,442.494075534597,6.09242707573598,11.9016530911728
19.36,542.4329,-2.9018,333.836789253017,,,,,,,,,147700.379142973,442.432901039646,6.09228881688148,11.9029410354964
19.38,542.3780,-2.4973,287.346224478991,,,,,,,,,127115.649653579,442.378005432514,6.0921647324996,11.7528525782649
19.40,542.3330,-2.5601,294.600969090489,,,,,,,,,130311.732644776,442.333007413664,6.09206300884468,11.7776848023807
19.42,542.2756,-3.1097,357.889742109455,,,,,,,,,158285.900486119,442.275600169925,6.09193321755997,11.9721581735897
19.44,542.2086,-3.1537,363.01216272174,,,,,,,,,160527.107047353,442.208618696896,6.09178175872842,11.9862180985525
19.46,542.1495,-2.8464,327.681454048431,,,,,,,,,144884.174749769,442.149450204636,6.09164794756205,11.8836899073669
19.48,542.0948,-2.7577,317.510628308003,,,,,,,,,140369.785560455,442.094761704443,6.09152425209528,11.8520355448536
19.50,542.0391,-2.9492,339.595840584872,,,,,,,,,150114.653604148,442.039140837566,6.09139843208818,11.9191546384671
19.52,541.9768,-2.9191,336.177296767755,,,,,,,,,148582.563958228,441.976794348712,6.09125737922595,11.9088960689725
19.54,541.9224,-2.6640,306.842649355112,,,,,,,,,135600.633112813,441.922377471984,6.09113425007608,11.8174693234511
19.56,541.8702,-2.8391,327.049502789955,,,,,,,,,144513.439938949,441.870232812315,6.09101624804908,11.8811277921676
19.58,541.8088,-2.9382,338.506357421511,,,,,,,,,149555.091566211,441.808811820878,6.09087723605845,11.915420109391
19.60,541.7527,-2.7432,316.080872867605,,,,,,,,,139629.580647291,441.752705187499,6.09075023497845,11.8467483426179
19.62,541.6991,-2.5176,290.120476111887,,,,,,,,,128145.948589645,441.699084142631,6.0906288451175,11.7609251166974
19.64,541.6520,-2.4457,281.869275819401,,,,,,,,,124488.129940524,441.652001902777,6.09052224596198,11.7319656484984
19.66,541.6013,-2.6403,304.325577191372,,,,,,,,,134390.556922437,441.60125534873,6.09040733768695,11.808505443609
19.68,541.5464,-2.8806,332.06965878283,,,,,,,,,146624.159496705,441.546391302781,6.09028309108735,11.8956278536066
19.70,541.4860,-2.9680,342.191505335225,,,,,,,,,151072.769529661,441.486030992101,6.09014637966147,11.9255169171271
19.72,541.4277,-2.9546,340.68712751147,,,,,,,,,150388.725241569,441.427671013212,6.0900141810585,11.9209787225387
19.74,541.3678,-2.9777,343.402719217507,,,,,,,,,151566.919266847,441.367848257621,6.08987865079271,11.9287825177382
19.76,541.3086,-2.8674,330.719340470598,,,,,,,,,145949.276699924,441.308562396879,6.08974431875412,11.8910144204627
19.78,541.2532,-2.6442,305.01623545304,,,,,,,,,134589.375993109,441.253154256537,6.0896187566787,11.809983762863
19.80,541.2028,-3.0544,352.383536957315,,,,,,,,,155472.601613211,441.20279555524,6.08950462361322,11.9542247996638
19.82,541.1310,-3.2935,380.022834584667,,,,,,,,,167639.844061747,441.130976366101,6.08934182991409,12.0295731718414
19.84,541.0711,-3.0959,357.270405054226,,,,,,,,,157581.63485524,441.071056057168,6.08920598731382,11.9676989195094
19.86,541.0071,-2.9472,340.157201006704,,,,,,,,,150011.754738956,441.00714109533,6.08906106827567,11.9184689349344
19.88,540.9532,-2.6452,305.339020297162,,,,,,,,,134640.208791705,440.953169564342,6.08893867834406,11.810361379604
19.90,540.9013,-2.6529,306.272056767897,,,,,,,,,135035.75848986,440.90133430682,6.0888211186846,11.8132949000493
19.92,540.8471,-2.6277,303.394991332325,,,,,,,,,133750.78750032,440.847051933746,6.08869799427862,11.8037335525938
19.94,540.7962,-2.7561,318.252071476503,,,,,,,,,140284.312172652,440.796226468581,6.0885826971591,11.8514264435354
19.96,540.7368,-2.8333,327.211326126686,,,,,,,,,144214.075986495,440.736809735798,6.08844789396867,11.8790541133998
19.98,540.6829,-2.5287,292.06905401027,,,,,,,,,128709.836574298,440.682896072148,6.08832556027597,11.7653158209223
20.00,540.6357,-2.9016,335.177999625498,,,,,,,,,147691.380195461,440.635663320623,6.08821837371767,11.9028801065961
20.02,540.5668,-2.9720,343.364811892563,,,,,,,,,151275.147753525,440.566833041873,6.0880621547347,11.9268556282114
20.04,540.5168,-2.5709,297.061776587377,,,,,,,,,130860.698469358,440.516783992458,6.08794854678989,11.7818886659409
20.06,540.4640,-2.7323,315.745450088387,,,,,,,,,139074.502783276,440.463996375386,6.08782870849531,11.8427650597674
20.08,540.4075,-2.7027,312.363108336394,,,,,,,,,137567.053298573,440.407492521245,6.08770041769483,11.8318667375744
20.10,540.3559,-2.8511,329.554105551911,,,,,,,,,145121.09129887,440.355889530893,6.08758323982058,11.8853237852964
20.12,540.2934,-2.8983,335.064278772822,,,,,,,,,147526.607054289,440.293449348308,6.08744143495017,11.901763825303
20.14,540.2400,-2.8325,327.490434441342,,,,,,,,,144174.374444725,440.239955987322,6.08731993277722,11.8787787796133
20.16,540.1802,-2.9961,346.458138305073,,,,,,,,,152503.995340255,440.180150151267,6.0871840752798,11.9349460736389
20.18,540.1201,-2.6867,310.716987590725,,,,,,,,,136752.795059093,440.120110971285,6.08704766914038,11.8259301592643
20.20,540.0727,-2.4531,283.737970451014,,,,,,,,,124865.329979343,440.072683190284,6.08693990233892,11.7349910753496
20.22,540.0220,-2.6990,312.210651646199,,,,,,,,,137379.550911332,440.021985755348,6.08682469328976,11.8305028188102
20.24,539.9647,-2.8411,328.69110005781,,,,,,,,,144612.489017689,439.964723694236,6.08669455027606,11.8818129543941
20.26,539.9083,-2.8746,332.610220462171,,,,,,,,,146318.01070447,439.908342266685,6.08656639218187,11.8935376874589
20.28,539.8497,-2.6920,311.5286267633,,,,,,,,,137025.785460761,439.849739924136,6.08643316841543,11.8279244021421
20.30,539.8007,-2.7106,313.717454546495,,,,,,,,,137973.143806714,439.800660776639,6.08632158056755,11.8348143351041
20.32,539.7413,-3.0369,351.527692671377,,,,,,,,,154581.249466557,439.741313954079,6.08618663118627,11.948475123605
20.34,539.6792,-2.8741,332.727653937867,,,,,,,,,146293.423162638,439.679183353833,6.08604533222738,11.8933696315387
20.36,539.6263,-2.5982,300.817398113009,,,,,,,,,132247.254600333,439.626349506059,6.08592516046486,11.7924285903393
20.38,539.5753,-2.7819,322.125359559954,,,,,,,,,141598.337735552,439.575257064472,6.08580893583273,11.8607497210171
20.40,539.5151,-2.7830,322.302094054953,,,,,,,,,141656.628939135,439.515074683265,6.08567201615764,11.8611613021809
20.42,539.4639,-2.6904,311.617336500076,,,,,,,,,136944.581359287,439.463936433631,6.08555565786229,11.8273316073461
20.44,539.4075,-3.0117,348.872636462642,,,,,,,,,153297.238007492,439.40745700733,6.08542713069256,11.9401340477863
20.46,539.3435,-3.2938,381.60749449231,,,,,,,,,167656.760063793,439.343468049136,6.08528149452539,12.0296740735616
20.48,539.2757,-3.0286,350.928984341263,,,,,,,,,154154.57672626,439.275704215845,6.08512724377475,11.9457111229563
20.50,539.2223,-2.7646,320.379880195155,,,,,,,,,140717.99615934,439.222325926408,6.08500572206913,11.8545131393963
20.52,539.1651,-3.0750,356.404326820757,,,,,,,,,156520.349387309,439.165121208043,6.08487547267035,11.9609413085434
20.54,539.0993,-3.2013,371.094259329012,,,,,,,,,162947.238658462,439.099324665092,6.08472563956852,12.0011817381783
20.56,539.0371,-3.0614,354.932650469886,,,,,,,,,155828.590691802,439.037069386274,6.0845838500257,11.9565119045163
20.58,538.9769,-2.9643,343.719455727942,,,,,,,,,150884.889809691,438.976867021219,6.08444671697427,11.924272505943
20.60,538.9185,-2.9766,345.193318447509,,,,,,,,,151511.732418252,438.918496741677,6.08431373921397,11.9284183426377
20.62,538.8578,-2.8117,326.113871368658,,,,,,,,,143117.616716656,438.85780177338,6.08417544664786,11.8714220657009
20.64,538.8060,-2.6745,310.231204033169,,,,,,,,,136131.322402203,438.806027995974,6.08405746576336,11.8213753047193
20.66,538.7508,-2.8154,326.625279835848,,,,,,,,,143307.110404494,438.75082319567,6.08393165100776,11.8727452315978
20.68,538.6934,-2.8658,332.510160830346,,,,,,,,,145870.016426357,438.693410336965,6.08380078717256,11.8904712056898
20.70,538.6362,-2.6842,311.479058402319,,,,,,,,,136625.987903726,438.636191481143,6.08367034849642,11.825002456221
20.72,538.5860,-2.8143,326.615569867439,,,,,,,,,143249.030379226,438.586043027177,6.08355601383401,11.8723398658227
20.74,538.5236,-2.8546,331.341958221086,,,,,,,,,145301.274799475,438.523619464227,6.08341367459018,11.8865646230882
20.76,538.4719,-2.8278,328.265789082823,,,,,,,,,143935.310541454,438.47185825733,6.0832956324605,11.877119245272
20.78,538.4105,-2.9294,340.11338223789,,,,,,,,,149109.280730483,438.410508135165,6.08315570463296,11.9124347438223
20.80,538.3547,-2.9451,341.979536870412,,,,,,,,,149908.330783861,438.354680972232,6.08302835659565,11.9177792581559
20.82,538.2927,-3.0173,350.4129511259,,,,,,,,,153583.439486404,438.292702917886,6.0828869586845,11.9419992780394
20.84,538.2340,-3.0440,353.5624857284,,,,,,,,,154943.098013669,438.233987676773,6.0827529861727,11.9508132189109
20.86,538.1709,-2.8395,329.848352505872,,,,,,,,,144529.963049984,438.17094113699,6.08260911080683,11.8812421217865
20.88,538.1204,-2.7574,320.355261560365,,,,,,,,,140354.178233265,438.120409041006,6.0824937790829,11.851924351445
20.90,538.0606,-2.7532,319.910310655579,,,,,,,,,140140.116719192,438.060644034912,6.08235735749291,11.8503980347998
20.92,538.0103,-2.9091,338.059080408705,,,,,,,,,148073.35252005,438.01028015882,6.08224238078325,11.9054630551002
20.94,537.9443,-2.9220,339.614997982389,,,,,,,,,148732.446051263,437.944280832309,6.0820916895726,11.9099043067048
20.96,537.8934,-2.7322,317.585505845361,,,,,,,,,139068.596630504,437.89339900864,6.08197549949561,11.8427225913202
20.98,537.8350,-2.9594,344.048947030532,,,,,,,,,150636.668659658,437.834994002437,6.08184211337554,11.9226260485064
21.00,537.7750,-2.8546,331.902071827477,,,,,,,,,145298.436606347,437.775021428229,6.08170512870601,11.8865450897369
21.02,537.7208,-2.7076,314.85210190681,,,,,,,,,137817.317537473,437.720811462979,6.08158129038883,11.8336843012003
21.04,537.6667,-2.7126,315.473734678111,,,,,,,,,138072.354044638,437.666717913992,6.08145770272682,11.835533131411
21.06,537.6123,-2.5535,297.005703242826,,,,,,,,,129973.351145283,437.612307528719,6.0813333757779,11.775084717234
21.08,537.5646,-2.6749,311.162808348794,,,,,,,,,136153.82310116,437.564578567952,6.08122430305998,11.8215405777749
21.10,537.5053,-2.6762,311.357254074741,,,,,,,,,136220.452359791,437.505311268872,6.08108884576712,11.8220298255928
21.12,537.4575,-2.8992,337.34240141255,,,,,,,,,147572.97366853,437.457529947611,6.08097962668018,11.9020780691559
21.14,537.3893,-3.2028,372.714597907645,,,,,,,,,163021.392467311,437.389341288173,6.08082373960596,12.0016367133081
21.16,537.3294,-2.7950,325.311629031385,,,,,,,,,142268.345995467,437.329419852192,6.08068673228718,11.8654703137638
21.18,537.2775,-2.6542,308.958510719081,,,,,,,,,135100.617510915,437.277539940481,6.08056809634176,11.813775094707
21.20,537.2233,-2.7305,317.873518853577,,,,,,,,,138981.693400151,437.22325125224,6.08044393707545,11.8420975012822
21.22,537.1683,-2.9179,339.738275450156,,,,,,,,,148522.811595021,437.168321403371,6.0803182957709,11.908493838862
21.24,537.1065,-2.9114,339.033387272133,,,,,,,,,148193.709106592,437.106534842956,6.0801769522104,11.9062755422697
21.26,537.0519,-2.8566,332.685412766006,,,,,,,,,145400.779648153,437.05186361874,6.0800518691033,11.887249206159
21.28,536.9923,-3.1194,363.349449423299,,,,,,,,,158780.901388885,436.992271877386,6.07991551044811,11.9752805522304
21.30,536.9271,-2.8145,327.878701125723,,,,,,,,,143259.085413612,436.92708590632,6.07976632970138,11.8724100560465
21.32,536.8797,-2.6747,311.621411762551,,,,,,,,,136141.06637857,436.879691958738,6.07965785275012,11.8214468799268
21.34,536.8201,-3.0929,360.401368547278,,,,,,,,,157430.561730503,436.820099671323,6.07952143910306,11.966739762131
21.36,536.7560,-2.9487,343.646258797173,,,,,,,,,150089.556956454,436.755975408536,6.07937463045128,11.9189874412935
21.38,536.7022,-2.9293,341.427542504246,,,,,,,,,149102.142576565,436.702152037751,6.07925138843392,11.9123868707137
21.40,536.6388,-3.0128,351.214238127586,,,,,,,,,153353.764790007,436.638803732945,6.07910631724609,11.9405027195508
21.42,536.5816,-3.0177,351.824801602052,,,,,,,,,153600.248605819,436.581639231777,6.07897538925028,11.9421087182219
21.44,536.5181,-2.9987,349.669331832024,,,,,,,,,152636.991390324,436.518097228066,6.07882983427833,11.9358177759947
21.46,536.4617,-2.6834,312.944259390555,,,,,,,,,136588.180235833,436.46168970101,6.07870060441991,11.8247256940868
21.48,536.4108,-2.8199,328.896533978581,,,,,,,,,143533.986233061,436.410759629373,6.07858390908434,11.8743271240012
21.50,536.3489,-2.7132,316.501180651935,,,,,,,,,138104.940048674,436.348893752001,6.07844213837522,11.8357691102904
21.52,536.3022,-2.3083,269.287900926867,,,,,,,,,117490.911709962,436.302230087454,6.07833519147899,11.6741162624256
21.54,536.2566,-2.5938,302.631685601502,,,,,,,,,132025.059230469,436.256563710636,6.07823051915849,11.7907470262057
21.56,536.1985,-2.5596,298.68574302883,,,,,,,,,130286.266631924,436.198478409962,6.07809736547617,11.7774893594916
21.58,536.1542,-2.5077,292.652920421584,,,,,,,,,127641.794080534,436.154178460471,6.07799580116229,11.7569831360795
21.60,536.0982,-2.8002,326.831550904859,,,,,,,,,142530.641677406,436.098171314239,6.07786738156829,11.8673122848905
21.62,536.0422,-2.7992,326.761016335369,,,,,,,,,142481.582957167,436.042170988145,6.07773896112159,11.8669680279325
21.64,535.9862,-2.5906,302.444882117992,,,,,,,,,131861.795588314,435.986202394628,6.07761059696441,11.789509649959
21.66,535.9385,-2.5207,294.313572488221,,,,,,,,,128302.631332755,435.938547611119,6.07750128756918,11.7621470596121
21.68,535.8854,-2.5870,302.09993128888,,,,,,,,,131680.942133697,435.885375981029,6.07737930965892,11.7881371706066
21.70,535.8351,-2.8381,331.457210767082,,,,,,,,,144460.675449338,435.835066357486,6.07726388360911,11.8807626072781
21.72,535.7719,-3.0511,356.387195404416,,,,,,,,,155303.508097341,435.77185179481,6.07711883069255,11.9531365980468
21.74,535.7130,-3.1016,362.335295720422,,,,,,,,,157874.206439697,435.713021348913,6.07698381871977,11.9695538331299
21.76,535.6478,-3.1394,366.798734932255,,,,,,,,,159795.057003535,435.647786607137,6.07683408799674,11.9816473794425
21.78,535.5874,-2.7434,320.582001596329,,,,,,,,,139641.495521765,435.587446663957,6.07669557214942,11.8468336709995
21.80,535.5380,-2.4296,283.93679946536,,,,,,,,,123665.279839043,435.538049565606,6.07658216231669,11.725333838619
21.82,535.4903,-2.7331,319.443110673419,,,,,,,,,139114.364761616,435.490264505467,6.0764724412906,11.8430516418939
21.84,535.4287,-2.7837,325.410575706786,,,,,,,,,141693.112657148,435.428726768923,6.07633112450394,11.8614188193962
21.86,535.3789,-2.9673,346.909456088476,,,,,,,,,151037.062665795,435.378915203955,6.07621672136225,11.9252805337974
21.88,535.3100,-3.2085,375.168950847974,,,,,,,,,163314.808951793,435.310034539535,6.0760585003016,12.0034349604059
21.90,535.2506,-2.7914,326.437222700527,,,,,,,,,142081.988727622,435.250574527671,6.07592189864208,11.8641595553664
21.92,535.1984,-2.6153,305.87741014771,,,,,,,,,133117.353264885,435.198379640398,6.07580197228204,11.7989863735323
21.94,535.1460,-2.5881,302.732646690061,,,,,,,,,131732.889521317,435.145964472692,6.07568152531614,11.7885315871637
21.96,535.0949,-2.8353,331.687943538126,,,,,,,,,144315.718549415,435.094857563995,6.07556407068183,11.8797586684859
21.98,535.0326,-3.0957,362.2113793183,,,,,,,,,157573.741505369,435.032554200617,6.07542086553132,11.9676488277105
22.00,534.9710,-3.2019,374.689219120722,,,,,,,,,162978.955007379,434.971028496201,6.07527942771257,12.0013763610693
22.02,534.9045,-2.9962,350.668809289598,,,,,,,,,152507.435263722,434.904477454607,6.07512641491644,11.9349686296688
22.04,534.8512,-2.5580,299.41871658735,,,,,,,,,130202.582454715,434.851180776904,6.07500385939809,11.7768468430815
22.06,534.8022,-2.4337,284.898433897951,,,,,,,,,123874.453860395,434.802157967517,6.0748911183615,11.7270238628266
22.08,534.7538,-2.4369,285.309681172073,,,,,,,,,124039.477835165,434.75383423935,6.07477997260746,11.7283551635567
22.10,534.7047,-2.6283,307.748437928556,,,,,,,,,133779.686767605,434.704681746141,6.07466690799919,11.8039495972704
22.12,534.6487,-2.6877,314.747738095666,,,,,,,,,136804.696352851,434.648703690669,6.07453812709953,11.826309613646
22.14,534.5972,-2.9213,342.142567987265,,,,,,,,,148694.193151893,434.597173998611,6.07441956526693,11.9096470809251
22.16,534.5319,-3.2491,380.594764130996,,,,,,,,,165380.54794826,434.531852601468,6.07426925065249,12.0160044485387
22.18,534.4672,-3.0754,360.304320402767,,,,,,,,,156540.412823619,434.467209964705,6.07412047572357,11.9610694845319
22.20,534.4088,-3.0531,357.733702801245,,,,,,,,,155402.681279226,434.408835573333,6.07398610813049,11.9537749708159
22.22,534.3451,-3.1633,370.70506724756,,,,,,,,,161013.924692785,434.345087021049,6.07383934953582,11.9892461290017
22.24,534.2823,-3.0272,354.804499694722,,,,,,,,,154085.315257511,434.282303043191,6.07369479047935,11.9452617231757
22.26,534.2240,-3.0143,353.335725538118,,,,,,,,,153426.851848386,434.223999327333,6.07356052843476,11.9409791972407
22.28,534.1617,-3.0335,355.644580771816,,,,,,,,,154407.267449487,434.161732801872,6.07341712090683,11.9473489844385
22.30,534.1027,-2.9276,343.278476523199,,,,,,,,,149018.099308494,434.102658628012,6.07328104674662,11.9118230494196
22.32,534.0446,-2.6806,314.357171980533,,,,,,,,,136445.041510992,434.044627171546,6.07314735639822,11.8236771862383
22.34,533.9954,-2.4024,281.756694147726,,,,,,,,,122281.118622298,433.995433514652,6.07303401218941,11.7140779240027
22.36,533.9485,-2.5901,303.813087747276,,,,,,,,,131839.243659359,433.94853275389,6.0729259389436,11.7893386083198
22.38,533.8918,-2.8977,339.936415730541,,,,,,,,,147495.632777509,433.891827860023,6.07279525847166,11.9015538460356
22.40,533.8326,-2.8357,332.710817685719,,,,,,,,,144340.806920528,433.832623551404,6.07265879969465,11.8799324970258
22.42,533.7784,-2.6486,310.79368219065,,,,,,,,,134815.585529491,433.778397872292,6.07253379971691,11.8116630904319
22.44,533.7267,-2.9285,343.679033146611,,,,,,,,,149062.765669148,433.72667894337,6.07241456369082,11.91212274233
22.46,533.6613,-3.1853,373.868839548836,,,,,,,,,162132.430964587,433.661257140979,6.07226371584111,11.9961687553538
22.48,533.5993,-3.1432,368.980928767951,,,,,,,,,159989.86041197,433.599267436899,6.07212076063346,11.9828657197827
22.50,533.5355,-3.0490,357.973744481325,,,,,,,,,155194.336814302,433.535529370083,6.07197375219333,11.9524333964669
22.52,533.4773,-3.1053,364.638993520774,,,,,,,,,158062.729383582,433.477308220401,6.07183944933818,11.970747254632
22.54,533.4113,-2.9823,350.245074152061,,,,,,,,,151800.178521957,433.411316031962,6.07168719866441,11.9303203199769
22.56,533.3580,-2.6796,314.731268203231,,,,,,,,,136391.3180554,433.358016297662,6.07156421384623,11.8232833717455
22.58,533.3041,-2.6861,315.532831982038,,,,,,,,,136721.680238269,433.304133137092,6.07143986744279,11.8257026073444
22.60,533.2506,-2.7822,326.870344633373,,,,,,,,,141616.764366759,433.25057378821,6.07131625297617,11.8608798456545
22.62,533.1928,-2.6182,307.644444690567,,,,,,,,,133269.371885165,433.19284383376,6.07118299567774,11.8001277114627
22.64,533.1458,-2.4640,289.548321232976,,,,,,,,,125416.652057316,433.145844269646,6.07107449408407,11.7393966898906
22.66,533.0943,-2.7008,317.420280516174,,,,,,,,,137472.909549643,433.094285362268,6.07095545340314,11.8311821552203
22.68,533.0378,-2.8533,335.387672903357,,,,,,,,,145235.543847247,433.037811407865,6.07082504845753,11.8861121437525
22.70,532.9802,-2.6031,306.011482773219,,,,,,,,,132496.898400473,432.980152246983,6.07069188918513,11.7943145158361
22.72,532.9337,-2.4266,285.298503447839,,,,,,,,,123515.333545687,432.93368893633,6.07058457294074,11.7241205856078
22.74,532.8831,-2.5822,303.625025193243,,,,,,,,,131434.138476514,432.883087923542,6.07046768674912,11.7862611570463
22.76,532.8304,-2.7443,322.721575385448,,,,,,,,,139683.709089701,432.830401632948,6.07034596913401,11.847135924914
22.78,532.7733,-2.7677,325.525045053888,,,,,,,,,140878.553745195,432.773317708547,6.07021407523566,11.8556534772542
22.80,532.7197,-2.7881,327.965104081311,,,,,,,,,141916.9589728,432.719692451229,6.07009015682902,11.8629973695573
22.82,532.6618,-2.8542,335.780690669172,,,,,,,,,145279.475511064,432.661792497773,6.069956343119,11.8864145836349
22.84,532.6055,-2.6272,309.118527218878,,,,,,,,,133726.382696734,432.605524812318,6.06982628461706,11.8035510711982
22.86,532.5567,-2.5277,297.437857328498,,,,,,,,,128658.739162655,432.556703838009,6.06971342491805,11.7649187451552
22.88,532.5044,-2.6165,307.934352659001,,,,,,,,,133182.968148956,432.504418551961,6.06959254262486,11.7994791621632
22.90,532.4520,-2.7369,322.134117833925,,,,,,,,,139307.557125916,432.452042219681,6.06947143518253,11.8444394090208
22.92,532.3949,-2.8691,337.746481201541,,,,,,,,,146039.87080351,432.394943935373,6.06933939267026,11.8916349511041
22.94,532.3373,-2.6449,311.389759148326,,,,,,,,,134625.400563773,432.337277025369,6.06920601748499,11.8102513898583
22.96,532.2891,-2.8688,337.792389525835,,,,,,,,,146023.984533797,432.289148783884,6.06909469023406,11.8915261648271
22.98,532.2225,-3.1399,369.762592328501,,,,,,,,,159819.721053577,432.222524315256,6.06894055820593,11.9818017155482
23.00,532.1636,-2.8708,338.122034219549,,,,,,,,,146124.02023637,432.163554716725,6.06880411547495,11.8922109937827
23.02,532.1077,-3.0858,363.492853300621,,,,,,,,,157068.058258902,432.107692992249,6.0686748465106,11.9644344824948
23.04,532.0401,-3.2168,378.980328006098,,,,,,,,,163734.707541223,432.040123039285,6.06851846133702,12.0060027600752
23.06,531.9790,-3.0636,360.988540712771,,,,,,,,,155939.476892809,431.979022339343,6.0683770276654,11.9572232423165
23.08,531.9176,-2.8640,337.513430101831,,,,,,,,,145777.983358348,431.917578255672,6.06823477896634,11.8898400813815
23.10,531.8645,-2.9307,345.4182114722,,,,,,,,,149173.850390195,431.864462948853,6.06811179584247,11.9128676859097
23.12,531.8004,-3.1588,372.361460888229,,,,,,,,,160785.809223175,431.800350228612,6.06796332917026,11.987828380733
23.14,531.7381,-2.6981,318.091614333603,,,,,,,,,137332.272278366,431.738109682881,6.06781917682794,11.8301586135053
23.16,531.6924,-2.4227,285.656117509025,,,,,,,,,123315.582908074,431.692427886401,6.06771336218615,11.7225020632275
23.18,531.6412,-2.6434,311.71554670655,,,,,,,,,134549.273366351,431.641202333153,6.0675946929915,11.8096857556674
23.20,531.5867,-2.6617,313.916105677524,,,,,,,,,135482.013790473,431.586692559346,6.06746840009897,11.8165941709375
23.22,531.5347,-2.7270,321.650018396059,,,,,,,,,138803.155133999,431.534734013557,6.06734800325965,11.8408120583094
23.24,531.4776,-2.6646,314.337767576258,,,,,,,,,135629.71004644,431.477614326241,6.06721563044365,11.8176837311269
23.26,531.4281,-2.6624,314.107544248311,,,,,,,,,135514.836598961,431.428149627099,6.06710098362759,11.816836408503
23.28,531.3711,-2.7232,321.334281616167,,,,,,,,,138614.329023572,431.371120212895,6.0669687873769,11.8394507444026
23.30,531.3192,-2.6917,317.648858347563,,,,,,,,,137008.057747332,431.319219782685,6.06684846510628,11.8277950187546
23.32,531.2635,-2.9114,343.619154618604,,,,,,,,,148190.383018917,431.263452654144,6.06671916241936,11.9062530978284
23.34,531.2028,-3.0686,362.224896619392,,,,,,,,,156192.376833525,431.202764611855,6.06657843101175,11.9588437113141
23.36,531.1407,-3.0340,358.188199699316,,,,,,,,,154429.514420191,431.140709129524,6.06643450812179,11.9474930538761
23.38,531.0814,-2.6988,318.664463779017,,,,,,,,,137370.325225053,431.081406429788,6.06629695029589,11.8304356618279
23.40,531.0328,-2.3795,280.998946883841,,,,,,,,,121119.750756693,431.032756883467,6.06618408926555,11.7045350108479
23.42,530.9862,-2.7900,329.504634208265,,,,,,,,,142011.958309077,430.986224671176,6.0660761282732,11.8636665464818
23.44,530.9212,-3.1422,371.151529054749,,,,,,,,,159937.046329131,430.92115701762,6.0659251430164,11.9825355563472
23.46,530.8605,-2.8376,335.226278474632,,,,,,,,,144435.774830796,430.86053840414,6.06578446095295,11.8805902228921
23.48,530.8077,-2.8784,340.088534574089,,,,,,,,,146512.743187854,430.807652399512,6.06566170835453,11.8948676878738
23.50,530.7454,-3.0211,356.995743628345,,,,,,,,,153774.274960052,430.745401603836,6.06551720002624,11.9432410591251
23.52,530.6868,-2.9332,346.655250261062,,,,,,,,,149299.843605285,430.686809136306,6.06538116502107,11.9137119360069
23.54,530.6281,-2.7799,328.57940597464,,,,,,,,,141495.516936641,430.628074565214,6.06524478151652,11.860023313137
23.56,530.5756,-2.6691,315.528456127771,,,,,,,,,135858.859083523,430.57561511507,6.06512295331063,11.8193718249736
23.58,530.5213,-2.9020,343.096896148196,,,,,,,,,147710.525221774,430.521310102359,6.06499682346115,11.9030097267915
23.60,530.4595,-2.8425,336.120179510958,,,,,,,,,144686.13686199,430.459537039707,6.06485332883415,11.8823221019621
23.62,530.4076,-2.5995,307.419214417191,,,,,,,,,132315.568957312,430.407608737657,6.06473268698513,11.792945022373
23.64,530.3556,-2.7933,330.379877950274,,,,,,,,,142180.816418562,430.35555706562,6.06461174391003,11.8648548816147
23.66,530.2959,-2.7258,322.44041678607,,,,,,,,,138744.781655175,430.29587617494,6.06447305619403,11.840391421209
23.68,530.2465,-2.5503,301.716200107067,,,,,,,,,129812.34654333,430.246524705218,6.06435835767429,11.7738451984768
23.70,530.1939,-2.3617,279.433933572035,,,,,,,,,120210.763435588,430.193863354104,6.06423595209708,11.6970018431274
23.72,530.1521,-2.5828,305.631562884867,,,,,,,,,131468.045542429,430.152057272809,6.06413876774291,11.7865191013934
23.74,530.0905,-3.2784,387.997542831296,,,,,,,,,166874.076364067,430.090549404909,6.06399576653017,12.0249947732244
23.76,530.0209,-3.1300,370.487948244879,,,,,,,,,159317.568187209,430.020919552033,6.06383385762524,11.9786547734784
23.78,529.9653,-2.8567,338.182522160577,,,,,,,,,145406.766489018,429.965349953761,6.06370462393786,11.8872903800621
23.80,529.9067,-3.0801,364.685856386088,,,,,,,,,156780.875507559,429.906651881714,6.06356809647328,11.9626044120335
23.82,529.8421,-3.1274,370.3412887402,,,,,,,,,159188.293548412,429.842143958419,6.06341803421387,11.9778430167014
23.84,529.7816,-2.8967,343.067427762135,,,,,,,,,147444.052237539,429.78155402083,6.06327706569978,11.9012040759428
23.86,529.7263,-2.7479,325.486106104526,,,,,,,,,139869.932035079,429.726275290416,6.06314843689942,11.8484682128583
23.88,529.6716,-3.2120,380.50413566844,,,,,,,,,163491.83503404,429.671637462837,6.06302128316344,12.0045183294427
23.90,529.5978,-3.0679,363.497608034473,,,,,,,,,156157.771080578,429.597795498474,6.06284941166025,11.9586221282393
23.92,529.5489,-2.5001,296.251848039561,,,,,,,,,127254.661709078,429.548921133092,6.06273563745966,11.7539455679978
23.94,529.4978,-2.6913,318.949538581074,,,,,,,,,136988.122780958,429.497792630094,6.06261660201668,11.8276495060225
23.96,529.4413,-2.8746,340.716276410173,,,,,,,,,146317.63019238,429.441269240202,6.06248498990941,11.8935350868728
23.98,529.3828,-2.7575,326.885656956903,,,,,,,,,140359.081657946,429.382809159019,6.06234885008114,11.8519592869139
24.00,529.3310,-2.5770,305.521963258653,,,,,,,,,131170.040318103,429.330968284776,6.06222810932754,11.784249778182
24.02,529.2797,-2.9897,354.498590159042,,,,,,,,,152179.058855001,429.279729396744,6.06210875631172,11.9328131252916
24.04,529.2114,-3.2778,388.717083176604,,,,,,,,,166841.795163199,429.211378619545,6.06194952163426,12.024801308042
24.06,529.1486,-2.6534,314.719258582267,,,,,,,,,135061.334577724,429.148617044097,6.06180328561237,11.8134842844492
24.08,529.1052,-2.6331,312.332342548044,,,,,,,,,134023.445086823,429.105240890022,6.06170220560274,11.8057700269633
24.10,529.0433,-2.9401,348.799977173658,,,,,,,,,149650.291481004,429.043294938339,6.06155783443807,11.9160564610304
24.12,528.9876,-2.6782,317.778855135732,,,,,,,,,136323.200614819,428.987638452508,6.06142810371684,11.822783820476
24.14,528.9362,-2.5133,298.240095464879,,,,,,,,,127925.962968964,428.936165573448,6.06130810965938,11.7592069612507
24.16,528.8871,-2.6528,314.839648669972,,,,,,,,,135030.666415379,428.887108043128,6.06119373288299,11.8132571902564
24.18,528.8301,-2.8833,342.231618246035,,,,,,,,,146759.202629481,428.830051944451,6.06106069112652,11.8965484452947
24.20,528.7718,-2.6686,316.792535737463,,,,,,,,,135831.698666866,428.771777563074,6.06092479034025,11.8191718885682
24.22,528.7233,-2.6453,314.06211901568,,,,,,,,,134645.750841171,428.723308825565,6.06081174307425,11.8104025406766
24.24,528.6660,-2.8815,342.156673928822,,,,,,,,,146670.92129653,428.665966419353,6.06067798258073,11.8959467256456
24.26,528.6080,-2.7591,327.665225696245,,,,,,,,,140439.952691811,428.608047721252,6.06054285962767,11.8525352934254
24.28,528.5556,-2.8600,339.689850165611,,,,,,,,,145575.98820097,428.555601911556,6.06042048904001,11.8884534849424
24.30,528.4936,-3.0817,366.073708883664,,,,,,,,,156860.25861539,428.493647068327,6.0602759119497,11.9631106154673
24.32,528.4323,-3.0540,362.835618896989,,,,,,,,,155450.510892974,428.432333533128,6.06013281082616,11.9540827020236
24.34,528.3715,-2.6928,319.962022664469,,,,,,,,,137062.607284435,428.371486537847,6.05999077832361,11.8281930879009
24.36,528.3246,-2.5597,304.179736686302,,,,,,,,,130287.671072859,428.324623106712,6.05988137329502,11.7775001390879
24.38,528.2691,-2.6191,311.281913170429,,,,,,,,,133312.424857055,428.269100184004,6.05975173675607,11.8004507115534
24.40,528.2199,-2.4931,296.344179295194,,,,,,,,,126900.462897011,428.219859755041,6.05963675470418,11.7511583014264
24.42,528.1694,-2.8260,335.957926812631,,,,,,,,,143846.895772126,428.169375662183,6.05951885482682,11.8765047891301
24.44,528.1068,-2.8853,343.055559527371,,,,,,,,,146864.423954425,428.106817906581,6.05937273899134,11.8972651541691
24.46,528.0540,-2.6308,312.831330872508,,,,,,,,,133908.690772287,428.053962494122,6.05924926822805,11.8049134345192
24.48,528.0016,-2.7819,330.837096069719,,,,,,,,,141598.801818961,428.001585980313,6.05912690113641,11.8607529984755
24.50,527.9427,-2.9236,347.738624791095,,,,,,,,,148812.201573413,427.942687306629,6.05898927845322,11.9104403978406
24.52,527.8846,-3.1244,371.673992707027,,,,,,,,,159033.593367538,427.884642154386,6.05885363157602,11.9768707379272
24.54,527.8177,-3.2421,385.739202022003,,,,,,,,,165026.062458435,427.81771101663,6.05869719601722,12.0138586947028
24.56,527.7550,-3.2697,389.073843128509,,,,,,,,,166428.264917551,427.754956692324,6.05855050053059,12.0223196542278
24.58,527.6869,-3.0127,358.549494419476,,,,,,,,,153346.930239528,427.686923636052,6.05839144108311,11.9404581513409
24.60,527.6344,-2.7329,325.28799555006,,,,,,,,,139104.352827052,427.634449257271,6.05826874011828,11.8429796702117
24.62,527.5776,-2.8645,341.00359556577,,,,,,,,,145805.50195258,427.577608707231,6.0581358127359,11.890028834145
24.64,527.5199,-2.7797,330.946255631667,,,,,,,,,141486.099602614,427.519868241338,6.0580007627152,11.859956755216
24.66,527.4664,-2.6393,314.273570863058,,,,,,,,,134341.398893208,427.466422086591,6.05787574046532,11.8081395918469
24.68,527.4143,-2.6393,314.313502126001,,,,,,,,,134342.084320004,427.414296272099,6.05775379172221,11.8081446939603
24.70,527.3608,-2.5350,301.932286046586,,,,,,,,,129034.038280111,427.360849578711,6.05762873732933,11.7678315111747
24.72,527.3129,-2.4832,295.796785680378,,,,,,,,,126397.780845488,427.312895083542,6.05751652025113,11.7471892039386
24.74,527.2615,-2.4853,296.083081774837,,,,,,,,,126504.907591681,427.26152008876,6.05739628497628,11.7480363815884
24.76,527.2135,-2.6860,320.02304865015,,,,,,,,,136718.160744701,427.213481408213,6.05728384475155,11.8256768649832
24.78,527.1541,-2.9008,345.659527281923,,,,,,,,,147649.877488631,427.154080345096,6.05714479203965,11.90259905743
24.80,527.0975,-2.8378,338.199959846867,,,,,,,,,144444.340776455,427.097450992773,6.05701220965535,11.8806495273938
24.82,527.0406,-2.8067,334.537685845383,,,,,,,,,142861.163713834,427.040568995453,6.05687901807255,11.8696285545097
24.84,526.9852,-2.5531,304.347203569135,,,,,,,,,129951.74664897,426.985183780243,6.0567493142197,11.7749184809102
24.86,526.9384,-2.5826,307.896905781049,,,,,,,,,131453.026675505,426.938446627272,6.05663984973984,11.7864048551916
24.88,526.8819,-2.8645,341.55693391667,,,,,,,,,145804.466635352,426.881881633601,6.0565073511523,11.8900217334465
24.90,526.8239,-2.8783,343.243353412813,,,,,,,,,146504.455228319,426.823866424941,6.05637143732279,11.8948111180917
24.92,526.7668,-2.8826,343.813122724083,,,,,,,,,146728.00945521,426.766751346376,6.05623761420557,11.8963358760713
24.94,526.7086,-2.7936,333.236841498592,,,,,,,,,142195.012927432,426.708560457992,6.05610125199879,11.8649547249025
24.96,526.6550,-2.5918,309.20749667191,,,,,,,,,131924.92685099,426.655007627356,6.05597574199881,11.7899883037995
24.98,526.6049,-2.7457,327.601941324671,,,,,,,,,139756.589313557,426.604887469366,6.05585826276807,11.8476575406289
25.00,526.5452,-2.9358,350.338400674913,,,,,,,,,149435.156225685,426.545180139556,6.0557182936532,11.9146178401007
25.02,526.4875,-3.0949,369.369408843796,,,,,,,,,157531.418798566,426.487454095542,6.0555829505449,11.9673802017888
25.04,526.4214,-2.8933,345.357508367386,,,,,,,,,147267.826807123,426.421384330992,6.05542802246418,11.9000081590901
25.06,526.3717,-2.6589,317.42385525993,,,,,,,,,135340.556378606,426.371723914007,6.0553115571303,11.8155495207472
25.08,526.3150,-2.8925,345.352471277815,,,,,,,,,147228.948177918,426.315027175472,6.05517857338557,11.8997441247595
25.10,526.2560,-2.7704,330.817609008553,,,,,,,,,141012.998779514,426.256024285179,6.05504016171822,11.8566073550367
25.12,526.2042,-2.8685,342.580314968477,,,,,,,,,146009.173304446,426.204212340342,6.05491860309841,11.8914247295691
25.14,526.1413,-3.0434,363.521748686507,,,,,,,,,154911.624461628,426.141283214447,6.05477094202356,11.950610068532
25.16,526.0825,-2.6583,317.56331513404,,,,,,,,,135308.163374526,426.082475292886,6.05463293150445,11.8153101477011
25.18,526.0350,-2.5517,304.869292135009,,,,,,,,,129884.974093125,426.034951514916,6.05452138871346,11.7744045230899
25.20,525.9804,-2.8629,342.084507001231,,,,,,,,,145721.296972694,425.980405397808,6.05439334849273,11.8894511515269
25.22,525.9204,-3.1162,372.406393458918,,,,,,,,,158615.493721217,425.92043667133,6.05425256044883,11.9742382739614
25.24,525.8558,-3.1654,378.34971775929,,,,,,,,,161122.405720891,425.855757670734,6.0541006919154,11.9899196390778
25.26,525.7938,-2.6397,315.560701746201,,,,,,,,,134363.796288612,425.793818891549,6.05395523589452,11.8083062979312
25.28,525.7502,-2.5231,301.653244341717,,,,,,,,,128428.919486559,425.750168100538,6.05385271437663,11.7631308745237
25.30,525.6929,-2.4993,298.847482176747,,,,,,,,,127217.249323698,425.692893234609,6.05371817839034,11.7536515285849
25.32,525.6502,-2.4809,296.671932223942,,,,,,,,,126278.465693157,425.650194632621,6.05361786958973,11.7462447925598
25.34,525.5937,-2.8605,342.116762708276,,,,,,,,,145602.724335906,425.593657508277,6.05348503544524,11.8886371256679
25.36,525.5358,-2.9380,351.425781726886,,,,,,,,,149544.241668437,425.535772969147,6.05334901726247,11.9153475589265
25.38,525.4761,-2.7718,331.598677255845,,,,,,,,,141087.324700626,425.476138409835,6.05320886749814,11.8571343017762
25.40,525.4249,-2.6831,321.018188645556,,,,,,,,,136569.130714473,425.424899725113,6.05308843355227,11.8245862175242
25.42,525.3688,-2.5977,310.845471745541,,,,,,,,,132223.970207342,425.368815781177,6.05295659444017,11.7922525077196
25.44,525.3210,-2.7103,324.354084634209,,,,,,,,,137954.600949516,425.320991733754,6.05284415851569,11.8346799313873
25.46,525.2604,-3.0542,365.560195095559,,,,,,,,,155458.276392664,425.260404382995,6.05270169748577,11.9541326555792
25.48,525.1988,-3.1437,376.334959872959,,,,,,,,,160017.182782327,425.198825100769,6.05255688329551,11.9830364808394
25.50,525.1347,-2.9554,353.8402390364,,,,,,,,,150429.747997699,425.134655140858,6.05240595436816,11.9212514634774
25.52,525.0806,-3.0830,369.171370027422,,,,,,,,,156927.591213276,425.080610128622,6.05227882183004,11.9635397754807
25.54,525.0113,-3.2510,389.34749865365,,,,,,,,,165477.099733644,425.011333849217,6.05211583644935,12.0165880940358
25.56,524.9506,-2.9701,355.763118732517,,,,,,,,,151181.740168505,424.950570219653,6.0519728567949,11.9262379693534
25.58,524.8925,-2.9122,348.867312935849,,,,,,,,,148231.114503802,424.892527925249,6.05183626147602,11.9065279192262
25.60,524.8341,-2.9287,350.897950027602,,,,,,,,,149073.408840611,424.834083040053,6.05169869985436,11.9121941403849
25.62,524.7754,-2.9282,350.888409167923,,,,,,,,,149048.756931367,424.775378830018,6.05156050880832,11.9120287591276
25.64,524.7170,-2.8761,344.686980364975,,,,,,,,,146394.404148816,424.716953317484,6.05142295485895,11.8940596567516
25.66,524.6603,-2.7203,326.058523475985,,,,,,,,,138464.121817477,424.660335026254,6.05128963768155,11.8383665228015
25.68,524.6081,-2.9019,347.865517530805,,,,,,,,,147706.530895268,424.608141513158,6.05116672363351,11.9029826848423
25.70,524.5443,-2.8774,344.987298525571,,,,,,,,,146462.377392927,424.544260089827,6.0510162643677,11.8945238648534
25.72,524.4930,-2.5543,306.284220935073,,,,,,,,,130015.521363557,424.493044292731,6.05089561996988,11.775409117415
25.74,524.4421,-2.7312,327.532904010607,,,,,,,,,139018.74953739,424.44208760439,6.05077557148446,11.8423640917744
25.76,524.3838,-2.6387,316.486500154541,,,,,,,,,134311.742519344,424.383796635116,6.05063822654612,11.8079188136805
25.78,524.3365,-2.6201,314.2877449965,,,,,,,,,133363.77394325,424.336538940564,6.05052686431614,11.8008358159389
25.80,524.2790,-2.8924,346.996177233391,,,,,,,,,147223.188627438,424.27899293085,6.05039124103883,11.8997050043065
25.82,524.2208,-2.9217,350.563445821724,,,,,,,,,148716.320805203,424.220843837869,6.05025417774064,11.9097958830172
25.84,524.1621,-3.0986,371.838139056962,,,,,,,,,157719.655014927,424.162124452668,6.05011575113971,11.9685744006631
25.86,524.0969,-2.8247,339.024284996081,,,,,,,,,143779.148326875,424.096900104182,6.04996196710269,11.8760337090739
25.88,524.0491,-2.5537,306.537363520502,,,,,,,,,129986.904104592,424.049135843428,6.04984933494082,11.7751889867064
25.90,523.9948,-2.8840,346.226825792389,,,,,,,,,146798.356482382,423.994750107571,6.04972107333354,11.8968151994758
25.92,523.9338,-2.9443,353.512697925707,,,,,,,,,149865.972398689,423.933774594382,6.04957725103834,11.9174966563118
25.94,523.8770,-3.1965,383.846158260443,,,,,,,,,162703.549648502,423.87697817756,6.04944326732388,11.9996851101081
25.96,523.8059,-3.4066,409.145126717446,,,,,,,,,173398.12449974,423.805914275224,6.04927560108185,12.0633455272363
25.98,523.7407,-3.0783,369.769865862778,,,,,,,,,156686.546807835,423.740713544196,6.04912174351457,11.9620025714858
26.00,523.6828,-2.8872,346.858511009415,,,,,,,,,146957.979046343,423.682782407936,6.0489850205263,11.8979019680684
26.02,523.6252,-2.7881,334.996420821229,,,,,,,,,141912.934766347,423.625226856018,6.04884916543848,11.8629690130907
26.04,523.5713,-3.1664,380.509758232195,,,,,,,,,161172.997873529,423.571260359578,6.04872176524896,11.9902335880358
26.06,523.4986,-3.3292,400.142388566337,,,,,,,,,169459.729081522,423.498569318477,6.04855013585376,12.0403705910348
26.08,523.4381,-2.8522,342.857932931445,,,,,,,,,145179.108504525,423.438090707831,6.04840731853671,11.8857234901982
26.10,523.3845,-2.7398,329.386705011699,,,,,,,,,139457.219002381,423.384480552813,6.04828070368985,11.8455131593915
26.12,523.3285,-2.4400,293.380865761054,,,,,,,,,124196.481385302,423.328498479702,6.04814846980522,11.7296201178491
26.14,523.2869,-2.3289,280.047384656254,,,,,,,,,118540.383969478,423.286880950454,6.04805015472545,11.683008974492
26.16,523.2353,-2.7978,336.480408508119,,,,,,,,,142410.40134738,423.235343712273,6.04792839244504,11.8664683184623
26.18,523.1750,-2.7136,326.398623785146,,,,,,,,,138123.727165338,423.174967968795,6.04778572938258,11.8359051361191
26.20,523.1268,-2.6713,321.351334852035,,,,,,,,,135972.361800957,423.126799406529,6.04767189631695,11.820206922014
26.22,523.0681,-2.6150,314.616390506151,,,,,,,,,133104.16306246,423.068114310014,6.04753319282049,11.7988872815985
26.24,523.0222,-2.3910,287.69398148988,,,,,,,,,121700.940895205,423.02219971705,6.04742465926976,11.7093220102128
26.26,522.9725,-2.5489,306.734190694228,,,,,,,,,129740.120057833,422.972475824079,6.04730710795539,11.7732886521392
26.28,522.9202,-3.0524,367.371148969187,,,,,,,,,155368.695833969,422.92024365528,6.04718361199033,11.9535562541136
26.30,522.8504,-3.2196,387.556756547444,,,,,,,,,163878.521617915,422.85037958783,6.04701840391692,12.0068807104944
26.32,522.7915,-2.8895,347.866351857152,,,,,,,,,147074.922781799,422.791459986316,6.04687905508422,11.8986974147065
26.34,522.7348,-2.7515,331.297384904484,,,,,,,,,140050.934079288,422.734800999609,6.04674503444074,11.8497614502789
26.36,522.6814,-3.1467,378.938967970139,,,,,,,,,160170.453946414,422.681401188162,6.04661870657671,11.9839938643121
26.38,522.6089,-3.4753,418.573787673945,,,,,,,,,176893.021083088,422.608931309577,6.04644723915072,12.0833004281717
26.40,522.5424,-3.0745,370.363504359317,,,,,,,,,156494.280336322,422.542390096017,6.04628977335256,11.9607747409227
26.42,522.4860,-2.9193,351.716724142279,,,,,,,,,148595.374518161,422.485950534583,6.04615619307175,11.9089822837165
26.44,522.4256,-3.1257,376.636252879553,,,,,,,,,159100.801380391,422.425616663278,6.04601337606284,11.9772932512735
26.46,522.3609,-2.7867,335.834285058077,,,,,,,,,141843.278084672,422.360921429276,6.04586021255653,11.8624780516251
26.48,522.3141,-2.9322,353.404931890566,,,,,,,,,149247.903189053,422.31414935451,6.04574946683565,11.9133639821716
26.50,522.2436,-3.2954,397.246447248347,,,,,,,,,167734.783959583,422.243635207945,6.04558248205848,12.0301393440706
26.52,522.1823,-2.9322,353.517045336726,,,,,,,,,149248.651750258,422.182335248074,6.04543729476647,11.9133689977149
26.54,522.1263,-2.7383,330.184101959988,,,,,,,,,139379.409259561,422.126348398359,6.04530467301122,11.8449550566392
26.56,522.0728,-2.7772,334.917993792437,,,,,,,,,141359.776805827,422.072804166604,6.04517782087766,11.8590635280862
26.58,522.0153,-2.7824,335.588879364331,,,,,,,,,141623.628529839,422.015261048283,6.04504147700365,11.8609283144694
26.60,521.9615,-2.9065,350.60086311496,,,,,,,,,147940.069421151,421.961509469081,6.04491410008724,11.9045625343938
26.62,521.8990,-2.9407,354.781216172982,,,,,,,,,149681.841239624,421.899002585986,6.04476595502697,11.9162672620456
26.64,521.8439,-2.7560,332.544059314311,,,,,,,,,140281.676996413,421.843882238241,6.04463529828588,11.8514076588192
26.66,521.7888,-2.4641,297.359776791073,,,,,,,,,125423.012257757,421.788762458886,6.04450462581895,11.7394474011723
26.68,521.7453,-2.2744,274.497769130381,,,,,,,,,115768.149143161,421.745318768595,6.04440162182351,11.6593447557105
26.70,521.6978,-2.3873,288.158233193658,,,,,,,,,121515.689026807,421.697786247674,6.04428891114821,11.7077986612191
26.72,521.6498,-2.4756,298.852429114521,,,,,,,,,126011.074694734,421.649825862539,6.04417517303003,11.7441250764738
26.74,521.5988,-2.3208,280.190076183009,,,,,,,,,118127.78886522,421.598760650122,6.0440540575884,11.6795222739584
26.76,521.5570,-2.4973,301.538048794746,,,,,,,,,127115.473828277,421.556995332299,6.04395498854318,11.7528511950723
26.78,521.4989,-2.7441,331.378050549417,,,,,,,,,139675.472909034,421.498867162311,6.0438170898044,11.8470769601031
26.80,521.4472,-2.5161,303.888048763727,,,,,,,,,128072.776864667,421.447231589694,6.04369457764672,11.7603539505827
26.82,521.3982,-2.6728,322.849829533199,,,,,,,,,136048.343937955,421.39822137947,6.04357828061953,11.8207655716857
26.84,521.3403,-2.7717,334.835612176865,,,,,,,,,141079.743386148,421.340318220475,6.0434408639562,11.857080565424
26.86,521.2874,-2.8951,349.794134110487,,,,,,,,,147363.845236729,421.2873540932,6.04331515214045,11.9006599453176
26.88,521.2245,-3.1348,378.80486613502,,,,,,,,,159561.895101798,421.224512583013,6.04316597558214,11.9801871829969
26.90,521.1620,-2.9251,353.524039956747,,,,,,,,,148890.87850795,421.161962638145,6.04301746905498,11.9109689576147
26.92,521.1075,-2.9321,354.413712915981,,,,,,,,,149246.27506748,421.107506928946,6.0428881619597,11.9133530732716
26.94,521.0447,-3.1130,376.329496649105,,,,,,,,,158451.531624222,421.04467769627,6.04273895084575,11.973204031366
26.96,520.9830,-2.8330,342.536839981491,,,,,,,,,144202.18241303,420.982988051218,6.04259242443653,11.8789716383442
26.98,520.9314,-2.9247,353.66784581296,,,,,,,,,148869.886140253,420.931356646383,6.04246977204267,11.9108279560441
27.00,520.8660,-2.7593,333.714174871789,,,,,,,,,140448.949552492,420.865998893969,6.04231449060323,11.8525993533481
27.02,520.8210,-2.6909,325.480247604366,,,,,,,,,136968.918417182,420.820985068418,6.04220752963923,11.8275093062034
27.04,520.7584,-2.9688,359.146567765705,,,,,,,,,151113.921604348,420.758362092797,6.04205870712844,11.9257892790554
27.06,520.7022,-2.6796,324.203428833304,,,,,,,,,136393.106274731,420.702232439559,6.04192529707053,11.8232964826064
27.08,520.6512,-2.6798,324.262896737822,,,,,,,,,136401.569427224,420.651177792658,6.0418039339279,11.82335853039
27.10,520.5950,-2.5785,312.055959442667,,,,,,,,,131249.189208574,420.595041488665,6.04167047406136,11.7848530029763
27.12,520.5480,-2.2641,274.029660218221,,,,,,,,,115242.635364307,420.548035831357,6.04155870792163,11.6547950574228
27.14,520.5045,-2.4702,299.004746640374,,,,,,,,,125732.834980762,420.5044782516,6.04145512918174,11.7419145774978
27.16,520.4492,-2.6993,326.782372005376,,,,,,,,,137395.396323861,420.449228888029,6.04132373226136,11.8306181525603
27.18,520.3965,-3.0127,364.768302591251,,,,,,,,,153347.320019605,420.39650630346,6.04119832855785,11.9404606931563
27.20,520.3287,-3.0551,369.96729879061,,,,,,,,,155507.881566744,420.328721146668,6.04103707454827,11.9544516946337
27.22,520.2743,-2.7889,337.771693262751,,,,,,,,,141956.762178316,420.27430068833,6.04090759497944,11.8632777985144
27.24,520.2172,-2.9318,355.129360497304,,,,,,,,,149231.452954492,420.21716465661,6.04077163635484,11.9132537552213
27.26,520.1570,-2.6691,323.346932563145,,,,,,,,,135856.486002825,420.157027394389,6.04062851615221,11.8193543575707
27.28,520.1104,-2.7520,333.436946648322,,,,,,,,,140080.329717631,420.110402058636,6.04051753877961,11.8499713207379
27.30,520.0469,-3.2794,397.39479792386,,,,,,,,,166924.471023806,420.04694549572,6.04036648002086,12.0252967197758
27.32,519.9792,-3.2697,396.283376385959,,,,,,,,,166430.785190062,419.979224735299,6.04020524513803,12.0223347974093
27.34,519.9162,-2.9956,363.11475741935,,,,,,,,,152477.753171277,419.91615613459,6.04005506309807,11.9347739835439
27.36,519.8594,-2.8490,345.385749426569,,,,,,,,,145013.453640783,419.859400341627,6.03991989414105,11.8845818008281
27.38,519.8022,-3.1353,380.14982811151,,,,,,,,,159587.733238909,419.802197548532,6.03978364212398,11.9803491016387
27.40,519.7340,-3.0033,364.202745273167,,,,,,,,,152868.270925916,419.733988581714,6.03962115010018,11.9373318551829
27.42,519.6821,-2.9064,352.499211107056,,,,,,,,,147937.597274939,419.682066267119,6.03949743954125,11.9045458237969
27.44,519.6177,-3.2928,399.427698468005,,,,,,,,,167606.944953948,419.617732062149,6.03934413507192,12.0293769038443
27.46,519.5504,-2.9952,363.378068769277,,,,,,,,,152455.396887526,419.550352622757,6.03918354879423,11.9346273528231
27.48,519.4979,-2.6319,319.347953922552,,,,,,,,,133965.804099232,419.497925237126,6.03905858009557,11.8053398530764
27.50,519.4451,-2.7946,339.130285072377,,,,,,,,,142246.528133032,419.445075814074,6.03893258959787,11.8653169448931
27.52,519.3861,-2.6391,320.298823612159,,,,,,,,,134328.887612742,419.386141034965,6.03879207317926,11.8080464570188
27.54,519.3395,-2.3875,289.794448863414,,,,,,,,,121522.263252622,419.339513676804,6.03868088698161,11.707852761624
27.56,519.2906,-2.4304,295.045180887298,,,,,,,,,123709.683597241,419.290642962564,6.03856433807406,11.7256928382369
27.58,519.2423,-2.5416,308.575342463426,,,,,,,,,129367.835255809,419.242296623692,6.03844902635131,11.770415061803
27.60,519.1890,-2.4090,292.518434861758,,,,,,,,,122620.504182995,419.188979460198,6.03832184320562,11.7168495330599
27.62,519.1459,-2.4191,293.769142545121,,,,,,,,,123132.142073239,419.145935500447,6.03821915403207,11.7210133834783
27.64,519.0922,-2.8835,350.213013315794,,,,,,,,,146771.547916113,419.092216267151,6.03809098226309,11.8966325610926
27.66,519.0306,-3.0820,374.380211474654,,,,,,,,,156876.762889829,419.030595318869,6.03794393711042,11.9632158263498
27.68,518.9689,-2.8771,349.536019654161,,,,,,,,,146444.733870284,418.968934918866,6.03779677616847,11.8944033930589
27.70,518.9155,-3.0241,367.439095844507,,,,,,,,,153925.936951135,418.915511963576,6.03766925749793,11.9442268368236
27.72,518.8480,-3.1094,377.87509002604,,,,,,,,,158272.215305207,418.847972472332,6.03750801988697,11.9720717112295
27.74,518.7911,-2.6653,323.943403738267,,,,,,,,,135664.625403785,418.791134001286,6.03737230876581,11.8179411294797
27.76,518.7414,-2.5135,305.525227842625,,,,,,,,,127936.049619019,418.741360647697,6.03725345163737,11.7592858057025
27.78,518.6906,-2.8393,345.180748037515,,,,,,,,,144523.933008031,418.690595665328,6.03713221197832,11.8812003991732
27.80,518.6278,-3.0428,369.965928952349,,,,,,,,,154878.018010462,418.627786750629,6.03698218800623,11.9503931054919
27.82,518.5689,-2.9023,352.935618291729,,,,,,,,,147727.868234841,418.568885027446,6.0368414762111,11.9031271320676
27.84,518.5117,-2.5855,314.452104126242,,,,,,,,,131601.883108745,418.511695046288,6.03670483469149,11.7875366071079
27.86,518.4655,-2.5821,314.074436871581,,,,,,,,,131429.305553443,418.465465902219,6.03659436777251,11.786224385687
27.88,518.4084,-2.7816,338.38757282462,,,,,,,,,141584.206830713,418.408411540851,6.03645801661376,11.86064992034
27.90,518.3542,-2.8472,346.419163780119,,,,,,,,,144925.91288454,418.354202184173,6.03632844735274,11.8839779452017
27.92,518.2945,-2.9701,361.417900946295,,,,,,,,,151179.128027696,418.294521748553,6.03618578189707,11.926220691054
27.94,518.2354,-2.9153,354.804120561121,,,,,,,,,148391.642685957,418.235398312952,6.03604442787187,11.9076102919972
27.96,518.1779,-2.8607,348.205819916665,,,,,,,,,145611.981471775,418.177908418142,6.03590696020023,11.8887007016872
27.98,518.1210,-2.6658,324.520765394516,,,,,,,,,135688.937008999,418.120969374774,6.03577079107465,11.8181203171422
28.00,518.0713,-2.5117,305.797936199949,,,,,,,,,127845.33384039,418.071277488273,6.0356519382947,11.7585764829113
28.02,518.0205,-2.6470,322.315127471336,,,,,,,,,134734.331493373,418.020502327663,6.03553047995268,11.8110602036681
28.04,517.9654,-2.5012,304.596682750294,,,,,,,,,127310.873349462,417.96539673359,6.03539864616407,11.7543871960546
28.06,517.9205,-2.2685,276.287326391337,,,,,,,,,115466.125235069,417.920455285457,6.03529111605558,11.6567324779186
28.08,517.8747,-2.4216,294.973853542597,,,,,,,,,123262.098128934,417.874657867374,6.03518152599598,11.7220682463488
28.10,517.8236,-2.7231,331.73226669055,,,,,,,,,138605.566576422,417.823589966656,6.03505930987093,11.8393875278205
28.12,517.7657,-2.8120,342.618129534821,,,,,,,,,143134.114678233,417.765734908915,6.03492083261635,11.8715373346043
28.14,517.7111,-2.5515,310.909260553121,,,,,,,,,129870.251792715,417.711108256056,6.03479006501128,11.7742911679081
28.16,517.6637,-2.7771,338.441305540851,,,,,,,,,141354.639979855,417.663676583333,6.03467650718398,11.8590271887581
28.18,517.6000,-3.0105,366.940483596911,,,,,,,,,153234.355102573,417.600024942746,6.03452409629723,11.9397237611651
28.20,517.5433,-2.8427,346.543030080514,,,,,,,,,144696.705683683,417.543257615267,6.03438814997819,11.8823951458344
28.22,517.4863,-3.0154,367.635325772323,,,,,,,,,153482.717520712,417.486315272553,6.03425176596342,11.9413432502291
28.24,517.4226,-3.1243,380.973161058711,,,,,,,,,159026.823981011,417.422643472,6.0340992420265,11.9768281712565
28.26,517.3613,-3.0058,366.583619699849,,,,,,,,,152997.832317119,417.361344302265,6.0339523796747,11.9381790324122
28.28,517.3024,-2.6366,321.604324922751,,,,,,,,,134206.259977282,417.302410374979,6.03381116370107,11.8071331490583
28.30,517.2559,-2.8222,344.277819823932,,,,,,,,,143651.944169621,417.255878531722,6.03369965119458,11.8751485983891
28.32,517.1895,-3.1448,383.685426013923,,,,,,,,,160069.539373105,417.189521728918,6.03354060710872,11.9833636208775
28.34,517.1301,-2.6975,329.159093760311,,,,,,,,,137302.161794047,417.130088145244,6.03339813512778,11.8299393366725
28.36,517.0816,-2.5842,315.374446315894,,,,,,,,,131536.885937607,417.081623048982,6.03328194137105,11.7870425926935
28.38,517.0267,-2.9379,358.582419520206,,,,,,,,,149538.450297294,417.026720097937,6.03315029671943,11.9153088313686
28.40,516.9641,-2.9385,358.717818013507,,,,,,,,,149572.45519167,416.96410850168,6.03300014735513,11.9155362045194
28.42,516.9092,-2.6886,328.25438362701,,,,,,,,,136852.26552461,416.909178827945,6.03286840150201,11.8266572691335
28.44,516.8566,-2.5985,317.292643273459,,,,,,,,,132265.52085819,416.856563371993,6.03274218989758,11.7925667028207
28.46,516.8052,-3.0246,369.369649126271,,,,,,,,,153955.204582043,416.805238184074,6.03261905798033,11.9444169597448
28.48,516.7356,-3.0135,368.067994874258,,,,,,,,,153387.028559818,416.735577925539,6.03245191497461,11.940719604756
28.50,516.6847,-2.7900,340.81027265453,,,,,,,,,142010.425958212,416.684699237821,6.03232981886253,11.8636557561291
28.52,516.6240,-2.8736,351.078171566866,,,,,,,,,146267.584870877,416.623979263887,6.03218408661323,11.8931929962994
28.54,516.5698,-2.8080,343.105308848749,,,,,,,,,142927.294478842,416.56975509478,6.03205392680298,11.8700913497297
28.56,516.5117,-2.6509,323.958947458028,,,,,,,,,134932.679004356,416.511660082604,6.03191445661144,11.8125312589995
28.58,516.4637,-2.6085,318.807166225463,,,,,,,,,132771.617920831,416.46371846903,6.03179934729402,11.7963857727073
28.60,516.4073,-2.7226,332.800391404486,,,,,,,,,138580.519653168,416.407321723182,6.03166391997523,11.8392068050168
28.62,516.3548,-2.5676,313.901249682647,,,,,,,,,130694.296800675,416.354815193654,6.03153781786931,11.7806162628582
28.64,516.3046,-2.4908,304.549192155264,,,,,,,,,126785.234439455,416.304615823175,6.03141724187229,11.7502498665663
28.66,516.2552,-2.5254,308.807949214116,,,,,,,,,128542.908863512,416.255181223929,6.031298488602,11.764018048695
28.68,516.2036,-2.6180,320.16739293305,,,,,,,,,133254.821729566,416.203600587869,6.03117456502223,11.8000185269611
28.70,516.1505,-2.7264,333.473617408382,,,,,,,,,138775.20032933,416.150463139582,6.0310468851065,11.8406106391122
28.72,516.0945,-2.8058,343.236531125265,,,,,,,,,142818.848013575,416.094544323002,6.03091250444656,11.8693323090684
28.74,516.0382,-3.0257,370.177686240285,,,,,,,,,154008.069065645,416.038229180776,6.03077715310816,11.9447602765533
28.76,515.9735,-3.1296,382.949880211192,,,,,,,,,159297.008633731,415.97351733308,6.03062159797784,11.978525717528
28.78,515.9130,-3.1725,388.262878185277,,,,,,,,,161483.596270628,415.91304588632,6.03047621410091,11.9921588454065
28.80,515.8466,-3.0074,368.108067625644,,,,,,,,,153076.494138517,415.846615712295,6.03031648004014,11.938693037125
28.82,515.7928,-2.5585,313.211776599942,,,,,,,,,130231.186229642,415.792750973035,6.03018694134466,11.7770665056482
28.84,515.7443,-2.7127,332.124809222884,,,,,,,,,138078.987603721,415.744273746975,6.03007034466965,11.8355811743359
28.86,515.6842,-2.7685,339.002883921284,,,,,,,,,140918.15677958,415.684241825803,6.02992593797646,11.8559345524632
28.88,515.6335,-2.7924,341.964214538495,,,,,,,,,142131.794799789,415.633533443276,6.02980394279219,11.8645100385277
28.90,515.5725,-2.7534,337.248910430021,,,,,,,,,140151.388945674,415.572547786645,6.02965720263204,11.850478466966
28.92,515.5234,-2.4774,303.476254164413,,,,,,,,,126101.483645572,415.523395702829,6.02953892005767,11.7448422875109
28.94,515.4735,-2.3619,289.358634400147,,,,,,,,,120220.830451781,415.473451141365,6.02941871608406,11.6970855843366
28.96,515.4289,-2.3969,293.679517253372,,,,,,,,,122002.964784201,415.428920359272,6.02931152952722,11.71180062493
28.98,515.3776,-2.8109,344.446766874845,,,,,,,,,143075.462847997,415.37757531045,6.02918792662051,11.8711274822747
29.00,515.3165,-3.1362,384.372697141797,,,,,,,,,159636.317407009,415.316484740117,6.02904084342013,11.9806534907872
29.02,515.2521,-2.8184,345.470358215235,,,,,,,,,143457.30050147,415.252125370747,6.02888586677229,11.8737927124218
29.04,515.2037,-2.6612,326.235978728123,,,,,,,,,135454.401444369,415.203749054465,6.02876936132552,11.8163903419603
29.06,515.1457,-2.7701,339.636960055875,,,,,,,,,140998.816311074,415.145678750268,6.02862949176616,11.8565067743681
29.08,515.0929,-2.6184,321.07717247008,,,,,,,,,133276.869209945,415.092945364605,6.02850245988833,11.8001839668032
29.10,515.0409,-2.7630,338.854568264452,,,,,,,,,140638.519667527,415.040943339944,6.02837717401472,11.8539481871777
29.12,514.9824,-2.9994,367.891583312128,,,,,,,,,152668.541311262,414.982424813274,6.02823616948639,11.9360244536842
29.14,514.9210,-2.8904,354.585680181734,,,,,,,,,147125.034020105,414.920969015724,6.02808806598875,11.8990380757952
29.16,514.8668,-2.8752,352.764003599413,,,,,,,,,146350.075743223,414.866806845218,6.02795752135515,11.8937568096684
29.18,514.8060,-2.8874,354.310397037843,,,,,,,,,146970.064398045,414.805960047365,6.02781084473663,11.897984201472
29.20,514.7513,-2.9048,356.486791223593,,,,,,,,,147853.363892887,414.751310659787,6.0276790891856,11.9039762770873
29.22,514.6898,-2.9832,366.169120388656,,,,,,,,,151846.58821345,414.689769722466,6.0275306978438,11.9306260020848
29.24,514.6320,-2.7033,331.859560115256,,,,,,,,,137599.587244534,414.631982266067,6.02739133707976,11.8321032048005
29.26,514.5816,-2.7588,338.710227551237,,,,,,,,,140423.040712249,414.581637311225,6.02726990888873,11.8524148647468
29.28,514.5216,-2.6843,329.618793788678,,,,,,,,,136634.120025529,414.521631048522,6.02712515909676,11.8250619754964
29.30,514.4743,-2.6547,326.01629165901,,,,,,,,,135125.362410499,414.474263610823,6.02701088244459,11.8139582369768
29.32,514.4154,-2.7594,338.927459393249,,,,,,,,,140456.773230278,414.415443002832,6.02686895618439,11.8526550565763
29.34,514.3639,-2.6375,323.995706201503,,,,,,,,,134252.119831591,414.363885884634,6.02674453918588,11.8074748024259
29.36,514.3099,-2.6823,329.537133602517,,,,,,,,,136530.5104439,414.309941193398,6.02661434395212,11.8243033883659
29.38,514.2566,-2.8274,347.409963747014,,,,,,,,,143916.868166501,414.256593605652,6.026485573152,11.8769911074545
29.40,514.1968,-2.8607,351.547257310773,,,,,,,,,145609.764620567,414.196844357246,6.02634133028747,11.8886854771977
29.42,514.1422,-2.7037,332.30381059049,,,,,,,,,137621.020024105,414.142166409583,6.02620931200261,11.8322589546176
29.44,514.0887,-2.6292,323.181042741775,,,,,,,,,133825.616270997,414.088695103089,6.02608019025878,11.8042928603023
29.46,514.0370,-2.6989,331.797447479981,,,,,,,,,137376.419685052,414.036999767276,6.02595534125047,11.8304800260296
29.48,513.9807,-2.4438,300.469104834106,,,,,,,,,124388.421785767,413.98073806771,6.02581944633643,11.731164382494
29.50,513.9392,-2.5866,318.061286529101,,,,,,,,,131658.05018643,413.939249328866,6.02571922230631,11.7879633114517
29.52,513.8773,-2.9867,367.319070044767,,,,,,,,,152025.015693549,413.877274803676,6.0255694922067,11.9318003632184
29.54,513.8198,-2.7382,336.803527684456,,,,,,,,,139375.961971499,413.819780718202,6.02543056677455,11.8449303232104
29.56,513.7677,-2.5435,312.895938994651,,,,,,,,,129466.247545307,413.767746431252,6.02530481744819,11.7711754894343
29.58,513.7180,-2.5576,314.670404397738,,,,,,,,,130184.82291527,413.718039878699,6.02518467870156,11.776710434491
29.60,513.6654,-2.7994,344.455668465494,,,,,,,,,142489.405966444,413.665440900467,6.02505753335838,11.8670229318321
29.62,513.6061,-2.8680,352.946187429791,,,,,,,,,145980.683673019,413.606064811389,6.02491398655719,11.8912295883281
29.64,513.5507,-2.9307,360.715442051419,,,,,,,,,149174.131575645,413.550722218265,6.0247801725232,11.9128695708593
29.66,513.4888,-2.9873,367.736180588624,,,,,,,,,152054.805473844,413.488836563361,6.02463051667092,11.9319962971694
29.68,513.4312,-2.8596,352.064602834426,,,,,,,,,145554.501858778,413.431230197351,6.02449118913875,11.8883058786767
29.70,513.3745,-2.7808,342.413619808348,,,,,,,,,141545.042717983,413.374452795442,6.02435384755253,11.8603732685067
29.72,513.3200,-2.6138,321.891885548448,,,,,,,,,133044.353251729,413.31999725636,6.0242221047081,11.7984378347065
29.74,513.2699,-2.5234,310.788925338914,,,,,,,,,128439.708129301,413.269900107405,6.02410089067155,11.7632148757725
29.76,513.2191,-2.5349,312.247463864151,,,,,,,,,129026.60447991,413.219063121183,6.02397787151812,11.7677738983584
29.78,513.1685,-2.6552,327.110243437398,,,,,,,,,135151.650172934,413.168504760688,6.02385551159277,11.8141527615667
29.80,513.1129,-2.8704,353.665859054754,,,,,,,,,146103.912544055,413.112854417297,6.02372081088131,11.8920733772848
29.82,513.0537,-2.6870,331.12266985019,,,,,,,,,136771.440372381,413.053689239279,6.02357758267007,11.8260664931675
29.84,513.0054,-2.6874,331.203091905838,,,,,,,,,136788.656446383,413.005372803924,6.02346060208688,11.8261923600189
29.86,512.9462,-2.6819,330.570623532843,,,,,,,,,136507.880868055,412.946194096683,6.0233173038362,11.8241376272376
29.88,512.8981,-2.4598,303.229683833957,,,,,,,,,125202.959805686,412.898098308358,6.02320082718601,11.7376913779892
29.90,512.8478,-2.7537,339.511493651324,,,,,,,,,140166.574435592,412.847803554898,6.023079010648,11.8505868117168
29.92,512.7879,-2.9079,358.574795171928,,,,,,,,,148015.354131027,412.787948634419,6.02293401954163,11.9050712914938
29.94,512.7315,-2.9266,360.923505340005,,,,,,,,,148964.494666129,412.731485930234,6.02279722638593,11.9114632657005
29.96,512.6709,-3.0201,372.516754867392,,,,,,,,,153726.818956589,412.670885129214,6.02265038696977,11.9429324032876
29.98,512.6107,-2.9850,368.233629264506,,,,,,,,,151937.128155059,412.610679960251,6.02250448483984,11.9312220837009
30.00,512.5515,-2.8496,351.585806410143,,,,,,,,,145047.246745045,412.551485584829,6.02236101152515,11.8848148079495
30.02,512.4967,-2.7001,333.18725751479,,,,,,,,,137438.642480304,412.496694817937,6.02222819318006,11.8309328599887
30.04,512.4435,-2.8498,351.702647343852,,,,,,,,,145057.463673237,412.443479651768,6.02209917736075,11.8848852440909
30.06,512.3827,-2.8095,346.772584919408,,,,,,,,,143003.015426063,412.382701646666,6.02195180569242,11.8706209959153
30.08,512.3311,-2.7187,335.607802978766,,,,,,,,,138381.53489478,412.331100965301,6.02182666972096,11.8377698948744
30.10,512.2740,-2.9066,358.856588651193,,,,,,,,,147947.224988859,412.273954743138,6.02168806707268,11.9046109012405
30.12,512.2148,-2.6936,332.602918862437,,,,,,,,,137103.857944629,412.214836879813,6.02154466217979,11.8284940047944
30.14,512.1662,-2.5490,314.78560538997,,,,,,,,,129743.990534219,412.166211899959,6.02142669493641,11.773318484227
30.16,512.1129,-2.5923,320.17538827738,,,,,,,,,131948.400656179,412.112877776435,6.0212972870107,11.7901662210257
30.18,512.0625,-2.6477,327.064972356272,,,,,,,,,134771.216864772,412.062520464482,6.02117508653706,11.8113339299186
30.20,512.0070,-2.8754,355.236593337356,,,,,,,,,146359.951756164,412.006968035444,6.0210402619139,11.8938242895086
30.22,511.9475,-2.8571,353.02647685591,,,,,,,,,145428.375893181,411.947503735075,6.0208959231124,11.8874389824905
30.24,511.8927,-2.8798,355.880812896628,,,,,,,,,146584.702988661,411.89268338341,6.02076283819471,11.8953587177561
30.26,511.8323,-3.0333,374.896135856696,,,,,,,,,154394.341784376,411.832310385278,6.02061625286903,11.9472652694271
30.28,511.7714,-2.9644,366.436507196238,,,,,,,,,150888.056298783,411.771352841702,6.02046822646651,11.9242934918473
30.30,511.7137,-2.9224,361.292626059113,,,,,,,,,148749.13659391,411.713735252301,6.0203282905033,11.9100165189803
30.32,511.6545,-3.0912,382.218638458542,,,,,,,,,157342.006672034,411.654458575287,6.02018430467154,11.9661771015329
30.34,511.5901,-3.1280,386.835474144674,,,,,,,,,159217.646958051,411.590088292948,6.02002792274902,11.9780273939757
30.36,511.5293,-2.8196,348.744865417433,,,,,,,,,143518.743473054,411.529337647073,6.01988031197938,11.8742209221892
30.38,511.4773,-2.4231,299.745627189513,,,,,,,,,123338.522658379,411.477304322437,6.01975386506619,11.7226880706756
30.40,511.4324,-2.5767,318.781001723716,,,,,,,,,131156.836525093,411.43241227018,6.01964475941001,11.7841491114629
30.42,511.3742,-2.9875,369.651615951493,,,,,,,,,152065.150705028,411.374234936341,6.01950334748989,11.9320643310552
30.44,511.3129,-2.8574,353.612424765946,,,,,,,,,145445.356192113,411.312912119483,6.01935426817781,11.8875557362367
30.46,511.2599,-2.6934,333.34842448195,,,,,,,,,137092.852031617,411.259936940367,6.0192254645606,11.8284137272957
30.48,511.2052,-2.9011,359.111584097647,,,,,,,,,147668.542833903,411.205177925282,6.01909230629242,11.9027254656999
30.50,511.1439,-2.6292,325.501008557006,,,,,,,,,133827.75146144,411.143891856796,6.01894325506624,11.8043088151955
30.52,511.1000,-2.4690,305.698722251723,,,,,,,,,125672.747653932,411.10000960504,6.01883651726808,11.7414365664104
30.54,511.0451,-2.8674,355.079423249971,,,,,,,,,145953.668447492,411.045132132996,6.01870301901007,11.8910445109269
30.56,510.9853,-3.1538,390.603082684964,,,,,,,,,160532.12986509,410.985312152708,6.01855747700293,11.986249387593
30.58,510.9190,-3.1253,387.13508645504,,,,,,,,,159081.154159423,410.918978220534,6.01839606177954,11.9771697545092
30.60,510.8603,-2.7173,336.642912012611,,,,,,,,,138313.207313081,410.860298487138,6.01825325035765,11.8372760106571
30.62,510.8103,-2.5610,317.315667875481,,,,,,,,,130356.539958739,410.810285012125,6.01813151428463,11.7780285903987
30.64,510.7579,-2.7547,341.353499499732,,,,,,,,,140213.632279682,410.757858012795,6.01800388762372,11.8509224833755
30.66,510.7001,-2.7232,337.502340700341,,,,,,,,,138612.244521637,410.700098357856,6.01786326045081,11.8394357061478
30.68,510.6489,-2.9324,363.478414947821,,,,,,,,,149262.022106079,410.648929806483,6.01773866408633,11.9134585781353
30.70,510.5828,-2.9343,363.762324183996,,,,,,,,,149354.553976721,410.582801041197,6.01757761632613,11.9140783151561
30.72,510.5316,-2.9781,369.23866355451,,,,,,,,,151584.124477828,410.531559773805,6.01745280723765,11.9288960269037
30.74,510.4637,-2.9033,360.028365777335,,,,,,,,,147778.567526823,410.463678904176,6.01728744484189,11.9034702670139
30.76,510.4154,-2.3379,289.956181498499,,,,,,,,,119002.49039692,410.415428227508,6.0171698862969,11.6868996995799
30.78,510.3702,-2.5174,312.240512099969,,,,,,,,,128134.189218428,410.370160991165,6.01705958407673,11.7608333470322
30.80,510.3147,-2.6220,325.260025281694,,,,,,,,,133458.980814097,410.314734183869,6.01692450956103,11.801549449789
30.82,510.2653,-2.6168,324.655455684894,,,,,,,,,133194.862231579,410.265282468734,6.01680398087597,11.7995684645095
30.84,510.2101,-2.8576,354.586260350308,,,,,,,,,145454.852274745,410.210063218596,6.01666937780591,11.8876210237983
30.86,510.1510,-2.6293,326.301122400698,,,,,,,,,133832.724152197,410.150977010279,6.01652532852633,11.8043459719012
30.88,510.1049,-2.5374,314.926073946908,,,,,,,,,129152.723226085,410.104890990572,6.01641295866333,11.7687508840631
30.90,510.0495,-2.6225,325.541794572956,,,,,,,,,133488.24441413,410.049482553351,6.01627784157052,11.8017686961222
30.92,510.0000,-2.6913,334.119217704067,,,,,,,,,136988.875740856,409.999989471389,6.01615713401881,11.8276550025416
30.94,509.9418,-2.8475,353.56082807534,,,,,,,,,144939.372901827,409.941830068749,6.01601527175164,11.8840708160486
30.96,509.8861,-2.8205,350.250088354463,,,,,,,,,143562.638923086,409.886089101558,6.01587928963643,11.8745267271147
30.98,509.8290,-3.0209,375.197939326123,,,,,,,,,153767.000629534,409.82901160307,6.0157400278404,11.9431937527562
31.00,509.7653,-2.9368,364.803738916259,,,,,,,,,149483.895845179,409.765251554874,6.01558443854166,11.9149439459115
31.02,509.7115,-2.7378,340.133015318662,,,,,,,,,139356.421486323,409.711539927295,6.01545335093012,11.8447901135586
31.04,509.6557,-2.7652,343.585934525488,,,,,,,,,140751.949759413,409.655738538308,6.01531714488299,11.8547543985484
31.06,509.6009,-2.8129,349.556774113792,,,,,,,,,143178.779847693,409.600930237112,6.01518334480942,11.871849337107
31.08,509.5432,-2.6494,329.288126850833,,,,,,,,,134857.720347156,409.543221727658,6.01504244528786,11.8119755782984
31.10,509.4950,-2.6941,334.873566877148,,,,,,,,,137129.035367723,409.4949525175,6.01492457725257,11.8286776255327
31.12,509.4355,-2.9735,369.667025393535,,,,,,,,,151354.788255705,409.435459098841,6.01477928183328,11.9273819509214
31.14,509.3760,-2.9101,361.837134473666,,,,,,,,,148127.442599204,409.376010603976,6.0146340750374,11.9058282808568
31.16,509.3191,-2.8852,358.78386732458,,,,,,,,,146857.072944771,409.319053389638,6.01449493357452,11.8972150998848
31.18,509.2606,-2.8828,358.535679446954,,,,,,,,,146734.528443733,409.260603212693,6.0143521248043,11.896380304151
31.20,509.2037,-2.7198,338.3077974719,,,,,,,,,138436.816774688,409.203742299752,6.01421317944072,11.8381693039476
31.22,509.1518,-2.7556,342.811207491128,,,,,,,,,140261.827015775,409.151812865991,6.01408626777377,11.8512661479277
31.24,509.0935,-2.8632,356.24537916774,,,,,,,,,145737.675353653,409.093517771727,6.01394377971504,11.8895635404566
31.26,509.0373,-2.8073,349.333723307184,,,,,,,,,142890.517793429,409.03728515148,6.01380631362738,11.869834006177
31.28,508.9812,-2.6491,329.700472128616,,,,,,,,,134841.303795637,408.981227491342,6.01366925643525,11.8118538385065
31.30,508.9313,-2.4821,308.946425682727,,,,,,,,,126337.869766534,408.931320332789,6.01354722099577,11.746715103194
31.32,508.8819,-2.4295,302.443646931264,,,,,,,,,123663.746635074,408.881945082415,6.01342647154716,11.7253214405274
31.34,508.8341,-2.4794,308.682459777892,,,,,,,,,126199.927784738,408.834139379164,6.01330954660411,11.7456226568604
31.36,508.7828,-2.7201,338.697028533063,,,,,,,,,138453.509878604,408.78277107497,6.01318389288143,11.8382898795136
31.38,508.7253,-2.9128,362.74388275666,,,,,,,,,148262.615330542,408.725335914213,6.01304338011988,11.906740408218
31.40,508.6663,-2.6713,332.715880963139,,,,,,,,,135969.754429841,408.666259140496,6.01289883061832,11.8201877460868
31.42,508.6185,-2.3891,297.598644431364,,,,,,,,,121604.307018597,408.61848430443,6.01278191950135,11.7085276674478
31.44,508.5707,-2.5558,318.408675526984,,,,,,,,,130092.454361676,408.570696594135,6.01266496320416,11.7760006640613
31.46,508.5163,-2.8892,359.988111169304,,,,,,,,,147060.993709527,408.516251361322,6.01253169652299,11.8986027028981
31.48,508.4551,-3.0483,379.873880774613,,,,,,,,,155161.434957311,408.455128952052,6.0123820648202,11.9522213697537
31.50,508.3943,-2.7860,347.238800601604,,,,,,,,,141810.353155071,408.394318000695,6.01223317336487,11.862245902792
31.52,508.3437,-2.5914,323.02063635466,,,,,,,,,131903.437793242,408.343687517287,6.01210919117442,11.7898254019991
31.54,508.2907,-2.4703,307.959314611309,,,,,,,,,125736.912400679,408.290661899211,6.01197932737874,11.7419470062091
31.56,508.2449,-2.6096,325.372416085915,,,,,,,,,132831.622104486,408.244877369726,6.01186718399408,11.7968376059355
31.58,508.1863,-2.7341,340.935136451697,,,,,,,,,139165.043837234,408.186276385599,6.01172362998109,11.8434158734871
31.60,508.1355,-2.7063,337.518124751887,,,,,,,,,137753.133582045,408.135514746974,6.01159926324424,11.8332184750834
31.62,508.0780,-3.0031,374.578320689045,,,,,,,,,152857.180681647,408.078023310218,6.01145838972482,11.9372593048328
31.64,508.0154,-2.9053,362.435506829025,,,,,,,,,147879.265459096,408.015392180811,6.01130489962592,11.9041514458966
31.66,507.9618,-2.4536,306.133686272088,,,,,,,,,124890.853558854,407.961812630616,6.01117357353015,11.735195463319
31.68,507.9172,-2.7861,347.647713003968,,,,,,,,,141811.497982167,407.917246907211,6.01106432762433,11.8622539757038
31.70,507.8504,-2.9579,369.14695461452,,,,,,,,,150556.722133243,407.85037029619,6.01090036766867,11.9220951834162
31.72,507.7989,-2.7393,341.915833197432,,,,,,,,,139432.911663995,407.798932152648,6.0107742395804,11.8453388445931
31.74,507.7408,-2.6870,335.426678320625,,,,,,,,,136767.141210518,407.740797169943,6.01063167146087,11.8260350594894
31.76,507.6915,-2.8938,361.294495150803,,,,,,,,,147296.678020516,407.691453917764,6.01051064791251,11.900204049722
31.78,507.6250,-3.0098,375.838717467343,,,,,,,,,153201.273863192,407.625044315729,6.01034774282638,11.939507851288
31.80,507.5711,-2.5584,319.507392969117,,,,,,,,,130221.967132685,407.571060946536,6.01021530016891,11.7769957129023
31.82,507.5227,-2.4200,302.26423543965,,,,,,,,,123179.540240094,407.522709595221,6.01009666019614,11.7213982468107
31.84,507.4743,-2.7531,343.908768323213,,,,,,,,,140133.971053933,407.474260505717,6.00997776628281,11.8503541801195
31.86,507.4126,-2.7434,342.744652685929,,,,,,,,,139638.485131673,407.412585542595,6.0098263956636,11.8468121127762
31.88,507.3645,-2.5044,312.928869088973,,,,,,,,,127476.120374915,407.364525829896,6.00970842545534,11.7556843348623
31.90,507.3124,-2.7402,342.436105849354,,,,,,,,,139478.475079242,407.312408641284,6.0095804797962,11.8456655678308
31.92,507.2549,-2.6976,337.151136483925,,,,,,,,,137306.458070731,407.254916897714,6.00943932082293,11.8299706268533
31.94,507.2045,-2.5238,315.471506161242,,,,,,,,,128461.419008055,407.204506585126,6.00931553242735,11.7633838970536
31.96,507.1540,-2.5537,319.247267004599,,,,,,,,,129982.790800154,407.153965701078,6.00919140801326,11.7751573422146
31.98,507.1024,-2.4790,309.957941159355,,,,,,,,,126184.609291216,407.102359820948,6.00906465215376,11.7455012667489
32.00,507.0548,-2.5801,322.633063054421,,,,,,,,,131329.338158957,407.054803731646,6.00894782928101,11.7854634790398
32.02,506.9992,-2.7916,349.11921423892,,,,,,,,,142091.225145768,406.999154874725,6.00881110896556,11.8642245609172
32.04,506.9431,-2.8737,359.440936108198,,,,,,,,,146272.0237502,406.943141574085,6.00867347439129,11.8932233435016
32.06,506.8842,-2.9925,374.350140748627,,,,,,,,,152317.16024996,406.884207243399,6.00852864187644,11.9337202065344
32.08,506.8234,-2.9535,369.534537421564,,,,,,,,,150335.312962451,406.823443382098,6.00837929128015,11.9206234979946
32.10,506.7661,-2.7550,344.740862882497,,,,,,,,,140228.884750624,406.766066482871,6.00823824496963,11.8510312576877
32.12,506.7132,-2.4308,304.220378608858,,,,,,,,,123730.457300557,406.713244741699,6.0081083787505,11.7258607471566
32.14,506.6688,-2.5978,325.150295460285,,,,,,,,,132228.491238508,406.668833104778,6.00799917635183,11.7922866993558
32.16,506.6093,-3.2358,405.060101698755,,,,,,,,,164701.21785664,406.609333197494,6.00785285517943,12.0118883105321
32.18,506.5394,-3.0080,376.610123616914,,,,,,,,,153106.854789344,406.539402921317,6.00768085644601,11.9388913539246
32.20,506.4890,-2.5777,322.777148876472,,,,,,,,,131205.365125819,406.489014425341,6.00755690383878,11.7845190473833
32.22,506.4363,-2.5346,317.416844944204,,,,,,,,,129009.726556392,406.436295399099,6.00742720182144,11.7676430801634
32.24,506.3876,-2.5034,313.55693178622,,,,,,,,,127425.659113059,406.387632342113,6.00730746357215,11.7552884077517
32.26,506.3362,-2.5307,317.013892251288,,,,,,,,,128814.207058419,406.336158152688,6.00718079276444,11.766126389818
32.28,506.2864,-2.7680,346.774620202351,,,,,,,,,140889.813408425,406.286403907564,6.00705833924786,11.8557333986687
32.30,506.2254,-3.1710,397.32944713725,,,,,,,,,161405.329536991,406.225440122581,6.00690827673359,11.9916740549481
32.32,506.1596,-2.9550,370.329196013863,,,,,,,,,150412.744712641,406.159563792564,6.00674609665925,11.9211384256886
32.34,506.1072,-2.1326,267.292166299008,,,,,,,,,108549.283531698,406.107238512439,6.00661725899151,11.5949595749318
32.36,506.0743,-2.1397,268.209862327266,,,,,,,,,108913.121507407,406.07426051512,6.00653605054887,11.598305793007
32.38,506.0216,-2.4104,302.176820933071,,,,,,,,,122690.33121956,406.021649313516,6.00640648161239,11.7174188274275
32.40,505.9778,-2.4898,312.159539851188,,,,,,,,,126729.857134645,405.977844518412,6.00629858796103,11.7498129907548
32.42,505.9221,-2.6264,329.338125879901,,,,,,,,,133685.610118907,405.922058861955,6.00616116792609,11.8032461291669
32.44,505.8728,-2.4471,306.895796719069,,,,,,,,,124560.652609072,405.872787899712,6.00603978020726,11.7325480458091
32.46,505.8242,-2.6232,329.014873150946,,,,,,,,,133522.188826264,405.824173076233,6.0059199945585,11.8020229514478
32.48,505.7679,-2.6845,336.755584624783,,,,,,,,,136644.592817028,405.767859705368,6.00578122195186,11.8251386209943
32.50,505.7168,-2.5517,320.128432957631,,,,,,,,,129881.480574105,405.716791145804,6.00565535744025,11.774377625706
32.52,505.6658,-2.9485,369.953258308016,,,,,,,,,150077.381740073,405.665792555667,6.00552964956525,11.9189063183261
32.54,505.5989,-3.3702,422.942877636637,,,,,,,,,171545.14608782,405.598853080107,6.00536462456121,12.0526017534405
32.56,505.5310,-3.1852,399.795091612061,,,,,,,,,162129.296932739,405.530984082366,6.00519728021067,11.9961494250932
32.58,505.4714,-2.9375,368.751052477319,,,,,,,,,149518.021737961,405.471444036509,6.00505044946418,11.9151722112899
32.60,505.4135,-2.9302,367.891095951776,,,,,,,,,149148.011526898,405.413485588814,6.00490749836058,11.9126944578185
32.62,505.3542,-2.9812,374.345432339737,,,,,,,,,151742.506844037,405.354236314878,6.00476134238411,11.9299403294096
32.64,505.2942,-2.7415,344.303725800014,,,,,,,,,139544.316528598,405.294238987269,6.00461331933948,11.8461375110022
32.66,505.2446,-2.6224,329.387786971798,,,,,,,,,133482.613952813,405.2445756413,6.00449077531041,11.8017265157782
32.68,505.1893,-2.7198,341.665123904405,,,,,,,,,138439.066702539,405.189341892775,6.00435446870375,11.8381855561962
32.70,505.1358,-2.6427,332.025844253429,,,,,,,,,134515.550562659,405.135783526496,6.00422227888345,11.8094350889071
32.72,505.0836,-2.6241,329.728259249057,,,,,,,,,133567.521181377,405.08363306673,6.00409354718739,11.8023624056001
32.74,505.0308,-2.7818,349.595797513961,,,,,,,,,141597.07243348,405.030819707794,6.00396316225517,11.8607407851232
32.76,504.9724,-2.6256,330.004254765145,,,,,,,,,133642.601610909,404.972359238272,6.00381881598309,11.8029243635882
32.78,504.9258,-2.6262,330.127252514377,,,,,,,,,133677.040798586,404.92579688726,6.00370383275783,11.8031820265684
32.80,504.8673,-2.6681,335.438049449195,,,,,,,,,135807.900535368,404.867309353758,6.00355938219841,11.8189966701418
32.82,504.8191,-2.5302,318.135929255657,,,,,,,,,128787.491800688,404.819072470097,6.00344023264915,11.7659189745879
32.84,504.7661,-2.8560,359.1436049342,,,,,,,,,145369.156996324,404.76610191335,6.00330937413421,11.8870316963826
32.86,504.7048,-2.9868,375.652387379555,,,,,,,,,152028.337209554,404.704834355136,6.00315799733836,11.9318222114629
32.88,504.6466,-2.8031,352.599492337532,,,,,,,,,142678.19655826,404.646630692478,6.0030141694335,11.8683469996275
32.90,504.5927,-2.5686,323.146059371002,,,,,,,,,130742.540186306,404.592710927047,6.00288090906728,11.7809853262751
32.92,504.5439,-2.5441,320.104894203326,,,,,,,,,129496.47811048,404.543886880485,6.00276022722752,11.7714089636938
32.94,504.4909,-2.8168,354.459194186068,,,,,,,,,143375.534892012,404.490946330904,6.00262935387699,11.8732225851449
32.96,504.4312,-2.7593,347.281345352246,,,,,,,,,140451.416603991,404.431215450204,6.00248167370792,11.8526169186616
32.98,504.3806,-2.6206,329.863391180618,,,,,,,,,133390.347076057,404.380572814211,6.00235644646274,11.8010350490963
33.00,504.3264,-2.7227,342.761245749928,,,,,,,,,138587.41742194,404.326390863484,6.00222244996402,11.8392565782254
33.02,504.2717,-2.5643,322.865195845002,,,,,,,,,130525.250010119,404.271664118236,6.00208708791363,11.7793219736963
33.04,504.2238,-2.5762,324.397973382921,,,,,,,,,131129.387290224,404.223817808622,6.00196872903411,11.7839398039776
33.06,504.1686,-2.7322,344.083428649703,,,,,,,,,139067.723250169,404.168616303077,6.00183215797456,11.842716311088
33.08,504.1145,-2.8848,363.350107943858,,,,,,,,,146835.058702194,404.114531665094,6.00169833200479,11.8970651861469
33.10,504.0532,-2.8858,363.531633253551,,,,,,,,,146886.129246088,404.053226211651,6.00154661733178,11.8974129346003
33.12,503.9991,-2.7209,342.804812096442,,,,,,,,,138492.836056258,403.999101439965,6.00141265380017,11.8385738780462
33.14,503.9444,-2.5858,325.838478481579,,,,,,,,,131620.626029057,403.944391842287,6.00127722453262,11.7876790183357
33.16,503.8957,-2.6912,339.152885092039,,,,,,,,,136982.380937846,403.895667585644,6.00115659605886,11.8276075902467
33.18,503.8367,-2.7074,341.248722888394,,,,,,,,,137808.773302933,403.836744461615,6.00101069842432,11.8336223024649
33.20,503.7874,-2.5000,315.145686818172,,,,,,,,,127251.84829482,403.78737078588,6.00088842947552,11.7539234592175
33.22,503.7367,-2.5505,321.551149026729,,,,,,,,,129822.013874535,403.736743804152,6.00076304131465,11.773919667289
33.24,503.6854,-2.6619,335.637942861072,,,,,,,,,135492.120560662,403.685350367987,6.00063573878824,11.8166687667672
33.26,503.6303,-2.4784,312.537265713165,,,,,,,,,126149.500176702,403.630267542167,6.00049927957778,11.7452229919266
33.28,503.5862,-2.3556,297.09517086009,,,,,,,,,119903.515796028,403.586215988995,6.00039013524261,11.6944426633215
33.30,503.5360,-2.5229,318.222541990649,,,,,,,,,128414.264930008,403.536041559815,6.00026580605016,11.7630167616529
33.32,503.4853,-2.8488,359.380141849795,,,,,,,,,145004.605012555,403.485301848315,6.00014006040048,11.8845207796057
33.34,503.4221,-2.9772,375.640520746373,,,,,,,,,151541.683940932,403.422089927437,5.99998338338487,11.9286160076114
33.36,503.3662,-2.7813,350.97318930659,,,,,,,,,141570.726257285,403.366213063121,5.99984486659131,11.8605547033979
33.38,503.3108,-2.7201,343.296946221889,,,,,,,,,138455.378652691,403.310836803078,5.99970757184582,11.8383033769069
33.40,503.2574,-2.7018,341.030489460728,,,,,,,,,137523.071273101,403.257408129597,5.99957508789571,11.8315469730905
33.42,503.2028,-2.5715,324.62275993509,,,,,,,,,130888.794232521,403.202764521787,5.9994395731865,11.7821033426761
33.44,503.1545,-2.6723,337.390255718781,,,,,,,,,136020.416510892,403.1545493841,5.99931998566143,11.8205602748547
33.46,503.0959,-2.9059,366.938205726072,,,,,,,,,147911.276410638,403.095873099292,5.99917443216273,11.9043678892721
33.48,503.0383,-2.8726,362.791240215657,,,,,,,,,146218.769626776,403.038313548744,5.99903162826829,11.8928592012775
33.50,502.9810,-2.6422,333.733579664042,,,,,,,,,134488.280759391,402.980967317631,5.99888933333175,11.8092323423274
33.52,502.9326,-2.3473,296.516190634714,,,,,,,,,119476.047389219,402.932626152629,5.99876936720771,11.6908711900053
33.54,502.8871,-2.5209,318.49402001432,,,,,,,,,128317.124848558,402.887077260629,5.99865631737323,11.7622600167439
33.56,502.8318,-2.7302,344.979863722418,,,,,,,,,138968.855447808,402.831788349324,5.99851907617471,11.8420051254807
33.58,502.7779,-2.8560,360.928613744941,,,,,,,,,145374.05783753,402.777868812203,5.99838521596903,11.8870654088887
33.60,502.7175,-2.8692,362.645638383482,,,,,,,,,146043.761696309,402.717546383045,5.99823543875582,11.8916615934241
33.62,502.6631,-2.4520,309.957779509807,,,,,,,,,124808.560540186,402.663100560239,5.99810023356286,11.734536326637
33.64,502.6195,-2.4462,309.25616295367,,,,,,,,,124512.551117357,402.61946577928,5.99799186220894,11.7321618019933
33.66,502.5653,-2.7604,349.019321625344,,,,,,,,,140503.05136366,402.565252574996,5.99785720191763,11.8529844854109
33.68,502.5091,-2.7118,342.931838985776,,,,,,,,,138033.169302927,402.509051685495,5.99771758526537,11.8352492925258
33.70,502.4568,-2.6193,331.274026716007,,,,,,,,,133323.477902257,402.456779434,5.99758771080474,11.800533618957
33.72,502.4043,-2.8309,358.077335980991,,,,,,,,,144091.852443637,402.404279647807,5.99745725403665,11.8782062394012
33.74,502.3435,-2.8888,365.466492046954,,,,,,,,,147043.084020586,402.34354508674,5.9973063134331,11.8984809113942
33.76,502.2887,-2.5390,321.254101397913,,,,,,,,,129236.903199349,402.288726080024,5.9971700548992,11.7694024580245
33.78,502.2420,-2.6546,335.919164796998,,,,,,,,,135120.79147184,402.241984477117,5.99705385895454,11.8139244090122
33.80,502.1825,-3.0233,382.628968924881,,,,,,,,,153886.691222097,402.182541626398,5.996906069202,11.9439718392981
33.82,502.1211,-3.0091,380.886753108925,,,,,,,,,153162.582185073,402.121052871775,5.99675316983623,11.939255264845
33.84,502.0622,-2.6217,331.907676370689,,,,,,,,,133447.52360866,402.062179060962,5.99660675093919,11.8014635979626
33.86,502.0162,-2.5837,327.134056523376,,,,,,,,,131513.184848303,402.016183352971,5.99649234490567,11.7868623905799
33.88,501.9588,-2.9042,367.764168639059,,,,,,,,,147826.054809359,401.958829639118,5.99634966954133,11.9037915561911
33.90,501.9000,-2.6758,338.893575338663,,,,,,,,,136201.332838794,401.900014488871,5.99620333750609,11.8218894585439
33.92,501.8518,-2.4991,316.544609560639,,,,,,,,,127204.019879933,401.851796043821,5.99608335408714,11.7535475322185
33.94,501.8001,-2.6489,335.568974546515,,,,,,,,,134831.631226837,401.800051417289,5.9959545803482,11.8117821029517
33.96,501.7458,-2.7711,351.088303425417,,,,,,,,,141048.264961747,401.745838826302,5.99581964694432,11.8568574154807
33.98,501.6892,-2.6708,338.427806231956,,,,,,,,,135942.797744344,401.689208868288,5.99567867734567,11.8199894714182
34.00,501.6390,-2.4543,311.040900770021,,,,,,,,,124926.158957235,401.639008400387,5.99555369613155,11.7354781133936
34.02,501.5910,-2.4495,310.460267306672,,,,,,,,,124678.060337954,401.591035849998,5.99543424703776,11.7334901766377
34.04,501.5410,-2.3631,299.553201367677,,,,,,,,,120282.901121816,401.541030349993,5.99530972081804,11.6976017565473
34.06,501.4965,-2.5335,321.183687776685,,,,,,,,,128954.130266373,401.496511728306,5.99519884525021,11.76721204078
34.08,501.4397,-2.7892,353.656088613997,,,,,,,,,141971.591271927,401.439691957018,5.9950573152728,11.8633822551031
34.10,501.3849,-2.9144,369.58164822079,,,,,,,,,148344.50902109,401.38494358483,5.99492092590494,11.9072926113574
34.12,501.3231,-3.0086,381.585554434834,,,,,,,,,153139.103599124,401.323115666521,5.99476687757387,11.9391019611769
34.14,501.2646,-2.8692,363.952415750148,,,,,,,,,146041.220332123,401.264599470002,5.99462105875428,11.8916441918845
34.16,501.2083,-2.9257,371.173912960367,,,,,,,,,148918.072963505,401.208349411684,5.99448086696716,11.9111515878244
34.18,501.1476,-3.0897,392.040050085832,,,,,,,,,157265.914393232,401.147572445216,5.99432937069243,11.9656933738503
34.20,501.0848,-3.2276,409.599448136037,,,,,,,,,164284.097273097,401.084762249324,5.99417278214992,12.0093525085502
34.22,501.0185,-3.1251,396.664686606039,,,,,,,,,159069.865747713,401.018470055285,5.99400748623408,11.9770987919096
34.24,500.9598,-3.0147,382.709910189489,,,,,,,,,153451.272765101,400.959757454734,5.99386106679614,11.9411383543445
34.26,500.8979,-2.9805,378.422336633171,,,,,,,,,151708.712736577,400.897880622828,5.99370673308629,11.9297175976793
34.28,500.8405,-2.6736,339.507085134804,,,,,,,,,136088.202460017,400.840537410233,5.99356368589932,11.8210585020023
34.30,500.7909,-2.5920,329.178808124011,,,,,,,,,131931.882596626,400.790935930854,5.99343993457195,11.7900410274389
34.32,500.7369,-2.5870,328.587145337781,,,,,,,,,131676.980515799,400.736858955446,5.993304999824,11.7881070851787
34.34,500.6875,-2.7558,350.082314863936,,,,,,,,,140273.592760227,400.687457790452,5.99318171640466,11.8513500285619
34.36,500.6266,-2.7953,355.151888961875,,,,,,,,,142283.302701571,400.626625181331,5.99302988428157,11.8655754384832
34.38,500.5756,-2.5878,328.831855346543,,,,,,,,,131722.03244974,400.575644689057,5.99290262430177,11.7884491664482
34.40,500.5231,-2.7420,348.46704348808,,,,,,,,,139569.104560771,400.52311163694,5.99277147180208,11.8463151307823
34.42,500.4660,-2.6324,334.579843084629,,,,,,,,,133987.839575137,400.465964535844,5.99262878046485,11.8055043253758
34.44,500.4178,-2.4074,306.029254682709,,,,,,,,,122539.566254787,400.417817511714,5.99250854573101,11.7161892466519
34.46,500.3697,-2.6945,342.558645403777,,,,,,,,,137150.090794289,400.369667017537,5.99238828787192,11.8288311583727
34.48,500.3100,-2.7857,354.21201459766,,,,,,,,,141794.625142847,400.310038336525,5.99223934271764,11.8621349878685
34.50,500.2582,-2.5684,326.621777794235,,,,,,,,,130733.057253601,400.258237942604,5.99210993365778,11.7809127922964
34.52,500.2073,-2.3986,305.06046998116,,,,,,,,,122087.427630898,400.207301976679,5.99198266780197,11.7124926869913
34.54,500.1623,-2.4018,305.509305541545,,,,,,,,,122253.305074429,400.162295736698,5.99187020415978,11.7138504423453
34.56,500.1112,-2.4849,316.1183701924,,,,,,,,,126482.509738744,400.111229416254,5.99174258199334,11.7478593146557
34.58,500.0629,-2.5208,320.717809731309,,,,,,,,,128307.296934573,400.062899662685,5.99162178390234,11.7621834229894
34.60,500.0104,-2.3181,294.975438893894,,,,,,,,,117993.243106317,400.010399336199,5.99149054511053,11.6783826399974
34.62,499.9702,-2.3518,299.288387605603,,,,,,,,,119706.42872568,399.970174865011,5.99138998149056,11.6927975970854
34.64,499.9163,-2.7148,345.534387293173,,,,,,,,,138184.843445009,399.9163282344,5.99125534581292,11.8363475131365
34.66,499.8616,-2.6222,333.791642192071,,,,,,,,,133470.454282589,399.861582531139,5.9911184435489,11.8016354160931
34.68,499.8114,-2.6630,339.032626640914,,,,,,,,,135549.122900104,399.811440695562,5.9909930377038,11.8170893842316
34.70,499.7551,-2.9833,379.858286999652,,,,,,,,,151850.272870938,399.755061473958,5.9908520132323,11.9306502674492
34.72,499.6921,-2.6662,339.533381913227,,,,,,,,,135708.813630739,399.692109406261,5.9906945242321,11.8182667930929
34.74,499.6484,-2.3464,298.84894049006,,,,,,,,,119434.505368592,399.648414924077,5.99058519790397,11.6905234278779
34.76,499.5983,-2.6128,332.810561537011,,,,,,,,,132990.51863566,399.598251994988,5.99045967237791,11.7980331162091
34.78,499.5439,-2.9325,373.589234515478,,,,,,,,,149265.301453129,399.543904541886,5.99032365789603,11.9134805482988
34.80,499.4810,-2.8947,368.829600856781,,,,,,,,,147340.400113395,399.48095210126,5.9901660847236,11.900500835812
34.82,499.4281,-2.2051,281.009269905118,,,,,,,,,112243.003630124,399.428117328736,5.99003381742405,11.6284214751999
34.84,499.3927,-2.3163,295.199388650385,,,,,,,,,117900.494485993,399.392746119901,5.98994525887362,11.6775962806303
34.86,499.3355,-2.5630,326.686120960267,,,,,,,,,130457.354159078,399.335465417414,5.98980182910175,11.778801664285
34.88,499.2902,-1.9541,249.099232329498,,,,,,,,,99462.8888781133,399.290226420882,5.98968853698745,11.5075398774744
34.90,499.2573,-2.4699,314.886182841598,,,,,,,,,125720.608008882,399.257302668391,5.98960607789438,11.7418173271143
34.92,499.1914,-3.1948,407.370743981039,,,,,,,,,162618.909457659,399.191429086101,5.98944107398162,11.9991647636617
34.94,499.1295,-2.7514,350.886245985096,,,,,,,,,140049.05502702,399.129508863589,5.98928594784201,11.8497480332683
34.96,499.0814,-2.4158,308.115362612813,,,,,,,,,122963.101573268,399.081371764597,5.98916533535672,11.7196396021402
34.98,499.0329,-2.4848,316.963949206609,,,,,,,,,126479.037036046,399.032878510743,5.98904381577755,11.7478318582874
35.00,498.9820,-2.7845,355.233936852511,,,,,,,,,141731.938927198,398.981978419601,5.98891624900164,11.8616927984964
35.02,498.9215,-2.8877,368.458632937405,,,,,,,,,146986.070059485,398.921498697671,5.98876465241438,11.8980930997706
35.04,498.8665,-2.8305,361.209067067469,,,,,,,,,144074.185388992,398.866469656147,5.98862669836194,11.8780836222128
35.06,498.8083,-3.0826,393.433217552514,,,,,,,,,156904.424092195,398.808278234036,5.98848079573091,11.9633921352146
35.08,498.7432,-2.8668,365.952004174013,,,,,,,,,145920.860957112,398.74316657035,5.98831751682456,11.8908197054903
35.10,498.6936,-2.3507,300.111146621367,,,,,,,,,119652.395416356,398.693606563418,5.98819321855123,11.6923461133313
35.12,498.6491,-2.6548,338.96586471412,,,,,,,,,135128.449756164,398.649137930539,5.98808167647417,11.813981084726
35.14,498.5874,-3.0287,386.775429314197,,,,,,,,,154163.818978042,398.587416091541,5.98792683701326,11.9457710756021
35.16,498.5280,-2.8152,359.563698897354,,,,,,,,,143296.197675291,398.527988544802,5.98777773050621,11.8726690794467
35.18,498.4748,-2.6375,336.903308564407,,,,,,,,,134247.480860654,398.474807008283,5.98764427667922,11.8074402476562
35.20,498.4225,-2.5630,327.431530877299,,,,,,,,,130456.085961363,398.422490380896,5.98751297587638,11.7787919430708
35.22,498.3723,-2.5795,329.583730738948,,,,,,,,,131297.025002862,398.372288305875,5.98738696582604,11.785217402021
35.24,498.3193,-2.6288,335.925816724768,,,,,,,,,133805.739807114,398.319310827914,5.98725397213539,11.8041443241651
35.26,498.2671,-2.4970,319.131380639128,,,,,,,,,127099.541384462,398.267137283455,5.98712297933566,11.7527258488663
35.28,498.2194,-2.6042,332.873227826582,,,,,,,,,132556.587000955,398.219429860588,5.98700318466518,11.7947649049446
35.30,498.1630,-2.7415,350.470122596665,,,,,,,,,139544.224175374,398.162967905731,5.98686138857549,11.8461368491819
35.32,498.1098,-2.6189,334.845425230419,,,,,,,,,133305.23497611,398.109769259585,5.98672776941778,11.8003967775345
35.34,498.0582,-2.6049,333.093579855779,,,,,,,,,132590.634227907,398.058210204216,5.98659825138447,11.7950217224739
35.36,498.0056,-2.8116,359.5669723001,,,,,,,,,143109.658887447,398.005573125903,5.9864660080153,11.8713664607331
35.38,497.9457,-2.4926,318.82434603267,,,,,,,,,126874.792770811,397.945747712159,5.98631568371207,11.7509559954433
35.40,497.9059,-2.4580,314.429454562292,,,,,,,,,125113.325286658,397.905868776909,5.98621546670061,11.7369752078621
35.42,497.8474,-2.8258,361.525619808323,,,,,,,,,143832.037855677,397.847427609515,5.98606858407313,11.8764014939998
35.44,497.7928,-2.7465,351.436680933073,,,,,,,,,139798.994898117,397.792838604518,5.98593136375536,11.847960919186
35.46,497.7376,-2.7080,346.550973291128,,,,,,,,,137836.340888069,397.737566797356,5.98579240789176,11.8338223247675
35.48,497.6845,-2.6210,335.460762965284,,,,,,,,,133407.55254592,397.684520140812,5.98565902799826,11.8011640266476
35.50,497.6327,-2.6036,333.279721719142,,,,,,,,,132522.925164142,397.632728689746,5.98552878701275,11.7945109295489
35.52,497.5804,-2.7372,350.432255051466,,,,,,,,,139324.988152081,397.580377216187,5.98539712048652,11.8445645273997
35.54,497.5232,-2.5545,327.088268408326,,,,,,,,,130025.18834633,397.523240375015,5.98525339873754,11.7754834671796
35.56,497.4782,-2.8083,359.623831313218,,,,,,,,,142942.632116788,397.478197133968,5.98514008261263,11.8701986547418
35.58,497.4109,-2.8391,363.628889394969,,,,,,,,,144510.087524268,397.410909140673,5.98497078102597,11.8811045939546
35.60,497.3646,-2.5133,321.939054063592,,,,,,,,,127927.194426065,397.364634117351,5.98485433299541,11.759216587531
35.62,497.3104,-2.7332,350.162026025395,,,,,,,,,139123.006838602,397.310377763555,5.98471778320319,11.843113762068
35.64,497.2553,-2.7469,351.962413014575,,,,,,,,,139818.935564975,397.255304529306,5.98457915845368,11.8481035471417
35.66,497.2005,-2.7645,354.268659218922,,,,,,,,,140715.689029923,397.200501281055,5.98444119420712,11.8544967438507
35.68,497.1447,-2.8142,360.678284702278,,,,,,,,,143241.477590869,397.144723334557,5.98430075666218,11.8722871395497
35.70,497.0879,-2.8665,367.435477074452,,,,,,,,,145904.194910532,397.087935199485,5.98415775540289,11.8907054860546
35.72,497.0301,-2.9218,374.581939521563,,,,,,,,,148720.291706519,397.030064760924,5.98401200769621,11.9098225838412
35.74,496.9711,-2.8749,368.621383581013,,,,,,,,,146332.022706145,396.971063600777,5.98386339037528,11.8936334468991
35.76,496.9151,-2.7533,353.081947408372,,,,,,,,,140143.545864098,396.915069979516,5.98372232827838,11.8504225039028
35.78,496.8609,-2.6913,345.182413677251,,,,,,,,,136989.41441018,396.860932023803,5.98358592214954,11.827658934746
35.80,496.8074,-2.6379,338.379941809792,,,,,,,,,134271.670698382,396.807417071601,5.98345106745276,11.8076204198164
35.82,496.7554,-2.5953,332.951665808215,,,,,,,,,132100.376292854,396.755414850352,5.9833200073294,11.7913173390518
35.84,496.7036,-2.3962,307.453072205213,,,,,,,,,121967.742483019,396.703606206318,5.98318941799149,11.7115118828771
35.86,496.6596,-2.3934,307.130294761329,,,,,,,,,121826.169640111,396.659566698824,5.98307839819868,11.7103504686515
35.88,496.6079,-2.4552,315.096695982748,,,,,,,,,124969.829220205,396.607869309578,5.9829480578192,11.7358276209126
35.90,496.5614,-2.5068,321.753097831445,,,,,,,,,127594.845855079,396.56135936233,5.98283078159209,11.7566152560917
35.92,496.5076,-2.5149,322.839726765168,,,,,,,,,128008.404956353,396.507599108041,5.98269520635919,11.7598512044675
35.94,496.4608,-2.4345,312.553472990368,,,,,,,,,123915.188744514,396.460764166048,5.98257708073347,11.7273526488408
35.96,496.4102,-2.4090,309.322573812262,,,,,,,,,122618.62970881,396.410220559045,5.9824495855721,11.7168342461508
35.98,496.3644,-2.4764,318.021077005437,,,,,,,,,126052.234810751,396.364404515855,5.98233400154155,11.7444516620166
36.00,496.3112,-2.4939,320.308534566153,,,,,,,,,126941.847729702,396.311162615882,5.98219966688495,11.7514843686841
36.02,496.2646,-2.5064,321.948505676291,,,,,,,,,127576.811105898,396.264647471831,5.98208228973689,11.7564739022327
36.04,496.2109,-2.4853,319.281730196549,,,,,,,,,126502.903777817,396.210906586924,5.98194666186871,11.7480205416516
36.06,496.1652,-2.4823,318.931909553121,,,,,,,,,126349.735015497,396.165235371195,5.98183138526367,11.7468090155882
36.08,496.1116,-2.6573,341.466826724436,,,,,,,,,135258.976152789,396.111614853711,5.98169602723182,11.8149465616251
36.10,496.0589,-2.6359,338.761752475115,,,,,,,,,134169.62138558,396.058942325363,5.98156304443424,11.8068601096798
36.12,496.0062,-2.5783,331.397327760203,,,,,,,,,131235.389124488,396.006177875546,5.98142981182861,11.7847478533009
36.14,495.9558,-2.6339,338.58718458829,,,,,,,,,134065.563338572,395.955811208836,5.98130261717162,11.8060842379213
36.16,495.9008,-2.6310,338.264329461606,,,,,,,,,133919.126314181,395.900822671227,5.98116373208726,11.8049913617637
36.18,495.8506,-2.7579,354.628529783611,,,,,,,,,140379.906036746,395.850571081814,5.98103679428866,11.8521076409349
36.20,495.7905,-2.9728,382.315992001789,,,,,,,,,151317.039678156,395.790505350997,5.98088504437896,11.9271325152339
36.22,495.7317,-2.9603,380.76028722106,,,,,,,,,150678.900079699,395.731658832947,5.98073635235031,11.9229063620693
36.24,495.6721,-2.9372,377.852993991288,,,,,,,,,149505.885577026,395.672094583093,5.98058582425461,11.9150910394462
36.26,495.6142,-2.7072,348.310304619771,,,,,,,,,137796.492021609,395.614169876578,5.9804394178042,11.8335331802101
36.28,495.5638,-2.4966,321.262230301097,,,,,,,,,127079.711002818,395.563807434554,5.98031210778411,11.752569814245
36.30,495.5143,-2.5594,329.375312088286,,,,,,,,,130272.647477738,395.514304492925,5.98018695467736,11.7773848214892
36.32,495.4614,-2.5930,333.754645375402,,,,,,,,,131987.090292842,395.461432886979,5.9800532676285,11.7904593959739
36.34,495.4106,-2.6837,345.46294361032,,,,,,,,,136599.703818067,395.41058265326,5.97992467480238,11.8248100578739
36.36,495.3541,-2.8335,364.808791615579,,,,,,,,,144228.646458759,395.354086232498,5.97978178419768,11.8791551419309
36.38,495.2972,-2.5759,331.688180773403,,,,,,,,,131115.422667902,395.297240806646,5.97963799027991,11.7838333033201
36.40,495.2510,-2.4077,310.06663858776,,,,,,,,,122554.164283081,395.251049391414,5.9795211310928,11.716308368657
36.42,495.2009,-2.5021,322.254987060079,,,,,,,,,127355.471168658,395.200931816502,5.97939432370621,11.7547374411546
36.44,495.1510,-2.6173,337.147391200103,,,,,,,,,133224.117756095,395.150967302085,5.97926788758443,11.7997880849332
36.46,495.0962,-2.7817,358.371170025542,,,,,,,,,141591.101034873,395.096237860823,5.97912937537966,11.860698612468
36.48,495.0397,-3.0538,393.480285279566,,,,,,,,,155440.333131206,395.03969816624,5.97898626153785,11.9540172271988
36.50,494.9741,-3.1006,399.578111592673,,,,,,,,,157822.999143613,394.97408532852,5.97882015598566,11.9692294254657
36.52,494.9157,-2.7401,353.164398149125,,,,,,,,,139470.156052305,394.915673219738,5.97867225659019,11.8456059222473
36.54,494.8645,-2.4048,309.999461926537,,,,,,,,,122407.777243388,394.864482933832,5.97854262485514,11.715113186612
36.56,494.8195,-2.4760,319.211233618765,,,,,,,,,126030.813033733,394.819479267611,5.97842864592578,11.7442817039234
36.58,494.7654,-2.5110,323.760501913485,,,,,,,,,127809.457583341,394.765441824938,5.97829177035657,11.758295821187
36.60,494.7190,-2.3521,303.311595526976,,,,,,,,,119722.861932786,394.719040413798,5.97817422172266,11.6929348668996
36.62,494.6714,-2.2481,289.929375671167,,,,,,,,,114426.820364893,394.671357809129,5.9780534130459,11.6476907741993
36.64,494.6291,-2.4253,312.824583554719,,,,,,,,,123449.689585639,394.629118283619,5.97794638276572,11.7235889802755
36.66,494.5743,-2.4883,320.989416824947,,,,,,,,,126654.18891871,394.574345071887,5.97780757645185,11.7492157296457
36.68,494.5296,-2.3149,298.654947700893,,,,,,,,,117828.213260283,394.529587295802,5.977694136956,11.6769830228844
36.70,494.4817,-2.6860,346.571861711027,,,,,,,,,136716.274495579,394.481749962649,5.97757287803118,11.8256630682636
36.72,494.4221,-2.8506,367.866942824067,,,,,,,,,145094.870147399,394.422149034444,5.97742177996108,11.8851430843355
36.74,494.3677,-2.6168,337.746874595547,,,,,,,,,133196.4673692,394.367727395561,5.9772837922901,11.7995805154845
36.76,494.3175,-2.7483,354.763322810757,,,,,,,,,139889.37831468,394.317476807776,5.9771563635325,11.8486072343594
36.78,494.2578,-3.1325,404.424533978644,,,,,,,,,159447.525235078,394.257795555741,5.97700499877573,11.9794701516848
36.80,494.1922,-3.3931,438.133936368728,,,,,,,,,172708.969419312,394.192175230094,5.97683854477553,12.0593631992037
36.82,494.1221,-2.9001,374.54695363313,,,,,,,,,147617.221612118,394.122072493773,5.97666068997534,11.9023778619311
36.84,494.0762,-2.6421,341.265959101958,,,,,,,,,134484.782277135,394.076170477221,5.97654421669717,11.809206328702
36.86,494.0164,-3.0891,399.05850566076,,,,,,,,,157235.590940048,394.016387846935,5.97639250195309,11.9655005388224
36.88,493.9526,-2.8439,367.439590143471,,,,,,,,,144753.784505126,393.952607144497,5.97623061562765,11.8827895402066
36.90,493.9026,-2.7959,361.29178232762,,,,,,,,,142313.784456247,393.902633321443,5.97610375520824,11.8657896483692
36.92,493.8408,-3.1242,403.777638190902,,,,,,,,,159024.095969848,393.840770089064,5.97594669078285,11.9768110167005
36.94,493.7777,-2.7948,361.265060627558,,,,,,,,,142258.111837549,393.777664494958,5.97578644670661,11.8653983755827
36.96,493.7290,-2.4224,313.156185199351,,,,,,,,,123298.66437208,393.728976783868,5.97566279641949,11.7223648567505
36.98,493.6808,-2.2647,292.81489940678,,,,,,,,,115275.595194958,393.680770440634,5.97554035357835,11.655081020323
37.00,493.6384,-2.6157,338.224733238515,,,,,,,,,133138.238653796,393.638387645373,5.97543269000922,11.7991432557882
37.02,493.5761,-2.8428,367.653435270815,,,,,,,,,144699.62137228,393.576143972907,5.97527455351632,11.8824152959768
37.04,493.5247,-2.4405,315.666798009621,,,,,,,,,124222.674310908,393.524675683891,5.97514377410966,11.7298309947087
37.06,493.4785,-2.4074,311.417057621103,,,,,,,,,122535.924114805,393.47852378688,5.97502648895225,11.7161595240552
37.08,493.4284,-2.1784,281.827845096915,,,,,,,,,110879.07282502,393.428381027754,5.97489904628048,11.6161954524211
37.10,493.3914,-2.0199,261.349054475104,,,,,,,,,102812.467723236,393.39138964832,5.97480501870049,11.5406619060036
37.12,493.3476,-2.4508,317.139735864577,,,,,,,,,124746.149532609,393.347586017658,5.97469366377322,11.7340361476673
37.14,493.2934,-2.4306,314.575024696538,,,,,,,,,123720.267834191,393.293358090143,5.97455579165251,11.7257783916382
37.16,493.2504,-2.1153,273.789485664713,,,,,,,,,107667.813978989,393.250360646941,5.97444645903127,11.5868059696315
37.18,493.2087,-2.1048,272.460911544083,,,,,,,,,107134.013774802,393.20874751411,5.97434063500955,11.5818357949489
37.20,493.1662,-2.2164,286.944735608194,,,,,,,,,112816.962573599,393.166169556928,5.97423234580475,11.6335219841661
37.22,493.1201,-2.3083,298.876947030598,,,,,,,,,117494.532461461,393.120090488051,5.97411513895205,11.6741470792408
37.24,493.0738,-2.3652,306.272529018756,,,,,,,,,120387.718048088,393.073836670201,5.97399747379005,11.6984727970862
37.26,493.0255,-2.7428,355.214148428576,,,,,,,,,139608.212608421,393.025483996148,5.97387445454084,11.8465952971532
37.28,492.9641,-2.8452,368.536206888559,,,,,,,,,144821.508359711,392.964125783993,5.97371832471033,11.8832572862988
37.30,492.9117,-2.6634,345.03689053207,,,,,,,,,135569.023027035,392.911676249976,5.97358484424444,11.8172361846378
37.32,492.8576,-2.7802,360.215040759108,,,,,,,,,141513.212465978,392.85758908833,5.97344717746586,11.8601483660242
37.34,492.8005,-3.0581,396.281422357005,,,,,,,,,155659.528289432,392.800468322736,5.97330176874726,11.9554263901184
37.36,492.7353,-3.1554,408.961566845248,,,,,,,,,160613.629044275,392.73526430187,5.97313575714955,11.9867569401835
37.38,492.6743,-2.9381,380.853657780877,,,,,,,,,149551.424567599,392.674250364277,5.97298038867851,11.9153955897071
37.40,492.6177,-2.8265,366.443095268352,,,,,,,,,143872.059741175,392.617739558759,5.97283646563755,11.8766797096115
37.42,492.5612,-2.9868,387.270700152299,,,,,,,,,152027.44641625,392.561188740753,5.97269241995302,11.9318163520558
37.44,492.4983,-2.8936,375.252390137465,,,,,,,,,147285.913581296,392.498269037916,5.97253212711826,11.9001309670651
37.46,492.4454,-2.8252,366.433321682484,,,,,,,,,143805.087750774,392.445444345756,5.97239753226429,11.8762141043857
37.48,492.3853,-2.7741,359.863382018508,,,,,,,,,141205.086733725,392.385260044221,5.97224416338787,11.8579686284188
37.50,492.3345,-2.5131,326.040607441331,,,,,,,,,127916.97170943,392.33447855862,5.97211473759883,11.7591366739117
37.52,492.2847,-2.4038,311.899792257829,,,,,,,,,122353.527882836,392.284736700607,5.97198794524628,11.714669902806
37.54,492.2383,-2.3260,301.839314681788,,,,,,,,,118392.947885529,392.238327238265,5.97186963269556,11.6817644378805
37.56,492.1917,-2.3680,307.335802587733,,,,,,,,,120534.550210251,392.191697795584,5.97175074524545,11.699691714552
37.58,492.1436,-2.6425,342.997409987047,,,,,,,,,134504.240980964,392.143605358547,5.97162811290465,11.8093510089839
37.60,492.0860,-2.6212,340.279377605576,,,,,,,,,133418.779318694,392.085997857156,5.97148119801835,11.8012481770588
37.62,492.0388,-2.3649,307.049158297676,,,,,,,,,120375.170795505,392.038758428396,5.97136070844462,11.6983685679614
37.64,491.9914,-2.2611,293.603016041495,,,,,,,,,115089.857662136,391.991401225492,5.97123990390062,11.6534684732091
37.66,491.9483,-2.4339,316.080490597754,,,,,,,,,123887.215773638,391.948315251439,5.97112998224927,11.7271268804828
37.68,491.8940,-2.5733,334.222724063551,,,,,,,,,130979.895150217,391.894044659008,5.97099150901717,11.7827991182695
37.70,491.8454,-2.6212,340.487906409989,,,,,,,,,133418.614745932,391.845384914434,5.97086733574529,11.8012469435528
37.72,491.7892,-2.8230,366.75906378566,,,,,,,,,143692.239407803,391.789197858187,5.97072393457954,11.8754290650959
37.74,491.7325,-2.7252,354.103429870749,,,,,,,,,138713.809307441,391.732464602426,5.97057911853021,11.8401681637654
37.76,491.6802,-2.5458,330.835167282346,,,,,,,,,129581.581126022,391.680189837354,5.97044566455841,11.772065931859
37.78,491.6306,-2.4312,315.990313459016,,,,,,,,,123751.486522338,391.630633128217,5.97031913315414,11.7260306926605
37.80,491.5829,-2.5215,327.765780124653,,,,,,,,,128347.487790803,391.582939933482,5.97019734467541,11.7624966129936
37.82,491.5298,-2.8352,368.585560309675,,,,,,,,,144312.220193067,391.529771464243,5.97006155714815,11.8797344271989
37.84,491.4695,-2.9382,382.035148526914,,,,,,,,,149555.120958239,391.469532410584,5.96990768969647,11.9154203059208
37.86,491.4122,-2.8944,376.3929907339,,,,,,,,,147324.825059895,391.412243816329,5.96976133657881,11.900395122262
37.88,491.3538,-2.8637,372.453824145396,,,,,,,,,145761.203551104,391.353757437065,5.96961190142378,11.8897249695337
37.90,491.2977,-2.6880,349.653483120314,,,,,,,,,136818.602907073,391.297697612222,5.9694686452538,11.8264112610881
37.92,491.2462,-2.5561,332.540903927771,,,,,,,,,130105.377895954,391.246238761091,5.96933712841797,11.7761000002793
37.94,491.1955,-2.6767,348.277425393674,,,,,,,,,136244.545723557,391.195454513176,5.96920731875056,11.8222066803375
37.96,491.1392,-2.8496,370.828240563994,,,,,,,,,145045.450674358,391.139171207019,5.96906343324581,11.8848024252132
37.98,491.0815,-2.8721,373.816695278554,,,,,,,,,146192.782992516,391.081470782301,5.96891590345248,11.8926814611431
38.00,491.0243,-2.6435,344.111974429732,,,,,,,,,134556.139052757,391.024285846913,5.96876967019693,11.8097367816676
38.02,490.9757,-2.3998,312.427048182733,,,,,,,,,122151.39325369,390.975730059857,5.96864548660069,11.7130164827092
38.04,490.9283,-2.6486,344.856435568552,,,,,,,,,134814.13781576,390.928293373726,5.96852415026076,11.8116523518997
38.06,490.8698,-2.8448,370.456384528893,,,,,,,,,144800.207961529,390.869786589507,5.96837447789438,11.8831101951311
38.08,490.8145,-2.6742,348.295764069484,,,,,,,,,136119.035711153,390.814502366437,5.96823302891314,11.8212850444813
38.10,490.7628,-2.7570,359.119958985081,,,,,,,,,140330.727053566,390.762817667273,5.96810077149493,11.8517572517591
38.12,490.7042,-2.5126,327.339474832303,,,,,,,,,127892.91539857,390.70422369343,5.96795081258214,11.7589485943093
38.14,490.6623,-2.3380,304.626289013221,,,,,,,,,119006.010736049,390.662313228272,5.96784353779312,11.686929281205
38.16,490.6107,-2.4521,319.535848804853,,,,,,,,,124814.122539828,390.610703013965,5.96771141953661,11.734580889892
38.18,490.5642,-2.4591,320.48183647698,,,,,,,,,125168.741132934,390.564228253618,5.96759243271678,11.7374180350128
38.20,490.5123,-2.8054,365.660766353186,,,,,,,,,142795.041281802,390.512339362869,5.96745956766109,11.8691656033673
38.22,490.4520,-2.7944,364.290781048258,,,,,,,,,142238.068778835,390.452013003294,5.96730507569354,11.8652574734539
38.24,490.4006,-2.3061,300.667051807511,,,,,,,,,117380.585942951,390.400561808478,5.9671732935965,11.6731768059464
38.26,490.3598,-2.3474,306.083565689916,,,,,,,,,119482.710199811,390.359769661253,5.96706880020559,11.6909269553655
38.28,490.3067,-2.4807,323.505583054011,,,,,,,,,126266.38572097,390.306666515517,5.96693275453139,11.7461491266048
38.30,490.2605,-2.3940,312.246398353362,,,,,,,,,121857.449104802,390.260543427946,5.96681457614256,11.7106071905849
38.32,490.2109,-2.5712,335.390829933061,,,,,,,,,130873.159289579,390.21090503786,5.96668737510208,11.7819838834289
38.34,490.1577,-2.7459,358.236195309719,,,,,,,,,139768.608933028,390.157696969144,5.96655100859871,11.8477435408862
38.36,490.1011,-2.7045,352.884340700047,,,,,,,,,137660.558224427,390.101068104462,5.96640585453619,11.8325462110395
38.38,490.0495,-2.3651,308.633550646838,,,,,,,,,120382.367249907,390.049516643957,5.96627369681796,11.6984283497191
38.40,490.0065,-2.1410,279.430981655599,,,,,,,,,108979.889595408,390.006465817476,5.96616331800543,11.5989186450645
38.42,489.9639,-2.5039,326.817917995528,,,,,,,,,127447.181712942,389.963874975441,5.96605410656533,11.7554572966758
38.44,489.9063,-2.7297,356.351700484515,,,,,,,,,138943.777188819,389.906311657565,5.96590648374562,11.8418246496325
38.46,489.8547,-2.5670,335.158833875772,,,,,,,,,130663.242019435,389.854686234723,5.96577407029314,11.7803786207261
38.48,489.8036,-2.7353,357.175563277265,,,,,,,,,139228.331170602,389.803630161907,5.96564309991339,11.8438705346978
38.50,489.7453,-2.6557,346.832571011295,,,,,,,,,135176.355378512,389.745273877724,5.96549338182902,11.814335541043
38.52,489.6974,-2.4397,318.665119755534,,,,,,,,,124182.969290605,389.697402043475,5.96537054576734,11.7295113158152
38.54,489.6477,-2.6021,339.922706699649,,,,,,,,,132450.09570836,389.647684893821,5.96524295877011,11.7939612172999
38.56,489.5933,-2.8514,372.531432008581,,,,,,,,,145135.756041493,389.593316351759,5.96510341646661,11.8854248319574
38.58,489.5336,-2.8498,372.377908031856,,,,,,,,,145053.718320672,389.533630196621,5.96495020355177,11.8848594239723
38.60,489.4793,-2.5941,339.022909008249,,,,,,,,,132042.414141052,389.479326123768,5.96481078591436,11.7908784692069
38.62,489.4299,-2.5207,329.465117032212,,,,,,,,,128303.556008791,389.4298648808,5.96468378460636,11.7621542665781
38.64,489.3785,-2.6705,349.09053969467,,,,,,,,,135928.350355655,389.378498983513,5.96455187565483,11.8198831902714
38.66,489.3230,-2.7753,362.839429365373,,,,,,,,,141261.751779888,389.323045808342,5.96440945093348,11.8583698439896
38.68,489.2675,-2.7292,356.8639022511,,,,,,,,,138915.515024922,389.267488666243,5.96426673884097,11.841621221748
38.70,489.2139,-2.5368,331.760394581109,,,,,,,,,129125.750165514,389.2138792774,5.96412901071763,11.7685420160121
38.72,489.1660,-2.3926,312.934093623088,,,,,,,,,121783.314300001,389.166015406051,5.96400602739873,11.7099986322628
38.74,489.1182,-2.4168,316.134903413307,,,,,,,,,123013.837004603,389.118176058459,5.963883091977,11.7200521239997
38.76,489.0693,-2.7364,357.996591654761,,,,,,,,,139285.49949281,389.06934518285,5.96375759298263,11.8442810588206
38.78,489.0087,-2.9993,392.442370305791,,,,,,,,,152663.503666004,389.008718775826,5.96360175667274,11.9359914558686
38.80,488.9494,-2.8631,374.682928006788,,,,,,,,,145732.690603013,388.949374817454,5.96344919329182,11.8895293362888
38.82,488.8942,-2.7177,355.708659923891,,,,,,,,,138333.032948009,388.894194978574,5.96330731427882,11.8374193390822
38.84,488.8407,-2.6596,348.153425653741,,,,,,,,,135376.209911514,388.840666029102,5.963169660813,11.8158129217445
38.86,488.7878,-2.5481,333.594972704734,,,,,,,,,129697.65879976,388.787809804783,5.963033718712,11.7729613192531
38.88,488.7387,-2.5751,337.178175503303,,,,,,,,,131074.220225292,388.738743335443,5.9629075070239,11.7835190083503
38.90,488.6848,-2.6856,351.691416487459,,,,,,,,,136697.109758082,388.684805342572,5.96276874613082,11.8255228795337
38.92,488.6313,-2.4851,325.486982477308,,,,,,,,,126494.435686804,388.631320134662,5.962631131057,11.7479535995167
38.94,488.5854,-2.2766,298.209649923611,,,,,,,,,115879.916068583,388.585399896572,5.96251296520452,11.6603097275871
38.96,488.5403,-2.2667,296.953366254274,,,,,,,,,115378.336971696,388.540256091594,5.96239678372298,11.6559718942185
38.98,488.4947,-2.4551,321.669897788731,,,,,,,,,124967.06009655,388.49473001862,5.96227960477006,11.7358054623295
39.00,488.4421,-2.4725,323.9838305512,,,,,,,,,125848.943607858,388.442050931211,5.96214399762986,11.7428376064707
39.02,488.3958,-2.5580,335.232118489331,,,,,,,,,130202.757517305,388.395831831517,5.96202500472085,11.7768481876207
39.04,488.3397,-2.7304,357.87331092924,,,,,,,,,138976.425408046,388.339731306548,5.96188055266348,11.8420595963479
39.06,488.2866,-2.8692,376.119334042679,,,,,,,,,146042.103967055,388.28661743425,5.96174377164268,11.891650242452
39.08,488.2250,-2.9596,388.030150107709,,,,,,,,,150642.991195126,388.224964357308,5.96158497664588,11.9226680197133
39.10,488.1682,-2.7554,361.309856120646,,,,,,,,,140249.009097007,388.168234885285,5.96143884071327,11.851174758098
39.12,488.1147,-2.7204,356.776308920361,,,,,,,,,138470.147907664,388.114749902224,5.96130104306938,11.8384100428049
39.14,488.0594,-2.8184,369.681743301649,,,,,,,,,143458.482278539,388.059418345366,5.96115846796391,11.8738009502193
39.16,488.0020,-2.6541,348.176241942993,,,,,,,,,135093.082852887,388.002013287874,5.96101052849608,11.8137193224368
39.18,487.9533,-2.6883,352.70863268526,,,,,,,,,136834.462351931,387.953255666513,5.96088485727926,11.8265271702219
39.20,487.8945,-2.5158,330.130218549095,,,,,,,,,128055.690165765,387.894482148782,5.9607333494125,11.7602205277022
39.22,487.8526,-2.3100,303.153181058189,,,,,,,,,117578.756538562,387.852623311226,5.96062543064026,11.6748636564501
39.24,487.8021,-2.2833,299.685378174314,,,,,,,,,116218.613923028,387.802083074701,5.96049511431218,11.6632282992375
39.26,487.7613,-2.2415,294.23649206375,,,,,,,,,114093.522640731,387.761293103002,5.96038992633402,11.6447737650953
39.28,487.7124,-2.5645,336.679939824333,,,,,,,,,130534.995199669,387.712422865995,5.9602638866345,11.7793966322453
39.30,487.6587,-2.5174,330.542940469158,,,,,,,,,128137.850691844,387.658712389898,5.96012534529929,11.760861921928
39.32,487.6117,-2.3422,307.572408819683,,,,,,,,,119218.672235656,387.611725944993,5.96000413225507,11.6887146676179
39.34,487.5650,-2.3864,313.414999741862,,,,,,,,,121468.692082062,387.565024590741,5.95988364011111,11.707411830221
39.36,487.5163,-2.5734,338.011336830695,,,,,,,,,130984.89245668,387.516269971409,5.95975783493496,11.7828372707747
39.38,487.4621,-2.7083,355.788732976922,,,,,,,,,137854.646193895,387.462090326611,5.9596180125924,11.8339551205912
39.40,487.4079,-2.8535,374.910505704564,,,,,,,,,145243.305620561,387.407937122508,5.95947823894708,11.8861655849812
39.42,487.3480,-3.0393,399.389491805808,,,,,,,,,154702.701346542,387.347951111749,5.95932338756282,11.949260498248
39.44,487.2864,-2.9702,390.364774007461,,,,,,,,,151182.954059332,387.286364256941,5.95916437871512,11.9262459986694
39.46,487.2291,-2.6916,353.798986738789,,,,,,,,,137001.278865664,387.229144233847,5.95901662176882,11.8277455395526
39.48,487.1787,-2.5176,330.973192146557,,,,,,,,,128145.770940495,387.178702025363,5.9588863487898,11.7609237303932
39.50,487.1284,-2.7097,356.280800053375,,,,,,,,,137926.430714509,387.128441088731,5.95875652708494,11.8344757112208
39.52,487.0703,-2.8761,378.218573268178,,,,,,,,,146397.181448337,387.070312764713,5.95860636325727,11.894078627922
39.54,487.0134,-2.6975,354.778116578554,,,,,,,,,137303.883405112,387.013395102431,5.95845930509856,11.8299518754428
39.56,486.9624,-2.5214,331.664745984232,,,,,,,,,128341.790324155,386.962412731852,5.95832756358897,11.7624522210604
39.58,486.9125,-2.2426,295.031738357184,,,,,,,,,114151.478653489,386.912537915802,5.95819866727032,11.6452816054745
39.60,486.8727,-2.1238,279.420833062539,,,,,,,,,108100.294073094,386.872706978508,5.95809571638675,11.5908147240038
39.62,486.8276,-2.4160,317.913254957466,,,,,,,,,122977.617441837,386.827587475992,5.95797908336259,11.7197576457781
39.64,486.7761,-2.6926,354.353628403865,,,,,,,,,137055.502089906,386.77606521839,5.95784588270486,11.8281412475132
39.66,486.7199,-2.7949,367.861639154039,,,,,,,,,142259.4099189,386.719882633182,5.95770061346211,11.865407500373
39.68,486.6643,-2.5068,329.997570953412,,,,,,,,,127598.270169195,386.664270893099,5.95755679944698,11.7566420931332
39.70,486.6196,-2.4375,320.911044471137,,,,,,,,,124070.502774896,386.619609740654,5.9574412890798,11.7286052537774
39.72,486.5668,-2.4899,327.846685492517,,,,,,,,,126734.634361394,386.566770290825,5.95730460935735,11.7498506861867
39.74,486.5200,-2.6023,342.698778403304,,,,,,,,,132459.937152242,386.520015534917,5.95718365332286,11.7940355175729
39.76,486.4627,-2.8235,371.878528886356,,,,,,,,,143717.171742124,386.462676865227,5.95703529639234,11.8756025620895
39.78,486.4071,-2.8015,369.030407931234,,,,,,,,,142595.960747208,386.407075629875,5.95689141384223,11.8677704608052
39.80,486.3506,-2.4112,317.668355183597,,,,,,,,,122731.365363927,386.350618062016,5.9567452941247,11.71775322447
39.82,486.3106,-2.2051,290.547923937305,,,,,,,,,112241.75078208,386.310627386551,5.95664178000195,11.6284103132121
39.84,486.2624,-2.4017,316.484596532573,,,,,,,,,122246.10395464,386.262413065205,5.95651696508121,11.7137915373376
39.86,486.2146,-2.7230,358.87225017745,,,,,,,,,138601.688372588,386.214560485115,5.95639307121306,11.8393595472841
39.88,486.1535,-2.7114,357.396772167066,,,,,,,,,138010.012014429,386.153493154426,5.9562349410819,11.8350815123369
39.90,486.1061,-2.3840,314.277769721169,,,,,,,,,121344.565725541,386.106105542237,5.95611221651537,11.706389428327
39.92,486.0581,-2.3420,308.783355209785,,,,,,,,,119208.326146521,386.058134725337,5.9559879662213,11.6886278813965
39.94,486.0124,-2.3982,316.233828948155,,,,,,,,,122070.187455554,386.012425873537,5.95586956032892,11.7123514653025
39.96,485.9622,-2.4094,317.75156695163,,,,,,,,,122640.095762086,385.962206067595,5.95573945292918,11.7170092943843
39.98,485.9160,-2.5902,341.640512946596,,,,,,,,,131844.55705572,385.916049354281,5.95561985709125,11.7893789095924
40.00,485.8586,-2.7821,367.001468555163,,,,,,,,,141610.671473775,385.858596237442,5.95547097135816,11.8608368209174
40.02,485.8048,-2.6619,351.195115634661,,,,,,,,,135492.749000049,385.804764839039,5.95533145093719,11.8166734049553
40.04,485.7521,-2.5216,332.72978779741,,,,,,,,,128351.220857514,385.752119481599,5.95519498567172,11.7625256981942
40.06,485.7039,-2.5398,335.169214175086,,,,,,,,,129276.07314819,385.703900241441,5.95506997727465,11.7697054985117
40.08,485.6505,-2.6767,353.285817606268,,,,,,,,,136244.862126683,385.650528090336,5.95493159173039,11.8222090026525
40.10,485.5968,-2.6543,350.383857554965,,,,,,,,,135106.905610855,385.596832438724,5.95479234807279,11.8138216374522
40.12,485.5444,-2.8367,374.503110287502,,,,,,,,,144387.559932347,385.544354548891,5.95465624358038,11.8802563516767
40.14,485.4834,-3.0009,396.242229310095,,,,,,,,,152744.788190974,385.483365710215,5.95449804216375,11.9365237565891
40.16,485.4243,-2.7655,365.215885356952,,,,,,,,,140763.084378725,385.424320306184,5.95434485805308,11.8548335035194
40.18,485.3727,-2.6164,345.577511481039,,,,,,,,,133176.154994147,385.37274726991,5.95421104063596,11.7994280045026
40.20,485.3197,-2.6462,349.565616514888,,,,,,,,,134694.505916138,385.319664041963,5.95407328599546,11.8107645740101
40.22,485.2669,-2.6215,346.340834334566,,,,,,,,,133433.65882973,385.266897812092,5.95393633517756,11.801359695703
40.24,485.2148,-2.7070,357.69474426432,,,,,,,,,137789.311311097,385.214805418772,5.95380111485193,11.8334810678704
40.26,485.1586,-2.6985,356.612695824942,,,,,,,,,137352.452481266,385.158616306502,5.95365523984954,11.8303055470704
40.28,485.1069,-2.7460,362.938965642204,,,,,,,,,139770.288049804,385.106867217981,5.95352087295993,11.8477555543612
40.30,485.0488,-2.8661,378.873988205412,,,,,,,,,145884.966194778,385.048778053573,5.95337002250554,11.8905736873564
40.32,484.9922,-2.6225,346.731104924674,,,,,,,,,133488.779130049,384.992223755203,5.95322313604537,11.8017727018296
40.34,484.9439,-2.4488,323.803971127652,,,,,,,,,124646.355747044,384.943876114184,5.95309754733459,11.7332358526402
40.36,484.8943,-2.5135,332.400882860819,,,,,,,,,127939.195362096,384.89427061981,5.9529686748056,11.7593103938027
40.38,484.8433,-2.4944,329.91677460732,,,,,,,,,126966.271913328,384.843335306149,5.95283633019012,11.7516767546837
40.40,484.7945,-2.4136,319.263850684759,,,,,,,,,122850.971998718,384.794494382081,5.95270941095032,11.7187272899955
40.42,484.7468,-2.2953,303.658362855354,,,,,,,,,116831.581297529,384.746793070147,5.95258543758392,11.6684887006494
40.44,484.7027,-2.5157,332.855375835675,,,,,,,,,128050.355960024,384.702682474444,5.95247078263346,11.7601788714756
40.46,484.6462,-2.6152,346.073536705749,,,,,,,,,133115.858669578,384.646164906738,5.95232385951009,11.7989751458173
40.48,484.5981,-2.2846,302.366068501194,,,,,,,,,116289.407465748,384.598073593991,5.95219882428616,11.6638372549585
40.50,484.5548,-2.4062,318.488704580642,,,,,,,,,122476.353424873,384.554779065523,5.95208624710891,11.7156732570673
40.52,484.5018,-2.8008,370.772112393955,,,,,,,,,142562.554153173,384.501825751384,5.95194853731254,11.8675361588823
40.54,484.4427,-2.6094,345.489157049929,,,,,,,,,132820.800427368,384.44274651483,5.95179487412588,11.7967561334835
40.56,484.3974,-2.4589,325.597166061853,,,,,,,,,125158.719951792,384.39744874197,5.95167704008652,11.7373379704358
40.58,484.3444,-2.7710,366.98135100057,,,,,,,,,141047.223762839,384.344390738862,5.95153900153972,11.8568500335908
40.60,484.2866,-2.7296,361.543336606308,,,,,,,,,138936.262111944,384.286607011193,5.95138864661533,11.8417705609912
40.62,484.2352,-2.6145,346.352963978692,,,,,,,,,133081.003122469,384.235207903855,5.95125488565652,11.7987132678442
40.64,484.1820,-2.6878,356.110380509233,,,,,,,,,136811.207293417,384.182025521914,5.95111646507012,11.8263572054744
40.66,484.1277,-2.5593,339.132441121925,,,,,,,,,130270.162921356,384.127695039713,5.95097503647475,11.7773657493345
40.68,484.0797,-2.4199,320.705166639347,,,,,,,,,123176.32909468,384.079652926824,5.95084996057414,11.7213721776497
40.70,484.0309,-2.5788,341.801267619248,,,,,,,,,131262.247441382,384.030897122367,5.95072301060706,11.7849524899395
40.72,483.9765,-2.9798,395.004622870373,,,,,,,,,151672.492851563,383.976500703732,5.95058135463114,11.9294788229331
40.74,483.9117,-2.8822,382.134850277905,,,,,,,,,146706.042116923,383.911705541204,5.95041259266252,11.896186150174
40.76,483.8612,-2.4524,325.190853719278,,,,,,,,,124828.155239925,383.86121199978,5.95028106017331,11.734693312357
40.78,483.8136,-2.5451,337.529977401012,,,,,,,,,129548.598953891,383.813609538975,5.95015704292139,11.7718113712185
40.80,483.7594,-2.5604,339.603506604648,,,,,,,,,130326.04012109,383.759406444557,5.95001581050864,11.7777945905835
40.82,483.7112,-2.4151,320.364716128207,,,,,,,,,122927.527431194,383.711193032879,5.94989016814064,11.7193502528269
40.84,483.6628,-2.4415,323.911341164422,,,,,,,,,124272.733413959,383.662804047593,5.94976405235998,11.7302338923251
40.86,483.6135,-2.5788,342.166234508198,,,,,,,,,131259.598266812,383.613533507987,5.9496356226476,11.7849323074319
40.88,483.5597,-2.3262,308.705661233624,,,,,,,,,118407.0365817,383.55965390635,5.94949515996562,11.6818834302548
40.90,483.5205,-2.1341,283.230463322516,,,,,,,,,108624.68424427,383.520483531385,5.94939303145756,11.5956539557213
40.92,483.4743,-2.4628,326.894992389302,,,,,,,,,125355.825560648,383.47429137538,5.94927258172942,11.7389115768635
40.94,483.4220,-2.8179,374.085526647476,,,,,,,,,143432.610645658,383.421972860296,5.94913613950743,11.8736205916541
40.96,483.3616,-2.8889,383.571621179307,,,,,,,,,147046.620855972,383.361575092211,5.94897860412897,11.8985049641599
40.98,483.3064,-2.8931,384.187567525941,,,,,,,,,147261.559777252,383.306416513097,5.94883471243188,11.8999656028621
41.00,483.2458,-2.8829,382.894976559411,,,,,,,,,146742.910689298,383.245849835611,5.94867668882339,11.8964374277623
41.02,483.1911,-2.7726,368.289799963752,,,,,,,,,141125.373138215,383.191098836037,5.94853381731971,11.8574039454748
41.04,483.1349,-2.6828,356.418355461633,,,,,,,,,136556.327619584,383.134946691274,5.94838726835353,11.8244924650416
41.06,483.0838,-2.9169,387.565178710772,,,,,,,,,148469.936086416,383.08378626867,5.94825372835907,11.9081377661325
41.08,483.0183,-3.0623,406.954850400274,,,,,,,,,155871.143514827,383.018271834122,5.9480826951814,11.956784941793
41.10,482.9613,-2.9122,387.070153938636,,,,,,,,,148232.887479693,382.96129518473,5.94793392711512,11.9065398800436
41.12,482.9018,-2.5007,332.424103630823,,,,,,,,,127285.782079258,382.901783261231,5.94777851572294,11.7541900900067
41.14,482.8613,-2.2122,294.103846412378,,,,,,,,,112600.971520081,382.861267860458,5.94767269865394,11.6316056227152
41.16,482.8133,-2.4004,319.164243953284,,,,,,,,,122180.316183973,382.81329597139,5.94754739244319,11.7132532340542
41.18,482.7653,-2.6095,347.011491011259,,,,,,,,,132823.941032235,382.765252658234,5.9474218839286,11.7967797786334
41.20,482.7089,-2.9257,389.122556099052,,,,,,,,,148920.671828019,382.708916493936,5.94727469107306,11.9111690393116
41.22,482.6482,-2.8034,372.905999165562,,,,,,,,,142691.81814718,382.648223591135,5.94711609085952,11.8684424657818
41.24,482.5968,-2.4939,331.793033416016,,,,,,,,,126942.946994878,382.596782361344,5.94698164704226,11.7514930282431
41.26,482.5485,-2.5196,335.247347051911,,,,,,,,,128248.35823909,382.548465683255,5.94685535290849,11.7617239616964
41.28,482.4960,-2.8145,374.535643958258,,,,,,,,,143258.385146421,382.495998598166,5.94671819203061,11.8724051679174
41.30,482.4359,-2.8659,381.433157271378,,,,,,,,,145873.727570974,382.43588631491,5.94656102173985,11.8904966468154
41.32,482.3814,-2.6438,351.926168801734,,,,,,,,,134570.008442173,382.381363967242,5.9464184455944,11.80983985147
41.34,482.3301,-2.5268,336.39328817652,,,,,,,,,128613.291178428,382.33013469323,5.94628446232312,11.76456543831
41.36,482.2803,-2.3105,307.646538568054,,,,,,,,,117607.209034092,382.28029342211,5.94615409195578,11.6751056138781
41.38,482.2377,-2.2627,301.315833734528,,,,,,,,,115174.275255657,382.237713259802,5.94604270108734,11.6542016972352
41.40,482.1898,-2.5005,333.025168039294,,,,,,,,,127278.817008105,382.189783905724,5.94591730174125,11.7541353685633
41.42,482.1377,-2.4241,322.882459336383,,,,,,,,,123385.557607272,382.137691409019,5.94578099237525,11.7230693463858
41.44,482.0928,-2.0582,274.183990261117,,,,,,,,,104763.73446723,382.092821566493,5.94566356748364,11.5594629458216
41.46,482.0554,-1.8799,250.452702253302,,,,,,,,,95686.7980734997,382.055362999135,5.94556552742244,11.4688356167598
41.48,482.0176,-2.3810,317.24014892586,,,,,,,,,121191.328644574,382.01762625227,5.94546674956371,11.705125804221
41.50,481.9601,-2.8746,383.069714419299,,,,,,,,,146317.355999922,381.960124991156,5.94531621831819,11.8935332129174
41.52,481.9026,-2.6464,352.709660551939,,,,,,,,,134700.751575243,381.902642996669,5.94516571485866,11.8108109420061
41.54,481.8543,-2.7114,361.420503036312,,,,,,,,,138009.962575923,381.854270625197,5.9450390453106,11.8350811541127
41.56,481.7942,-2.8195,375.894609228868,,,,,,,,,143514.377138937,381.794188092643,5.94488168878879,11.8741904982847
41.58,481.7415,-2.6231,349.752187879922,,,,,,,,,133514.921362107,381.741490085963,5.94474365199949,11.8019685210793
41.60,481.6893,-2.7419,365.645546169151,,,,,,,,,139562.97999066,381.689265609423,5.94460683677105,11.846271247829
41.62,481.6318,-2.9536,393.936796250756,,,,,,,,,150338.814448296,381.631814745734,5.94445630807408,11.9206467888968
41.64,481.5711,-3.1460,419.673201332242,,,,,,,,,160135.174346493,381.571122097259,5.94429726086481,11.9837735772054
41.66,481.5060,-2.9812,397.754054548949,,,,,,,,,151745.547507933,381.505972780118,5.94412650664421,11.9299603675221
41.68,481.4519,-2.5129,335.315892690294,,,,,,,,,127906.875348995,381.451873106213,5.94398469101366,11.7590577417828
41.70,481.4055,-2.6265,350.52398151872,,,,,,,,,133691.759490551,381.405457370713,5.94386300184925,11.8032921268641
41.72,481.3468,-2.6614,355.231282740233,,,,,,,,,135466.317073117,381.346811655039,5.94370922789623,11.8164783059139
41.74,481.2990,-2.6217,349.976512475113,,,,,,,,,133445.69471544,381.299001386357,5.94358384788909,11.8014498929068
41.76,481.2419,-2.6851,358.49347536329,,,,,,,,,136672.749305908,381.241943573467,5.94343419608777,11.8253446561384
41.78,481.1916,-2.7824,371.529189426307,,,,,,,,,141623.805171836,381.191597329198,5.94330212885399,11.8609295617322
41.80,481.1306,-2.8699,383.282019855248,,,,,,,,,146080.524876708,381.13064873713,5.94314222641769,11.8919132888995
41.82,481.0768,-2.3778,317.596215217879,,,,,,,,,121028.549446715,381.076800186948,5.94300093010696,11.7037817425887
41.84,481.0355,-2.2158,295.997582777303,,,,,,,,,112785.598392327,381.035538648918,5.94289264807039,11.6332439360682
41.86,480.9882,-2.3698,316.612035322829,,,,,,,,,120625.439243727,380.98816780838,5.94276831902342,11.7004454800334
41.88,480.9407,-2.4806,331.447231599636,,,,,,,,,126261.755447838,380.940745344202,5.94264383900062,11.746112455261
41.90,480.8889,-2.4451,326.751566716148,,,,,,,,,124456.059593459,380.888945213766,5.94250785025889,11.7317079975984
41.92,480.8429,-2.2660,302.851522028416,,,,,,,,,115338.864563594,380.84294175273,5.94238706376727,11.6556297228656
41.94,480.7983,-2.2750,304.098744611437,,,,,,,,,115800.28691276,380.798306355141,5.94226985531053,11.6596223217756
41.96,480.7519,-2.2102,295.468060314228,,,,,,,,,112500.037257214,380.751940286105,5.94214808772054,11.6307088318018
41.98,480.7099,-2.1220,283.71289991767,,,,,,,,,108012.309297978,380.709898384325,5.94203766353462,11.590000474593
42.00,480.6671,-2.4333,325.365927583578,,,,,,,,,123856.090748464,380.667058988987,5.94192513216637,11.7268756121376
42.02,480.6126,-2.6731,357.480171541844,,,,,,,,,136061.445483824,380.612566277393,5.9417819713359,11.8208618677131
42.04,480.5601,-2.7989,374.356967653962,,,,,,,,,142465.338269852,380.56013532394,5.94164420771557,11.8668540088916
42.06,480.5006,-2.6973,360.81756615826,,,,,,,,,137291.304066546,380.500610123643,5.94148778077915,11.8298602544739
42.08,480.4522,-2.7252,364.597271887277,,,,,,,,,138711.850674753,380.452245176531,5.94136066397595,11.8401540437111
42.10,480.3916,-2.7445,367.23810515115,,,,,,,,,139694.291736895,380.391603641998,5.94120125798284,11.8472116835433
42.12,480.3425,-2.6647,356.611867772221,,,,,,,,,135634.637423431,380.34246664518,5.94107207487193,11.8177200600955
42.14,480.2850,-2.9985,401.349974948976,,,,,,,,,152627.381397586,380.285015383369,5.94092101206319,11.9357548142239
42.16,480.2225,-2.8731,384.618138358183,,,,,,,,,146240.479599043,380.22252466641,5.94075667255619,11.8930076662165
42.18,480.1701,-2.5034,335.1818266293,,,,,,,,,127426.10604771,380.170092540962,5.94061876452199,11.7552919151604
42.20,480.1224,-2.4738,331.253254535767,,,,,,,,,125916.777838437,380.122387068776,5.94049327210025,11.743376474366
42.22,480.0711,-2.4433,327.216926342075,,,,,,,,,124365.710564542,380.07114104644,5.94035844847832,11.7309817827432
42.24,480.0247,-2.4746,331.45044914869,,,,,,,,,125959.34241429,380.024654477942,5.94023613082091,11.7437144546098
42.26,479.9722,-2.4544,328.781399347454,,,,,,,,,124927.777196488,379.972156102616,5.94009797662164,11.7354910668757
42.28,479.9265,-2.3842,319.417536524038,,,,,,,,,121355.180361888,379.926480187962,5.93997776081251,11.7064768996699
42.30,479.8768,-2.5069,335.905248259203,,,,,,,,,127602.607228485,379.876789332032,5.93984696154382,11.7566760825092
42.32,479.8262,-2.2863,306.380044953085,,,,,,,,,116371.169421309,379.826203887163,5.9397137899086,11.6645400982164
42.34,479.7853,-2.3215,311.130978678434,,,,,,,,,118162.984284939,379.785339238318,5.93960619636489,11.6798201731908
42.36,479.7333,-2.5870,346.77044350799,,,,,,,,,131680.300702697,379.73334569866,5.93946928455279,11.788132299495
42.38,479.6819,-2.5564,342.711351034819,,,,,,,,,130121.282686091,379.681858488752,5.93933368755735,11.7762222382554
42.40,479.6311,-2.7780,372.476545472269,,,,,,,,,141403.67699464,379.63109010086,5.93919996564977,11.8593740363119
42.42,479.5707,-2.5449,341.269486087291,,,,,,,,,129535.910226834,379.570736639784,5.93904097377416,11.7717134207304
42.44,479.5293,-2.4543,329.153792664555,,,,,,,,,124923.506717591,379.529294517053,5.93893178625981,11.7354568827096
42.46,479.4726,-2.6874,360.476754103661,,,,,,,,,136791.038756998,379.472565705752,5.93878230359216,11.8262097758627
42.48,479.4218,-2.4601,330.028492517867,,,,,,,,,125220.003858111,379.421797502322,5.93864850841337,11.73782750011
42.50,479.3742,-2.6511,355.699210898103,,,,,,,,,134943.089976692,379.374161769926,5.93852295230866,11.8126084128128
42.52,479.3158,-2.7288,366.17719034053,,,,,,,,,138896.776573805,379.315752695126,5.93836897879773,11.8414863216611
42.54,479.2650,-2.5624,343.900463337844,,,,,,,,,130429.412654646,379.265009964566,5.93823519546672,11.778587460208
42.56,479.2133,-2.3997,322.098899704366,,,,,,,,,122144.17217396,379.213254953893,5.93809872481714,11.7129573651421
42.58,479.1690,-2.2066,296.215074214331,,,,,,,,,112315.580336908,379.169023166053,5.93798207708112,11.6290678696331
42.60,479.1250,-2.6650,357.789883958687,,,,,,,,,135647.086871423,379.124991938247,5.93786594474464,11.817811842526
42.62,479.0624,-2.7063,363.401942136724,,,,,,,,,137752.021481135,379.062425124045,5.93770090160904,11.8332104019066
42.64,479.0167,-2.5664,344.657049967203,,,,,,,,,130630.791405876,379.016739736809,5.93758037227804,11.7801302368399
42.66,478.9598,-2.8237,379.273492214261,,,,,,,,,143729.395046512,378.959769129649,5.93743004939441,11.8756876095787
42.68,478.9038,-2.4973,335.483815782175,,,,,,,,,127116.089359382,378.903790226102,5.93728232121048,11.7528560373593
42.70,478.8599,-2.3144,310.949734731707,,,,,,,,,117806.377680906,378.859875158124,5.93716641418027,11.6767976886399
42.72,478.8112,-2.5408,341.404303171783,,,,,,,,,129327.777960855,378.811212276318,5.93703796033616,11.7701053751038
42.74,478.7582,-2.8061,377.100981754644,,,,,,,,,142830.105333767,378.758243134719,5.93689812063881,11.8694111283329
42.76,478.6990,-2.7002,362.929138054757,,,,,,,,,137440.890572322,378.698969470966,5.93674161367607,11.8309492169142
42.78,478.6502,-2.5742,346.043065934171,,,,,,,,,131029.288386622,378.650235434998,5.93661291733436,11.7831761526644
42.80,478.5960,-2.6289,353.441709958059,,,,,,,,,133811.617735806,378.596000318367,5.93646967431997,11.8041882520235
42.82,478.5451,-2.5747,346.207026375574,,,,,,,,,131054.966424384,378.545079793418,5.93633516695704,11.7833721052054
42.84,478.4930,-2.6759,359.863525014134,,,,,,,,,136205.829126896,378.493010986724,5.93619760767855,11.8219224700702
42.86,478.4380,-2.6385,354.879355141891,,,,,,,,,134299.848542015,378.43804266472,5.93605236770766,11.8078302547521
42.88,478.3875,-2.5670,345.307246122471,,,,,,,,,130659.93580953,378.38747166976,5.93591872793448,11.780353317116
42.90,478.3354,-2.8874,388.464345039188,,,,,,,,,146969.799291004,378.335363767241,5.93578100801865,11.8979823976538
42.92,478.2720,-2.7660,372.190099647839,,,,,,,,,140789.084327037,378.271975692663,5.93561344930908,11.8550181936144
42.94,478.2247,-2.6481,356.372855310597,,,,,,,,,134789.025159867,378.224724894919,5.93548852927237,11.8114660584179
42.96,478.1661,-2.5596,344.510466541709,,,,,,,,,130282.16298996,378.166051957052,5.93533339005126,11.7774578618772
42.98,478.1223,-2.3955,322.460795733873,,,,,,,,,121929.631566486,378.122342869594,5.93521780163868,11.7111993668692
43.00,478.0702,-2.5651,345.343181820454,,,,,,,,,130563.977476529,378.070233754926,5.9350799819447,11.7796186344745
43.02,478.0197,-2.6019,350.345602005884,,,,,,,,,132437.553163479,378.019739380815,5.93494641484031,11.7938665164337
43.04,477.9662,-2.5297,340.676907999763,,,,,,,,,128764.34200865,377.966157919748,5.93480466229876,11.765739206564
43.06,477.9186,-2.6481,356.665439351745,,,,,,,,,134790.48572223,377.918550132634,5.93467869656174,11.8114768942738
43.08,477.8602,-2.5019,337.021120502307,,,,,,,,,127346.879131176,377.860233036357,5.9345243733717,11.7546699738739
43.10,477.8185,-2.4536,330.548025039901,,,,,,,,,124887.150667188,377.818474795343,5.93441385486529,11.7351658138574
43.12,477.7621,-2.5329,341.281504074932,,,,,,,,,128923.214487259,377.762090672669,5.93426460771587,11.7669722695873
43.14,477.7172,-2.4631,331.928460221335,,,,,,,,,125375.075549491,377.717160697484,5.93414566341619,11.7390651278522
43.16,477.6636,-2.7244,367.184982775808,,,,,,,,,138672.389563313,377.663564874007,5.93400375928294,11.8398695206129
43.18,477.6082,-2.7685,373.185238052086,,,,,,,,,140917.800494089,377.608185226289,5.9338571110128,11.855932024145
43.20,477.5528,-2.5956,349.936379270593,,,,,,,,,132119.468511497,377.552824850295,5.93371049227758,11.7914618567256
43.22,477.5044,-2.7860,375.652109595151,,,,,,,,,141810.30897398,377.504359357417,5.93358211658907,11.8622455912414
43.24,477.4414,-2.7181,366.552714450065,,,,,,,,,138352.163649476,377.441383450249,5.93341528100409,11.8375576240482
43.26,477.3956,-2.3741,320.207543011179,,,,,,,,,120844.92919788,377.395635535235,5.93329406830805,11.7022634257799
43.28,477.3464,-2.4687,333.004192167031,,,,,,,,,125657.938979895,377.34641765971,5.93316364527045,11.7413187242618
43.30,477.2969,-2.6742,360.766685786526,,,,,,,,,136116.147642478,377.296887448808,5.9330323773969,11.8212638270277
43.32,477.2395,-2.5511,344.214778751291,,,,,,,,,129851.394164654,377.23945100706,5.93288013438637,11.7741459537653
43.34,477.1948,-2.4350,328.589950557902,,,,,,,,,123942.435121749,377.194843942463,5.9327618813723,11.7275725039086
43.36,477.1421,-2.4689,333.209951505048,,,,,,,,,125667.484539732,377.142051046542,5.93262190970617,11.7413946860146
43.38,477.0961,-2.4417,329.574011916574,,,,,,,,,124281.070717096,377.096088354673,5.93250003124491,11.7303009788311
43.40,477.0444,-2.6411,356.547366540737,,,,,,,,,134434.182529952,377.044384969794,5.93236291253351,11.8088300090339
43.42,476.9904,-2.8328,382.478555102217,,,,,,,,,144190.760106348,376.990443471564,5.93221983824493,11.8788924248476
43.44,476.9311,-2.7478,371.064521869989,,,,,,,,,139865.748342136,376.931072896108,5.93206234021817,11.8484383011006
43.46,476.8805,-2.5018,337.890079867077,,,,,,,,,127344.19245007,376.88053020132,5.93192824120814,11.7546488763059
43.48,476.8310,-2.4736,334.124958132335,,,,,,,,,125908.641987752,376.830999670141,5.93179681020493,11.7433118593586
43.50,476.7816,-2.6209,354.062387269147,,,,,,,,,133404.187499681,376.781585100343,5.93166566969357,11.8011388025233
43.52,476.7262,-2.6702,360.774030429365,,,,,,,,,135913.016629135,376.726164206947,5.93151856863576,11.819770376488
43.54,476.6748,-2.7660,373.775455856322,,,,,,,,,140791.786885634,376.674778077869,5.93138215752641,11.8550373892265
43.56,476.6155,-2.7957,377.848563702181,,,,,,,,,142303.634513155,376.615523210824,5.93122483473315,11.8657183249546
43.58,476.5629,-2.3457,317.074124837123,,,,,,,,,119398.367499866,376.562948998752,5.93108522848019,11.6902208073167
43.60,476.5217,-2.2980,310.662047125232,,,,,,,,,116971.000306747,376.521694198436,5.93097566629292,11.6696813224313
43.62,476.4710,-2.5658,346.904457244636,,,,,,,,,130599.477473249,376.471027528915,5.93084109216455,11.7798904948459
43.64,476.4191,-2.7573,372.851875785278,,,,,,,,,140348.553650807,376.419062812043,5.93070305151925,11.8518842764345
43.66,476.3607,-2.7244,368.458119616645,,,,,,,,,138673.16865923,376.360734846906,5.9305480846473,11.8398751388455
43.68,476.3101,-2.5866,349.862984618325,,,,,,,,,131656.970084848,376.310086728597,5.930413502259,11.787955107578
43.70,476.2573,-2.5679,347.390810025824,,,,,,,,,130708.318648144,376.257272431668,5.93027314459833,11.780723544474
43.72,476.2074,-2.3618,319.550473834676,,,,,,,,,120217.243282737,376.207369809544,5.93014050681206,11.6970557457258
43.74,476.1628,-2.2567,305.366363272175,,,,,,,,,114867.466205904,376.162799907082,5.93002202815804,11.651534274969
43.76,476.1171,-2.3968,324.365229135964,,,,,,,,,121999.309777095,376.117101398549,5.92990053479232,11.7117706661346
43.78,476.0669,-2.5803,349.236513752865,,,,,,,,,131336.302505229,376.066926948448,5.92976712475359,11.7855165072642
43.80,476.0139,-2.4794,335.633078965195,,,,,,,,,126202.699963101,376.013890979406,5.92962608680164,11.7456446231797
43.82,475.9678,-2.2396,303.203173868086,,,,,,,,,113994.615303233,375.96775076249,5.92950337046281,11.6439064920789
43.84,475.9243,-2.3484,317.970849392092,,,,,,,,,119532.971679885,375.92430849687,5.92938781593571,11.6913475259357
43.86,475.8738,-2.7053,366.349160732902,,,,,,,,,137701.057022679,375.873815971627,5.92925349124487,11.8328403609595
43.88,475.8161,-2.6203,354.898759019723,,,,,,,,,133376.66621275,375.816096345768,5.92909991827542,11.8009324812177
43.90,475.7690,-2.5803,349.519540664317,,,,,,,,,131338.609022461,375.769002135992,5.92897459857461,11.7855340690269
43.92,475.7129,-2.9833,404.169353521654,,,,,,,,,151851.633482132,375.712884114052,5.92882524561462,11.9306592276247
43.94,475.6497,-3.0170,408.807752016259,,,,,,,,,153568.497047372,375.649669777456,5.92865697974505,11.9419019813125
43.96,475.5922,-2.8172,381.794227613676,,,,,,,,,143398.934874528,375.592202561084,5.9285039871641,11.8733857794669
43.98,475.5370,-2.6343,357.056239741654,,,,,,,,,134087.821947861,375.536979958337,5.92835694826818,11.8062502519309
44.00,475.4868,-2.6009,352.576754798046,,,,,,,,,132387.927943163,375.486829864874,5.92822339699355,11.793491739651
44.02,475.4329,-2.7595,374.131581351516,,,,,,,,,140461.320701335,375.432943121059,5.92807987501998,11.8526874323552
44.04,475.3764,-2.6921,365.039627208671,,,,,,,,,137027.278847105,375.376448565062,5.92792938527723,11.8279353006617
44.06,475.3253,-2.5597,347.14341450106,,,,,,,,,130291.692463695,375.325260457438,5.92779301124987,11.7775310040865
44.08,475.2741,-2.4652,334.368697139848,,,,,,,,,125479.898195271,375.274059051016,5.92765658318454,11.7399008509819
44.10,475.2267,-2.0849,282.825048634762,,,,,,,,,106123.496181301,375.226652284071,5.92753024948147,11.5723587532546
44.12,475.1907,-2.1315,289.168130246369,,,,,,,,,108493.182238011,375.190662074606,5.9274343289615,11.5944426134723
44.14,475.1414,-2.3224,315.104134436643,,,,,,,,,118208.603962158,375.141393093737,5.92730300315555,11.680206172863
44.16,475.0978,-2.4797,336.486810922513,,,,,,,,,126215.451750571,375.097768035954,5.92718670675277,11.7457456601883
44.18,475.0422,-2.5890,351.370671939903,,,,,,,,,131778.832239642,375.042206886809,5.9270385713351,11.7888802829901
44.20,474.9942,-2.4143,327.708284091849,,,,,,,,,122888.709056138,374.994209855541,5.92691058546598,11.7190344203503
44.22,474.9456,-2.4545,333.212774265118,,,,,,,,,124936.675235347,374.945634995201,5.92678104211463,11.735562289803
44.24,474.8960,-2.6746,363.13644003602,,,,,,,,,136138.40919966,374.896028573051,5.92664873038901,11.8214273619011
44.26,474.8387,-2.7048,367.289044181601,,,,,,,,,137674.129792409,374.838650848343,5.9264956689757,11.8326447933728
44.28,474.7878,-2.8258,383.77097749353,,,,,,,,,143832.694781788,374.78783758267,5.92636009941797,11.8764060613036
44.30,474.7256,-2.8374,385.421572692626,,,,,,,,,144427.337850174,374.725620159708,5.92619407858816,11.8805318078141
44.32,474.6743,-2.5191,342.227976392551,,,,,,,,,128224.041045727,374.67433959475,5.92605722092125,11.7615343335454
44.34,474.6249,-2.6193,355.89094703078,,,,,,,,,133325.594607356,374.624855506158,5.92592513993414,11.8005494952928
44.36,474.5696,-2.9273,397.795256489893,,,,,,,,,149001.996537973,374.569565893652,5.925777542432,11.9117149844215
44.38,474.5078,-2.7647,375.754856783731,,,,,,,,,140723.110673919,374.507762530168,5.92561253045986,11.8545494845816
44.40,474.4590,-2.2660,308.015762440057,,,,,,,,,115339.267878126,374.458978866617,5.92548226122113,11.6556332196386
44.42,474.4171,-2.3156,314.797551466064,,,,,,,,,117865.593658995,374.417123354598,5.92537047901326,11.6773002174642
44.44,474.3664,-2.6134,355.324106666174,,,,,,,,,133021.390436675,374.366354382053,5.92523487513275,11.798265224623
44.46,474.3126,-2.6242,356.852196609627,,,,,,,,,133574.26950046,374.312588711852,5.92509124702409,11.8024129279767
44.48,474.2614,-2.5482,346.556111492345,,,,,,,,,129702.570357512,374.261385260196,5.92495444437394,11.7729991878222
44.50,474.2107,-2.4768,336.895373869348,,,,,,,,,126069.840933768,374.210662158453,5.92481890664212,11.7445913254951
44.52,474.1623,-2.5722,349.915016987254,,,,,,,,,130925.012277796,374.16231348129,5.92468969653218,11.782380012925
44.54,474.1078,-2.5297,344.187127632889,,,,,,,,,128763.080485538,374.107774951064,5.92454392422037,11.7657294093696
44.56,474.0611,-2.4381,331.760198980849,,,,,,,,,124098.593335472,374.061125224475,5.92441922048933,11.7288316362008
44.58,474.0103,-2.7694,376.897941288744,,,,,,,,,140963.694102905,374.010252273869,5.92428320953579,11.8562576475725
44.60,473.9503,-2.6974,367.157379560602,,,,,,,,,137298.630274305,373.950349135345,5.92412303227903,11.8299136155541
44.62,473.9024,-2.2692,308.918937080567,,,,,,,,,115505.518501484,373.902356369171,5.9239946841006,11.6570735870362
44.64,473.8596,-2.2191,302.131610082299,,,,,,,,,112954.796642224,373.859579311994,5.92388027052809,11.6347429879464
44.66,473.8136,-2.4211,329.663022192863,,,,,,,,,123232.518154541,373.813591026434,5.92375725344672,11.7218282413135
44.68,473.7627,-2.7788,378.432607565796,,,,,,,,,141444.00726412,373.762737238567,5.92362120369227,11.8596592093714
44.70,473.7024,-2.5388,345.799475295624,,,,,,,,,129226.106798659,373.70243748399,5.92345985903905,11.7693189149234
44.72,473.6612,-2.2770,310.178293083159,,,,,,,,,115901.588589867,373.661185113279,5.92334946466205,11.6604967357901
44.74,473.6114,-2.7449,373.966437959125,,,,,,,,,139718.108137577,373.611356409606,5.92321610313469,11.8473821584453
44.76,473.5514,-2.6384,359.508136928213,,,,,,,,,134294.763498599,373.551387865848,5.92305557975649,11.8077923906759
44.78,473.5058,-2.3611,321.758002762436,,,,,,,,,120178.487013649,373.505821088716,5.92293358969564,11.6967333084731
44.80,473.4569,-2.5232,343.90542578295,,,,,,,,,128433.869956197,373.456945797813,5.9228027256335,11.7631694201585
44.82,473.4049,-2.5661,349.79055177802,,,,,,,,,130613.503048898,373.404891541458,5.92266333102572,11.779997882891
44.84,473.3543,-2.5799,351.719177639957,,,,,,,,,131315.868556474,373.354303389444,5.92252784383672,11.7853609102348
44.86,473.3017,-2.5990,354.379180909683,,,,,,,,,132290.349678949,373.3016971803,5.9223869323348,11.7927544047287
44.88,473.2503,-2.7159,370.373513412219,,,,,,,,,138242.041005851,373.250343233885,5.92224935600062,11.8367613481495
44.90,473.1931,-2.7176,370.653406560426,,,,,,,,,138325.278955836,373.193059897818,5.92209587259936,11.837363284434
44.92,473.1416,-2.3681,323.029552674651,,,,,,,,,120535.777227597,373.141640538995,5.92195808091187,11.6997018942979
44.94,473.0983,-2.6240,357.98261966907,,,,,,,,,133562.720092711,373.098337053851,5.92184202311145,11.8023264599232
44.96,473.0367,-2.9567,403.43240911165,,,,,,,,,150495.086698393,373.036680493222,5.92167675393276,11.9216857161159
44.98,472.9801,-2.8413,387.757065291751,,,,,,,,,144625.657640666,372.980070735393,5.92152498855258,11.8819040116985
45.00,472.9230,-2.6968,368.092770935536,,,,,,,,,137270.27022748,372.923026656017,5.92137203549557,11.8297070368274
45.02,472.8722,-2.4818,338.786217482424,,,,,,,,,126323.961265762,372.872197117392,5.92123572585699,11.7466050074132
45.04,472.8238,-2.3185,316.531646311999,,,,,,,,,118010.517010417,372.823755177063,5.92110580174986,11.6785290266831
45.06,472.7795,-2.3783,324.741542716656,,,,,,,,,121056.976525947,372.779458745048,5.92098698136057,11.7040165941292
45.08,472.7286,-2.4833,339.117445642999,,,,,,,,,126398.778464835,372.728622749477,5.92085060189826,11.7471970966042
45.10,472.6801,-2.5407,347.003576036849,,,,,,,,,129321.337297351,372.68012847112,5.9207204873045,11.77005557278
45.12,472.6270,-2.4228,330.947220308861,,,,,,,,,123319.8684679,372.626995787456,5.92057790800524,11.7225368154077
45.14,472.5832,-2.2448,306.67848830724,,,,,,,,,114263.257989319,372.583217753592,5.92046041623415,11.6462603456941
45.16,472.5372,-2.1774,297.498272393742,,,,,,,,,110829.174054668,372.537202192504,5.9203369044905,11.6157453223795
45.18,472.4961,-2.3817,325.456438260316,,,,,,,,,121231.261401345,372.496122827899,5.92022662924974,11.7054552517129
45.20,472.4419,-2.5629,350.262089816652,,,,,,,,,130452.289719084,372.441932803433,5.92008114057682,11.778762842876
45.22,472.3936,-2.5477,348.225302194619,,,,,,,,,129676.876370793,372.393607108762,5.91995137852291,11.7728010689109
45.24,472.3400,-2.4041,328.653553902493,,,,,,,,,122370.872950184,372.340026441611,5.91980748635844,11.7148116546487
45.26,472.2974,-2.3944,327.361134174056,,,,,,,,,121875.712914882,372.297442157814,5.91969311047584,11.710757057841
45.28,472.2443,-2.6849,367.128615699826,,,,,,,,,136661.516429171,372.244250611369,5.91955022647874,11.8252624646377
45.30,472.1900,-2.5506,348.816646816812,,,,,,,,,129826.084148014,372.190046927993,5.91940460265767,11.7739510195193
45.32,472.1422,-2.2387,306.20245103264,,,,,,,,,113950.862038571,372.142226994859,5.91927611183476,11.6435225997051
45.34,472.1005,-2.3779,325.272930798375,,,,,,,,,121034.21980561,372.100498828889,5.91916397592918,11.703828592907
45.36,472.0471,-2.6781,366.392903567514,,,,,,,,,136315.421794687,372.047112450605,5.91902049262677,11.8227267572466
45.38,471.9934,-2.6299,359.855208348762,,,,,,,,,133863.75367261,371.993375576971,5.9188760465258,11.804577798041
45.40,471.9419,-2.3570,322.549720285731,,,,,,,,,119969.760916113,371.941915838083,5.91873770186179,11.694994997643
45.42,471.8991,-2.4990,342.033107326296,,,,,,,,,127201.803942083,371.899097536,5.91862257429727,11.7535301117222
45.44,471.8420,-2.5665,351.321940143341,,,,,,,,,130636.236884405,371.841954507893,5.91846891052393,11.7801719219968
45.46,471.7964,-2.1544,294.946170721518,,,,,,,,,109659.935458413,371.796437262283,5.91834649283767,11.605139360397
45.48,471.7558,-2.3484,321.538721846499,,,,,,,,,119533.877834289,371.755778426445,5.91823712907002,11.6913551066974
45.50,471.7025,-2.8645,392.25695795957,,,,,,,,,145802.892606073,371.70250175932,5.91809380786791,11.8900109379077
45.52,471.6412,-2.8997,397.142254842536,,,,,,,,,147594.423946351,371.641199461062,5.91792887124897,11.9022234122936
45.54,471.5865,-2.4313,333.039050524214,,,,,,,,,123752.82011721,371.586514921956,5.91778171705074,11.7260414689972
45.56,471.5439,-2.2070,302.348979127903,,,,,,,,,112335.933532903,371.543948509187,5.91766715732022,11.6292490675757
45.58,471.4982,-2.5536,349.874796792289,,,,,,,,,129977.869798329,371.498235911784,5.91754411559145,11.775119482626
45.60,471.4418,-2.4306,333.07945464244,,,,,,,,,123719.634044705,371.441805612171,5.91739220481382,11.7257732688631
45.62,471.4010,-2.1111,289.324079728662,,,,,,,,,107455.255729191,371.401011039129,5.91728237115273,11.5848298141289
45.64,471.3574,-2.5235,345.891006764792,,,,,,,,,128449.171837533,371.357362074692,5.9171648390829,11.7632885551644
45.66,471.3001,-2.6267,360.086861745262,,,,,,,,,133700.276780139,371.300069466913,5.91701054827408,11.803355833246
45.68,471.2523,-2.5067,343.679263658956,,,,,,,,,127591.715009636,371.25229393022,5.91688186903444,11.7565907183933
45.70,471.1998,-2.5815,353.981326292693,,,,,,,,,131397.798134464,371.199801725746,5.9167404667679,11.7859846279247
45.72,471.1490,-2.7493,377.052160989713,,,,,,,,,139942.545765689,371.149035184836,5.91660369403124,11.8489872299716
45.74,471.0898,-2.8608,392.395095313528,,,,,,,,,145613.828468896,371.089828104372,5.91644415757063,11.8887133859827
45.76,471.0346,-2.6131,358.477212635935,,,,,,,,,133007.450918458,371.034604795198,5.91629533263824,11.798160427578
45.78,470.9853,-2.7417,376.174810675743,,,,,,,,,139555.326652161,370.985304415973,5.91616245108429,11.8462164084414
45.80,470.9249,-2.9325,402.410757953958,,,,,,,,,149264.184426237,370.924935469332,5.91599971186456,11.9134730647708
45.82,470.8680,-2.6970,370.149441096053,,,,,,,,,137276.58491924,370.868005400059,5.91584621870967,11.8297530376586
45.84,470.8171,-2.7588,378.683517456356,,,,,,,,,140422.307435518,370.817056888941,5.91570883287358,11.8524096428213
45.86,470.7577,-2.7951,383.731099246278,,,,,,,,,142271.24241455,370.757654758758,5.9155486274907,11.8654906724007
45.88,470.7053,-2.5437,349.26526107027,,,,,,,,,129474.467061757,370.705253265103,5.91540728125968,11.7712389751358
45.90,470.6559,-2.4097,330.913309644275,,,,,,,,,122654.973076778,370.655907459962,5.91527415908434,11.7171305957605
45.92,470.6089,-2.4490,336.350306477232,,,,,,,,,124654.405344271,370.608865054533,5.91514723438149,11.7333004300382
45.94,470.5579,-2.7019,371.131767424838,,,,,,,,,137525.826174118,370.557947998806,5.91500983736125,11.8315670051724
45.96,470.5008,-2.8066,385.580375213081,,,,,,,,,142857.833859495,370.500790608309,5.91485557862944,11.8696052459137
45.98,470.4457,-2.8068,385.661357370448,,,,,,,,,142866.585093238,370.445683403037,5.91470683048822,11.8696665023774
46.00,470.3885,-2.6060,358.126621397273,,,,,,,,,132645.988962299,370.388519135397,5.91455250643688,11.7954391213575
46.02,470.3414,-2.2123,304.068693642684,,,,,,,,,112609.239008563,370.341443768927,5.91442540109785,11.6316790429075
46.04,470.3000,-2.0738,285.064554922809,,,,,,,,,105559.411913893,370.300025348563,5.91431355637369,11.5670292194943
46.06,470.2585,-2.3567,323.984877630495,,,,,,,,,119958.15159932,370.258490077219,5.91420138354596,11.6948982242691
46.08,470.2058,-2.5261,347.315375132686,,,,,,,,,128578.151171027,370.205756430754,5.91405894953432,11.76429217877
46.10,470.1574,-2.5054,344.524686392756,,,,,,,,,127528.378394196,370.157447146803,5.91392844795405,11.7560941944551
46.12,470.1055,-2.4363,335.06820453303,,,,,,,,,124010.598260381,370.105538462563,5.91378820405334,11.7281223107766
46.14,470.0600,-2.3752,326.702913475332,,,,,,,,,120899.678076446,370.059993620394,5.91366513741419,11.7027163738735
46.16,470.0105,-2.3348,321.191083662644,,,,,,,,,118844.082984136,370.010529647707,5.91353146374065,11.6855676859717
46.18,469.9666,-2.4142,332.141578848648,,,,,,,,,122881.290708901,369.966600191589,5.91341273181125,11.7189740521423
46.20,469.9140,-2.6899,370.129384365639,,,,,,,,,136916.027610264,369.913963585796,5.91327044774958,11.8271230797361
46.22,469.8590,-2.6125,359.537071206697,,,,,,,,,132978.02340079,369.859004954572,5.91312186532318,11.7979391559626
46.24,469.8095,-2.2205,305.627655900564,,,,,,,,,113023.999313555,369.809463022964,5.91298790819556,11.6353554584501
46.26,469.7702,-2.1421,294.874033763624,,,,,,,,,109035.626084006,369.770185229028,5.91288169166008,11.5994299526165
46.28,469.7238,-2.5097,345.512372043424,,,,,,,,,127744.139383544,369.723777554019,5.91275617968188,11.7577846313467
46.30,469.6698,-2.3282,320.574441406761,,,,,,,,,118506.688904364,369.669797705416,5.91261016854382,11.6827246844146
46.32,469.6306,-2.2911,315.492833022954,,,,,,,,,116615.820708982,369.630649265802,5.91250426183211,11.6666402273048
46.34,469.5782,-2.5426,350.185562645444,,,,,,,,,129420.934273716,369.578155352887,5.9123622345384,11.7708254275136
46.36,469.5289,-2.4641,339.417777393804,,,,,,,,,125424.692867263,369.52894403566,5.91222907029917,11.7394608006133
46.38,469.4796,-2.5559,352.109534855142,,,,,,,,,130097.286771443,369.479590562537,5.91209550357866,11.7760378093365
46.40,469.4267,-2.6870,370.218467052695,,,,,,,,,136768.589263083,369.42670729501,5.91195236427191,11.8260456471561
46.42,469.3721,-2.8826,397.22925606899,,,,,,,,,146725.408940518,369.372111189704,5.91180456732356,11.8963181525449
46.44,469.3114,-2.9600,407.958528344308,,,,,,,,,150663.736620278,369.311403371671,5.91164019972371,11.9228057227466
46.46,469.2537,-2.6586,366.47927179861,,,,,,,,,135323.831606556,369.25371233798,5.91148397508602,11.8154259376472
46.48,469.2051,-2.8177,388.464458682956,,,,,,,,,143423.043527014,369.205059359286,5.91135220610817,11.8735538882895
46.50,469.1410,-2.7329,376.834944649125,,,,,,,,,139105.229649197,369.141003573115,5.91117869455431,11.8429859735326
46.52,469.0957,-2.4520,338.138607187089,,,,,,,,,124805.520707405,369.095743741416,5.91105607851841,11.7345119703766
46.54,469.0429,-2.5691,354.341790688571,,,,,,,,,130767.331012373,369.042925358198,5.91091296615885,11.7811749239069
46.56,468.9930,-2.2176,305.906810207795,,,,,,,,,112877.465637791,368.992980447593,5.91077762068233,11.6340581344478
46.58,468.9542,-2.1946,302.75946409137,,,,,,,,,111704.382159389,368.954220785904,5.91067257343326,11.6236112157953
46.60,468.9052,-2.2215,306.512487391715,,,,,,,,,113074.049771338,368.905197741038,5.91053969434083,11.6357981907851
46.62,468.8654,-2.1845,301.442612469418,,,,,,,,,111191.738288853,368.86536172829,5.91043170409298,11.619011362075
46.64,468.8178,-2.2727,313.660641492388,,,,,,,,,115683.633354716,368.817817894833,5.91030280367926,11.6586144455674
46.66,468.7745,-2.1545,297.377190488697,,,,,,,,,109665.110440045,368.774451933673,5.9101852157842,11.6051865504624
46.68,468.7316,-2.3977,330.976627704276,,,,,,,,,122041.553989255,368.731637746633,5.91006911047284,11.7121168721915
46.70,468.6785,-2.5993,358.861101001147,,,,,,,,,132304.388853213,368.678545777493,5.90992511471466,11.7928605230465
46.72,468.6277,-2.6150,361.080962122841,,,,,,,,,133104.432506009,368.627666558412,5.90978710090626,11.7988893059024
46.74,468.5739,-2.6933,371.952908606198,,,,,,,,,137092.151205143,368.573945876272,5.90964135873389,11.8284086152256
46.76,468.5199,-2.5135,347.164570558665,,,,,,,,,127937.064252728,368.519932914954,5.90949480220162,11.7592937364592
46.78,468.4734,-2.5609,353.752427196267,,,,,,,,,130348.361992602,368.473406742966,5.90936854279181,11.7779658530579
46.80,468.4175,-2.6278,363.060545434395,,,,,,,,,133757.85808632,368.417498867252,5.90921680289274,11.8037864150797
46.82,468.3683,-2.4716,341.526112614746,,,,,,,,,125807.39123778,368.368293348319,5.90908323484752,11.7425073754
46.84,468.3186,-2.5253,348.992997110987,,,,,,,,,128540.623739059,368.318633334011,5.90894841498692,11.7640002714035
46.86,468.2673,-2.2648,313.03606502716,,,,,,,,,115280.940180898,368.267279908774,5.90880897863768,11.655127386269
46.88,468.2280,-2.3780,328.718760545993,,,,,,,,,121043.464905492,368.228039995168,5.90870242015025,11.7039049741719
46.90,468.1722,-2.4931,344.669456120492,,,,,,,,,126897.697490785,368.172158099274,5.90855064969678,11.7511365092572
46.92,468.1283,-2.4361,336.838871094339,,,,,,,,,123999.926933918,368.128317646537,5.90843156664785,11.7280362553444
46.94,468.0747,-2.6538,366.989946899364,,,,,,,,,135079.719363789,368.074712958909,5.90828594190714,11.8136203969417
46.96,468.0222,-2.5850,357.529419623331,,,,,,,,,131578.751228782,368.02216546936,5.90814316860874,11.7873608200096
46.98,467.9713,-2.5425,351.700635485721,,,,,,,,,129415.744275076,367.971312011832,5.90800497864058,11.770785325016
47.00,467.9205,-2.6178,362.161496573291,,,,,,,,,133246.625977264,367.92046431777,5.90786678523829,11.7999570207114
47.02,467.8666,-2.5490,352.697416532363,,,,,,,,,129745.599578373,367.866600368103,5.90772037345057,11.7733308858355
47.04,467.8185,-2.6003,359.83702183474,,,,,,,,,132354.715037051,367.818503949927,5.90758962071964,11.7932408325367
47.06,467.7626,-2.5912,358.636359454058,,,,,,,,,131893.036288706,367.762589631133,5.90743759310667,11.7897465419266
47.08,467.7149,-2.4911,344.8309656176,,,,,,,,,126799.468874158,367.714856022448,5.90730779005415,11.7503621322869
47.10,467.6629,-2.6564,367.761273496273,,,,,,,,,135212.192677626,367.6629444753,5.90716660671357,11.8146006210516
47.12,467.6086,-2.7174,376.259389249084,,,,,,,,,138316.187221385,367.608599741334,5.90701878449879,11.8372975550653
47.14,467.5542,-2.9018,401.85533739596,,,,,,,,,147703.636713129,367.554248925135,5.90687092388152,11.9029630905124
47.16,467.4925,-2.7498,380.873415382091,,,,,,,,,139968.133916087,367.492527079295,5.90670298396803,11.8491700607981
47.18,467.4443,-2.3336,323.26848411783,,,,,,,,,118783.147374807,367.444255195354,5.90657162060407,11.6850548187336
47.20,467.3992,-2.6349,365.039200981995,,,,,,,,,134115.103669574,367.399181536639,5.90644894506118,11.8064536928274
47.22,467.3389,-2.6707,370.066290736441,,,,,,,,,135939.729755767,367.338861059847,5.90628474918882,11.8199669029317
47.24,467.2924,-2.3062,319.603792204567,,,,,,,,,117388.029033275,367.292353521698,5.90615813453568,11.6732402138285
47.26,467.2466,-2.4671,341.944528334293,,,,,,,,,125577.969477798,367.246611868665,5.90603358933046,11.7406821153846
47.28,467.1937,-2.4579,340.712367525634,,,,,,,,,125107.42405982,367.193668279174,5.90588941534923,11.7369280396967
47.30,467.1483,-2.2329,309.56565615811,,,,,,,,,113656.503283479,367.14829640349,5.90576584383099,11.6409360496715
47.32,467.1044,-1.9035,263.927576220089,,,,,,,,,96888.9617116166,367.104351501417,5.90564614415473,11.4813208771653
47.34,467.0722,-2.2127,306.820130359807,,,,,,,,,112625.126869185,367.072156370934,5.90555844009403,11.6318201213845
47.36,467.0158,-2.8564,396.150630292238,,,,,,,,,145393.55841476,367.015845229134,5.90540502213382,11.8871995405882
47.38,466.9579,-2.5017,347.007524800137,,,,,,,,,127337.152265664,366.957899080158,5.9052471250713,11.754593590086
47.40,466.9158,-2.3192,321.733141570458,,,,,,,,,118048.965798323,366.915777535684,5.90513233271435,11.6788547817665
47.42,466.8651,-2.5100,348.243427574435,,,,,,,,,127758.370500389,366.865130492897,5.90499428866793,11.7578960284274
47.44,466.8154,-2.3260,322.766553090016,,,,,,,,,118395.735444907,366.815378828572,5.90485866651695,11.6817879825816
47.46,466.7721,-2.4738,343.313675215618,,,,,,,,,125917.87397749,366.772089397275,5.90474064533142,11.7433851795942
47.48,466.7164,-2.7212,377.699002259298,,,,,,,,,138508.428390815,366.716426472651,5.90458886947255,11.8386864575653
47.50,466.6632,-2.8344,393.468645340862,,,,,,,,,144270.489430849,366.663242774701,5.90444383218757,11.8794452153985
47.52,466.6031,-2.6571,368.919147081663,,,,,,,,,135246.885166859,366.603051743805,5.90427965982214,11.814857166254
47.54,466.5570,-2.4804,344.437325917714,,,,,,,,,126255.898833899,366.55695923055,5.90415392324997,11.7460660694829
47.56,466.5038,-2.5933,360.166346814455,,,,,,,,,132002.346895807,366.503833751602,5.90400898171293,11.7905749809241
47.58,466.4532,-2.4492,340.187628691453,,,,,,,,,124662.853775674,366.453225401509,5.90387088808373,11.7333682025737
47.60,466.4059,-2.3864,331.511596919046,,,,,,,,,121467.794305578,366.40586765126,5.90374164700379,11.7074044391824
47.62,466.3578,-2.6263,364.886931634601,,,,,,,,,133679.162624486,366.357770133441,5.90361036997145,11.8031978992198
47.64,466.3008,-2.6367,366.385337468143,,,,,,,,,134207.248121403,366.300816099313,5.90345489773564,11.8071405119078
47.66,466.2523,-2.4985,347.227654808587,,,,,,,,,127172.928442537,366.252303586367,5.90332244996711,11.7533030805277
47.68,466.2009,-2.5476,354.108123369335,,,,,,,,,129674.705493879,366.200877460887,5.9031820283623,11.7727843281075
47.70,466.1504,-2.5449,353.772679250779,,,,,,,,,129534.007638393,366.150398930525,5.90304417503407,11.7716987328928
47.72,466.0991,-2.2947,319.04800216322,,,,,,,,,116803.181143695,366.099083372226,5.90290401635968,11.6682455848247
47.74,466.0586,-2.4797,344.796154107117,,,,,,,,,126215.600678612,366.058609341104,5.90279345539292,11.7457468401386
47.76,465.9999,-2.5267,351.393366812222,,,,,,,,,128609.936076715,365.999897048262,5.90263305211243,11.764539351228
47.78,465.9575,-2.3963,333.295052055788,,,,,,,,,121971.837821977,365.957541432572,5.9025173196572,11.7115454595435
47.80,465.9040,-2.4375,339.076917161689,,,,,,,,,124069.615785628,365.904045678419,5.90237112875119,11.7285981046773
47.82,465.8600,-2.3331,324.587449663411,,,,,,,,,118753.577813108,365.860041527337,5.90225086006923,11.6848058503955
47.84,465.8107,-2.2967,319.574258680728,,,,,,,,,116903.690739373,365.810723372955,5.90211605037935,11.6691057187272
47.86,465.7682,-2.1235,295.50352083928,,,,,,,,,108085.782918448,365.768172952614,5.90199972548096,11.5906804771099
47.88,465.7258,-2.1856,304.185736435577,,,,,,,,,111248.567041942,365.725784336713,5.90188382946972,11.6195223194237
47.90,465.6807,-2.4969,347.551252729729,,,,,,,,,127092.802222117,365.680748447626,5.90176068074975,11.7526728247488
47.92,465.6259,-2.5825,359.526866185894,,,,,,,,,131452.337138822,365.625908665347,5.90161070322159,11.7863996096791
47.94,465.5774,-2.5840,359.775315286948,,,,,,,,,131525.741199686,365.577446842855,5.90147814961062,11.7869578620113
47.96,465.5225,-2.5042,348.71609863341,,,,,,,,,127463.597380976,365.522549376114,5.90132797188629,11.7555860920772
47.98,465.4773,-2.3014,320.519506253103,,,,,,,,,117142.597262684,365.477279782718,5.90120411524051,11.6711472516934
48.00,465.4305,-2.1859,304.471346082282,,,,,,,,,111263.114120604,365.430493057089,5.90107609163088,11.619653072817
48.02,465.3898,-2.4849,346.153579463314,,,,,,,,,126481.002346811,365.389843845932,5.90096484893785,11.7478473967951
48.04,465.3311,-2.8187,392.720483007134,,,,,,,,,143473.005329929,365.331098167657,5.90080406066691,11.873902180318
48.06,465.2771,-2.5978,361.992878934072,,,,,,,,,132227.707524076,365.277095818666,5.90065623218775,11.7922807723672
48.08,465.2272,-2.4730,344.659580287796,,,,,,,,,125879.049063601,365.227187239334,5.90051959074549,11.743076796841
48.10,465.1782,-2.1801,303.873203970455,,,,,,,,,110967.861745329,365.17817397324,5.90038538234897,11.6169959045456
48.12,465.1400,-2.2612,315.212237421032,,,,,,,,,115096.591116112,365.139983326145,5.90028079602108,11.6535269775565
48.14,465.0877,-2.6753,372.994250755673,,,,,,,,,136175.622634759,365.087725504809,5.90013766855333,11.8217006745547
48.16,465.0330,-2.8831,402.025406246122,,,,,,,,,146752.528031415,365.03296993517,5.89998767809262,11.8965029643318
48.18,464.9724,-2.7785,387.500803478497,,,,,,,,,141427.098352091,364.972400269976,5.89982173502478,11.8595396573089
48.20,464.9218,-2.3280,324.72206449508,,,,,,,,,118498.169913195,364.921829680566,5.89968316538711,11.6826527956676
48.22,464.8793,-2.2851,318.765264825247,,,,,,,,,116310.839896526,364.879278676394,5.8995665555225,11.6640215404963
48.24,464.8304,-2.4403,340.466399828242,,,,,,,,,124212.50202737,364.830426996711,5.89943266205945,11.7297491038614
48.26,464.7817,-2.4025,335.236868846932,,,,,,,,,122288.263684942,364.781666484239,5.89929900058926,11.7141363537421
48.28,464.7343,-2.5242,352.258420584049,,,,,,,,,128480.737949167,364.734326964119,5.89916921722436,11.7635342728531
48.30,464.6807,-2.6453,369.223069187445,,,,,,,,,134648.527366506,364.680700105845,5.89902217649616,11.8104231614291
48.32,464.6285,-2.5412,354.738949241835,,,,,,,,,129347.935791723,364.62851363847,5.89887906444854,11.77026122917
48.34,464.5791,-2.2319,311.598325995389,,,,,,,,,113602.222371418,364.579052241441,5.8987434065113,11.6404583482065
48.36,464.5392,-2.2450,313.467192863765,,,,,,,,,114271.092100174,364.53923951728,5.8986341986512,11.6463289052857
48.38,464.4893,-2.3910,333.89773758124,,,,,,,,,121702.13677911,364.489252490065,5.89849706539004,11.7093318365792
48.40,464.4436,-2.0479,286.023329780325,,,,,,,,,104239.372015317,364.443600091561,5.89837180721735,11.5544451873688
48.42,464.4073,-2.0943,292.532219215535,,,,,,,,,106600.886742252,364.407336149558,5.89827229731696,11.5768471090869
48.44,464.3598,-2.4992,349.132021624862,,,,,,,,,127209.683334058,364.359827958557,5.89814191770216,11.7535920538307
48.46,464.3074,-2.3258,324.954718936299,,,,,,,,,118383.398578727,364.307368627361,5.89799793062127,11.6816837768943
48.48,464.2668,-2.3010,321.523084146471,,,,,,,,,117120.183881432,364.266796557841,5.89788655673101,11.6709558992198
48.50,464.2153,-2.3278,325.311753672396,,,,,,,,,118483.527691249,364.215329921855,5.8977452584501,11.6825292230701
48.52,464.1737,-2.3297,325.621230222097,,,,,,,,,118582.683803146,364.173686470825,5.89763091446594,11.6833657498535
48.54,464.1221,-2.7010,377.572074317949,,,,,,,,,137482.35242725,364.12214191317,5.89748936605736,11.8312508418681
48.56,464.0656,-2.8748,401.922779057592,,,,,,,,,146326.276275429,364.065646188374,5.89733419804759,11.8935941763181
48.58,464.0072,-3.1156,435.668856942275,,,,,,,,,158586.579677117,364.007151647585,5.89717351482721,11.9740559671822
48.60,463.9410,-2.9383,410.951313461303,,,,,,,,,149562.040677747,363.941021183354,5.89699182479245,11.9154665735403
48.62,463.8896,-2.4082,336.859850790568,,,,,,,,,122579.802612972,363.889618561821,5.89685057593918,11.7165175467674
48.64,463.8447,-2.7223,380.833013776948,,,,,,,,,138564.070618384,363.844692045371,5.89672710638209,11.8390881013843
48.66,463.7807,-2.7317,382.217811632307,,,,,,,,,139043.473851539,363.780728212893,5.89655129110444,11.842541924735
48.68,463.7354,-2.5628,358.632992686658,,,,,,,,,130447.52399891,363.735424958194,5.89642674883947,11.7787263099241
48.70,463.6782,-2.8503,398.921423085754,,,,,,,,,145079.031567306,363.678216238889,5.89626945533772,11.8850339182112
48.72,463.6214,-2.7276,381.819926756133,,,,,,,,,138837.901980341,363.621414837829,5.89611325726268,11.8410623588009
48.74,463.5691,-2.4725,346.148163095097,,,,,,,,,125848.779826934,363.569110700032,5.8959694046242,11.742836305061
48.76,463.5225,-2.3686,331.657901620909,,,,,,,,,120565.115107019,363.522516779433,5.89584123942768,11.6999452602953
48.78,463.4744,-2.5239,353.441576806612,,,,,,,,,128466.952624026,363.47436480094,5.89570877124306,11.7634269722183
48.80,463.4216,-2.7002,378.187936095754,,,,,,,,,137441.650175864,363.421561234215,5.89556348616187,11.8309547436642
48.82,463.3664,-2.5241,353.571121551827,,,,,,,,,128475.850203421,363.366356504286,5.89541157188622,11.7634962294951
48.84,463.3206,-2.4267,339.977673841817,,,,,,,,,123520.892003771,363.320598696848,5.89528563648262,11.7241655867656
48.86,463.2693,-2.5318,354.754332142036,,,,,,,,,128871.353585721,363.26928781274,5.8951443989423,11.7665699267248
48.88,463.2193,-2.4491,343.212941381193,,,,,,,,,124661.573021168,363.219325353793,5.89500685388483,11.7333579287749
48.90,463.1713,-2.5046,351.031819871848,,,,,,,,,127484.690339274,363.171322718877,5.89487468633803,11.7557515606005
48.92,463.1191,-2.4102,337.84834870063,,,,,,,,,122679.202410945,363.119141717789,5.89473099451298,11.717328116829
48.94,463.0749,-2.3923,335.389143556775,,,,,,,,,121771.384945669,363.074915467725,5.89460919167066,11.7099006718918
48.96,463.0234,-2.4298,340.691128523688,,,,,,,,,123678.868136587,363.023447873512,5.89446742687157,11.7254437122317
48.98,462.9777,-2.3374,327.768373305571,,,,,,,,,118972.617692888,362.977722630893,5.8943414622188,11.6866486421947
49.00,462.9300,-2.2981,322.30474790836,,,,,,,,,116974.047150556,362.929953435916,5.89420984990329,11.6697073699484
49.02,462.8858,-2.7734,389.012761949716,,,,,,,,,141167.206850562,362.885798766698,5.89408818081816,11.8577003309671
49.04,462.8190,-2.8157,395.024166519553,,,,,,,,,143322.279952446,362.819017416625,5.89390413532535,11.8728510794172
49.06,462.7732,-2.1969,308.24224821521,,,,,,,,,111822.017262273,362.773169186725,5.89377776067357,11.6246637546815
49.08,462.7311,-2.2348,313.605363877729,,,,,,,,,113754.431860338,362.731142266716,5.89366190493186,11.6417972974638
49.10,462.6838,-2.6579,373.02145067048,,,,,,,,,135288.828053735,362.683775451955,5.89353131259451,11.8151672390847
49.12,462.6248,-2.7142,380.984671898421,,,,,,,,,138154.500265088,362.624825761817,5.89336876195008,11.8361279050297
49.14,462.5752,-2.6522,372.33678599972,,,,,,,,,135000.087243869,362.575206963221,5.89323192026108,11.8130307036712
49.16,462.5187,-2.9082,408.33648637738,,,,,,,,,148029.626970936,362.518736163411,5.89307615892709,11.9051677149485
49.18,462.4589,-2.9339,412.004856757918,,,,,,,,,149334.818161402,362.45887812227,5.89291102819726,11.9139461657247
49.20,462.4014,-2.2917,321.870323607326,,,,,,,,,116646.249984238,362.401381640091,5.89275238663421,11.6669011293481
49.22,462.3672,-2.2096,310.372746901241,,,,,,,,,112468.906930984,362.367211856944,5.89265809506728,11.6304320795901
49.24,462.3130,-2.6532,372.746875157106,,,,,,,,,135051.037882875,362.312998132991,5.89250847397012,11.8134080443662
49.26,462.2611,-2.4844,349.07063065797,,,,,,,,,126454.704433047,362.261082219062,5.89236517347008,11.7476394553052
49.28,462.2136,-2.4198,340.043222943837,,,,,,,,,123168.288068432,362.213623909732,5.89223415907027,11.721306894906
49.30,462.1643,-2.6234,368.703834773164,,,,,,,,,133531.362769771,362.164290620744,5.89209795036464,11.8020916563458
49.32,462.1087,-2.4247,340.828957224627,,,,,,,,,123417.126705498,362.10868850606,5.89194441125329,11.723325170981
49.34,462.0673,-2.0289,285.22261795524,,,,,,,,,103269.78417256,362.067303472988,5.89183011574067,11.5451001067297
49.36,462.0275,-2.1890,307.765199239008,,,,,,,,,111419.47616678,362.027534114578,5.89172027002327,11.6210574221347
49.38,461.9797,-2.4527,344.896090552628,,,,,,,,,124845.398792246,361.979744659343,5.89158825628057,11.7348314411421
49.40,461.9294,-2.3783,334.472869655805,,,,,,,,,121055.57324597,361.929424561532,5.89144923304387,11.7040050021653
49.42,461.8846,-2.3236,326.824437715057,,,,,,,,,118272.735270786,361.884613334523,5.89132541332024,11.6807485523201
49.44,461.8365,-2.2487,316.328027567425,,,,,,,,,114459.020060006,361.836480125396,5.89119239741222,11.6479721345077
49.46,461.7947,-2.1485,302.262961878457,,,,,,,,,109357.127306841,361.794665900266,5.89107682962495,11.6023742028271
49.48,461.7505,-2.2467,316.129654621104,,,,,,,,,114360.073903114,361.75054200524,5.89095486379724,11.6471072926682
49.50,461.7048,-2.5999,365.86421953366,,,,,,,,,132334.842971594,361.704796222685,5.89082839909321,11.793090678782
49.52,461.6465,-2.7864,392.178753936812,,,,,,,,,141830.092122792,361.646546884699,5.89066734502545,11.8623850858181
49.54,461.5933,-2.7869,392.305308790161,,,,,,,,,141854.98662117,361.593339276084,5.8905202082048,11.8625605938043
49.56,461.5351,-2.8387,399.654495629763,,,,,,,,,144489.11620311,361.535070374797,5.89035905037823,11.8809594633042
49.58,461.4798,-2.8752,404.855498206806,,,,,,,,,146347.081581343,361.479792739745,5.89020614166783,11.893736350557
49.60,461.4201,-3.0090,423.771768623515,,,,,,,,,153159.619635343,361.420063759396,5.89004089338358,11.9392359221417
49.62,461.3594,-2.9015,408.69366402905,,,,,,,,,147685.310500874,361.359432502424,5.88987312089577,11.9028390086031
49.64,461.3040,-2.8784,405.51047751627,,,,,,,,,146512.559798433,361.304005498981,5.88971972444415,11.894866436177
49.66,461.2443,-2.6232,369.622347446221,,,,,,,,,133523.964632243,361.244295846236,5.88955444925696,11.8020362510663
49.68,461.1991,-2.4331,342.87962782575,,,,,,,,,123847.804718725,361.199075909123,5.88942926314843,11.7268087094372
49.70,461.1470,-2.4716,348.352823668276,,,,,,,,,125806.566846132,361.146970250866,5.88928499529059,11.7425008225707
49.72,461.1002,-2.2981,323.932379624101,,,,,,,,,116972.050639681,361.100211023729,5.88915551267463,11.6696903018212
49.74,461.0550,-2.4212,341.328777878814,,,,,,,,,123238.478265671,361.055047955627,5.88903043411957,11.7218766049037
49.76,461.0034,-2.4643,347.460893613525,,,,,,,,,125434.551545548,361.003364266559,5.8888872775874,11.7395393998956
49.78,460.9565,-2.3362,329.435986884448,,,,,,,,,118912.052701612,360.956475417851,5.88875738435458,11.6861394459318
49.80,460.9099,-2.2797,321.517049253966,,,,,,,,,116038.691696613,360.909917423863,5.88862839097155,11.6616789635821
49.82,460.8653,-2.2787,321.41735945301,,,,,,,,,115988.367537616,360.865286601214,5.88850472137898,11.661245185212
49.84,460.8188,-2.4598,346.997974821928,,,,,,,,,125203.381827314,360.818768154385,5.88837580500183,11.7376947486836
49.86,460.7669,-2.5368,357.921008633862,,,,,,,,,129126.051200596,360.766895727784,5.88823203156151,11.7685443473421
49.88,460.7173,-2.4860,350.803442808003,,,,,,,,,126540.868846284,360.717294657625,5.88809453424446,11.7483206088562
49.90,460.6675,-2.4521,346.066295156402,,,,,,,,,124814.849517415,360.667453792362,5.88795635315468,11.7345867143569
49.92,460.6192,-2.4231,342.015498732544,,,,,,,,,123337.358656866,360.619209111677,5.88782257921088,11.7226786331781
49.94,460.5705,-2.5297,357.107419371405,,,,,,,,,128762.411230488,360.570529330197,5.887687580669,11.7657242117867
49.96,460.5180,-2.5904,365.724512475955,,,,,,,,,131850.277608287,360.518021380794,5.88754194543614,11.7894222972649
49.98,460.4669,-2.7440,387.470645855038,,,,,,,,,139670.348366189,360.466915004557,5.88740017721397,11.8470402705058
50.00,460.4083,-2.6957,380.710326597701,,,,,,,,,137211.147007107,360.408261665302,5.88723744907106,11.8292762373811
50.02,460.3591,-2.6469,373.866010788589,,,,,,,,,134726.014625312,360.359087848443,5.88710100055693,11.8109984738575
50.04,460.3024,-2.7035,381.922542856857,,,,,,,,,137607.604010932,360.302387446417,5.8869436440058,11.8321614646619
50.06,460.2509,-2.6402,373.037026325126,,,,,,,,,134386.94279696,360.250949137238,5.88680086953886,11.8084785505433
50.08,460.1968,-2.7894,394.182516465183,,,,,,,,,141983.273039509,360.196779686575,5.88665049235368,11.8634645341486
50.10,460.1394,-2.5497,360.359489216451,,,,,,,,,129779.640073505,360.139371813663,5.88649110045612,11.7735932148126
50.12,460.0948,-2.3164,327.431419981969,,,,,,,,,117906.349258674,360.094792568066,5.88636730947853,11.6776459379904
50.14,460.0467,-2.5216,356.485898333072,,,,,,,,,128351.576746084,360.046715301378,5.88623378775749,11.7625284709615
50.16,459.9939,-2.5456,359.929512279565,,,,,,,,,129572.438817352,359.993927690793,5.88608716378232,11.7719953768379
50.18,459.9449,-2.5226,356.721181558987,,,,,,,,,128399.966817792,359.944891011637,5.88595093920891,11.7629054118096
50.20,459.8930,-2.5800,364.897436963141,,,,,,,,,131324.042325419,359.893024786261,5.88580683391985,11.7854231533944
50.22,459.8417,-2.5181,356.18540529341,,,,,,,,,128170.358275018,359.841690227136,5.88566418536298,11.761115582031
50.24,459.7923,-2.4295,343.706516185955,,,,,,,,,123662.958780666,359.792302319228,5.88552692695524,11.7253150695663
50.26,459.7445,-2.2139,313.247475496335,,,,,,,,,112689.059547537,359.744509892645,5.88539408475498,11.6323876194287
50.28,459.7037,-2.1998,311.283165844618,,,,,,,,,111969.72076052,359.703745805553,5.88528076434086,11.6259837633735
50.30,459.6565,-2.5220,356.921295351406,,,,,,,,,128369.070525339,359.656518670183,5.88514946118785,11.7626647574618
50.32,459.6029,-2.5780,364.900011408,,,,,,,,,131219.090336632,359.602867180823,5.88500027581602,11.7846236505218
50.34,459.5534,-2.6107,369.590828685554,,,,,,,,,132887.639196512,359.553400362032,5.88486270677546,11.7972592320727
50.36,459.4984,-2.5494,360.962720239399,,,,,,,,,129765.533974611,359.49843764627,5.8847098312442,11.7734845162097
50.38,459.4514,-2.2094,312.86073415597,,,,,,,,,112458.23650891,359.451424328776,5.88457904794471,11.6303372006714
50.40,459.4101,-2.1013,297.593598230761,,,,,,,,,106958.13374701,359.410062524504,5.88446397207801,11.5801927634842
50.42,459.3674,-2.1693,307.253909328404,,,,,,,,,110417.029764252,359.367371453796,5.88434518406731,11.61201965604
50.44,459.3233,-2.5922,367.204628734957,,,,,,,,,131945.175844372,359.32329148173,5.88422251662666,11.7901417807809
50.46,459.2637,-2.8542,404.38850319571,,,,,,,,,145282.102839998,359.263682552533,5.88405661067098,11.8864326681246
50.48,459.2091,-2.3283,329.922286352426,,,,,,,,,118511.09473569,359.209121778136,5.88390473081088,11.6827618616362
50.50,459.1706,-2.1364,302.758176351381,,,,,,,,,108741.820959934,359.170550802,5.88379734754923,11.5967317365587
50.52,459.1237,-2.2666,321.263259291295,,,,,,,,,115373.239811858,359.123667195468,5.88366680603734,11.6559277154535
50.54,459.0799,-2.4451,346.599713180948,,,,,,,,,124456.985125662,359.079884929642,5.8835448844296,11.731715434189
50.56,459.0259,-2.6312,373.031267939051,,,,,,,,,133927.872851796,359.025862876669,5.88339442733261,11.8050566717179
50.58,458.9746,-2.7529,390.339847258704,,,,,,,,,140122.10533902,358.974637929168,5.88325173955584,11.8502695024556
50.60,458.9157,-2.8252,400.666801150757,,,,,,,,,143805.624693369,358.915748148697,5.88308767612292,11.8762178382007
50.62,458.8616,-2.3622,335.052813432411,,,,,,,,,120237.598266391,358.861628513518,5.88293687829328,11.6972250497296
50.64,458.8213,-2.2611,320.752708251939,,,,,,,,,115092.890804111,358.82125962818,5.8828243804588,11.6534948274168
50.66,458.7712,-2.5937,367.981749869647,,,,,,,,,132021.247705838,358.771182952971,5.88268481188946,11.7907181560831
50.68,458.7175,-2.7313,387.559405271087,,,,,,,,,139024.345202544,358.717510945968,5.88253520114978,11.8424043421187
50.70,458.6619,-2.4860,352.808791332796,,,,,,,,,126539.082337214,358.661930898011,5.88238024815049,11.7483064907164
50.72,458.6181,-2.3493,333.441291552247,,,,,,,,,119578.072572976,358.61807041447,5.88225795146436,11.6917247639991
50.74,458.5680,-2.6349,374.043333429625,,,,,,,,,134119.955268082,358.567960664685,5.88211821157068,11.8064898670585
50.76,458.5127,-2.7052,384.073460242265,,,,,,,,,137695.20265485,358.512672466343,5.88196400799608,11.832797845002
50.78,458.4598,-2.8429,403.688501779516,,,,,,,,,144706.080682938,358.459753114229,5.88181638906313,11.8824599344245
50.80,458.3990,-2.8160,399.936502900826,,,,,,,,,143336.824877512,358.398955428822,5.88164676655641,11.8729525583155
50.82,458.3471,-2.5599,363.60750020234,,,,,,,,,130297.697636918,358.34711210415,5.88150210353805,11.7775770932478
50.84,458.2966,-2.4417,346.879503181807,,,,,,,,,124285.733139286,358.29656119562,5.88136102670867,11.7303384932709
50.86,458.2494,-2.2933,325.835102088155,,,,,,,,,116730.243625518,358.249442363445,5.88122951015004,11.6676209417303
50.88,458.2048,-2.5292,359.394198567817,,,,,,,,,128736.737414273,358.204828924028,5.88110497061901,11.7655248028455
50.90,458.1483,-2.5678,364.939955279507,,,,,,,,,130702.61539197,358.148274808289,5.88094707609588,11.7806799100622
50.92,458.1021,-2.2286,316.769993604663,,,,,,,,,113436.005149362,358.10211648687,5.88081818731049,11.6389941256078
50.94,458.0591,-2.2203,315.632719312226,,,,,,,,,113015.177289516,358.059131308631,5.88069814401459,11.635277400972
50.96,458.0133,-2.1040,299.135894187167,,,,,,,,,107094.629731436,358.0133036941,5.88057014686695,11.581468112615
50.98,457.9750,-2.0959,298.013023277113,,,,,,,,,106681.203415463,357.974971168504,5.88046307101954,11.5776002588422
51.00,457.9295,-2.4033,341.771563678831,,,,,,,,,122330.114116965,357.929468444369,5.88033595147207,11.7144785229022
51.02,457.8788,-2.5738,366.071624110211,,,,,,,,,131009.287552055,357.878838247819,5.88019448846819,11.7830234970141
51.04,457.8265,-2.4311,345.817269198243,,,,,,,,,123742.588267272,357.826515009393,5.88004827400079,11.7259587858476
51.06,457.7816,-2.3088,328.458317032584,,,,,,,,,117516.340669501,357.781595336626,5.87992273134085,11.6743326724248
51.08,457.7342,-2.4236,344.845436696099,,,,,,,,,123362.99434527,357.734164984721,5.87979015466091,11.7228864617295
51.10,457.6847,-2.6590,378.394079838869,,,,,,,,,135345.754284973,357.684650728697,5.87965173432581,11.815587926135
51.12,457.6278,-2.4024,341.924509191155,,,,,,,,,122281.711268427,357.627803744435,5.8794927912401,11.7140827705783
51.14,457.5886,-2.2106,314.666382841477,,,,,,,,,112521.097413352,357.588555845311,5.87938304011755,11.6308960156077
51.16,457.5394,-2.4637,350.739742843363,,,,,,,,,125403.269925237,357.53937922353,5.87924550774202,11.7392899827998
51.18,457.4900,-2.4540,349.403887945346,,,,,,,,,124908.398658429,357.490007890146,5.87910741178582,11.7353359369148
51.20,457.4412,-2.4793,353.056442455669,,,,,,,,,126196.925577459,357.441220162142,5.87897092948888,11.7455988672827
51.22,457.3908,-2.5557,363.98854939155,,,,,,,,,130086.172049551,357.39083624198,5.878829962335,11.7759523717614
51.24,457.3390,-2.6224,373.54247629931,,,,,,,,,133481.292008244,357.338992155979,5.87868488909465,11.8017166122329
51.26,457.2859,-2.6983,384.415302935664,,,,,,,,,137346.182931383,357.285940186334,5.87853641409093,11.830259900321
51.28,457.2311,-2.5377,361.587390645404,,,,,,,,,129170.246438675,357.231058882104,5.87838279618007,11.7688865530873
51.30,457.1844,-2.5796,367.599648255963,,,,,,,,,131300.871550568,357.184431958818,5.87825226451061,11.7852466981254
51.32,457.1279,-2.5009,356.444399030344,,,,,,,,,127296.231246989,357.127876306318,5.8780939145789,11.7542721788204
51.34,457.0844,-2.5632,365.369960481547,,,,,,,,,130467.911809679,357.084396423084,5.87797215838694,11.778882588994
51.36,457.0253,-2.7532,392.513509031659,,,,,,,,,140137.272278639,357.025348310587,5.87780678293011,11.8503777374753
51.38,456.9743,-2.7110,386.556372010258,,,,,,,,,137990.678625698,356.974269776197,5.87766370572619,11.8349414156674
51.40,456.9169,-2.7256,388.703842297605,,,,,,,,,138734.973738574,356.916908560821,5.87750300556,11.8403207283645
51.42,456.8652,-2.5751,367.285161818112,,,,,,,,,131071.309302383,356.865245123331,5.8773582458814,11.7834967999006
51.44,456.8139,-2.5366,361.851469408887,,,,,,,,,129113.636331355,356.813906386154,5.87721437524385,11.768448197371
51.46,456.7638,-2.3560,336.140102538801,,,,,,,,,119922.614056136,356.763781382775,5.87707388597598,11.6946019308723
51.48,456.7197,-2.3525,335.67549147511,,,,,,,,,119742.049000459,356.719665395465,5.87695022231549,11.6930951164129
51.50,456.6697,-2.6891,383.764457389821,,,,,,,,,136877.147090977,356.669682288841,5.87681009376754,11.8268390659393
51.52,456.6121,-2.7021,385.677746399303,,,,,,,,,137537.351341572,356.61210071264,5.87664863842773,11.8316508053202
51.54,456.5616,-2.4015,342.818467655919,,,,,,,,,122235.900920618,356.561598785582,5.87650701254563,11.7137080707934
51.56,456.5160,-2.2431,320.254700775701,,,,,,,,,114175.938297761,356.516041829241,5.87637923696045,11.6454958560861
51.58,456.4719,-2.4141,344.711278750658,,,,,,,,,122879.875459918,356.471873810667,5.8762553414002,11.7189625348712
51.60,456.4195,-2.5489,364.016339250599,,,,,,,,,129742.51321129,356.419476879501,5.87610834303584,11.7733070977162
51.62,456.3699,-2.3692,338.393321926736,,,,,,,,,120593.199665406,356.369915868241,5.87596928088973,11.700178174168
51.64,456.3247,-2.6095,372.762633472704,,,,,,,,,132824.536864763,356.324708910205,5.87584241881858,11.7967842645053
51.66,456.2655,-2.7388,391.297444163956,,,,,,,,,139405.793650197,356.265535922553,5.87567634023916,11.8451443377806
51.68,456.2152,-2.3814,340.279762085282,,,,,,,,,121212.808907324,356.215157094605,5.87553492215295,11.705303031087
51.70,456.1703,-2.2239,317.811361688796,,,,,,,,,113194.962008606,356.170281034345,5.87540893400688,11.6368669385365
51.72,456.1262,-2.5063,358.222097051989,,,,,,,,,127572.27526038,356.126203018306,5.87528517089115,11.7564383477608
51.74,456.0700,-2.4902,355.982349710669,,,,,,,,,126754.645431849,356.070028569874,5.8751274209732,11.7500085711317
51.76,456.0266,-2.1518,307.64158298701,,,,,,,,,109528.584682727,356.026593086903,5.87500542774446,11.6039408415026
51.78,455.9840,-2.1640,309.419131211627,,,,,,,,,110148.246301134,355.983955710217,5.8748856616067,11.6095824310972
51.80,455.9400,-2.2532,322.219418404966,,,,,,,,,114690.790506393,355.940033267174,5.87476227078471,11.6499950078834
51.82,455.8938,-2.2029,315.067361010774,,,,,,,,,112130.52860181,355.893826139533,5.8746324451882,11.627418905631
51.84,455.8519,-2.0772,297.11876235127,,,,,,,,,105730.280765427,355.851915674133,5.87451467710618,11.5686466092175
51.86,455.8107,-2.4217,346.429960076632,,,,,,,,,123263.499819353,355.810738170817,5.87439895513275,11.7220796179096
51.88,455.7550,-2.4530,350.963213030121,,,,,,,,,124856.935137808,355.755049253815,5.87424243013365,11.734923841925
51.90,455.7126,-2.1728,310.911470282355,,,,,,,,,110595.133542885,355.712619551952,5.87412315640197,11.6136313665859
51.92,455.6681,-2.3722,339.488760885647,,,,,,,,,120745.33554048,355.668138248476,5.87399810015594,11.7014389417044
51.94,455.6177,-2.6439,378.434445567222,,,,,,,,,134577.999253483,355.617732026927,5.87385636748912,11.8098992300356
51.96,455.5624,-2.5774,368.972741271215,,,,,,,,,131192.826169636,355.56238034723,5.87370070599397,11.7844234754121
51.98,455.5146,-2.4017,343.865196620311,,,,,,,,,122249.109645059,355.514634358428,5.87356641396122,11.7138161242436
52.00,455.4663,-2.3368,334.618246099032,,,,,,,,,118945.513562146,355.466311083777,5.87343047986893,11.6864207980139
52.02,455.4212,-2.3363,334.59143006304,,,,,,,,,118920.874607456,355.421161220569,5.87330345593047,11.6862136316717
52.04,455.3729,-2.3678,339.144826846253,,,,,,,,,120522.866157715,355.3728573084,5.87316754057107,11.6995947745555
52.06,455.3264,-2.5796,369.52307625271,,,,,,,,,131301.322332075,355.326448522745,5.87303694023042,11.7852501313146
52.08,455.2697,-2.5841,370.234506203574,,,,,,,,,131533.09246258,355.269674378369,5.87287714722658,11.7870137526483
52.10,455.2231,-2.5006,358.309565362552,,,,,,,,,127279.828640057,355.223083456535,5.87274599621515,11.7541433166881
52.12,455.1697,-2.5400,364.014328458269,,,,,,,,,129286.842264199,355.169651732597,5.8725955675258,11.7697887982842
52.14,455.1215,-2.4365,349.224856424154,,,,,,,,,124017.249124174,355.12148360238,5.87245993826649,11.728175940753
52.16,455.0722,-2.4081,345.202196202385,,,,,,,,,122571.700826961,355.072192979618,5.87232112930644,11.7164514506113
52.18,455.0252,-2.4172,346.553625712909,,,,,,,,,123035.256705351,355.025160831172,5.87218866254463,11.7202262331621
52.20,454.9755,-2.5103,359.958307841098,,,,,,,,,127776.382437361,354.975505923779,5.87204878969718,11.7580370028882
52.22,454.9247,-2.4865,356.590216578171,,,,,,,,,126562.692747364,354.924747969409,5.87190578945404,11.748493059224
52.24,454.8760,-2.3602,338.533317773691,,,,,,,,,120137.365534507,354.876046838079,5.87176856466713,11.6963910798676
52.26,454.8303,-2.5223,361.828871032745,,,,,,,,,128387.860685087,354.830338216621,5.87163975471845,11.7628111228175
52.28,454.7752,-2.8163,404.066726273358,,,,,,,,,143352.834816511,354.775153447132,5.87148421824008,11.8730642466061
52.30,454.7177,-2.4127,346.205486444966,,,,,,,,,122805.208556285,354.717684625157,5.87132221851573,11.7183547087491
52.32,454.6786,-2.3384,335.580600216027,,,,,,,,,119023.273302545,354.678647174256,5.87121216028962,11.6870743269425
52.34,454.6242,-2.6841,385.261418266143,,,,,,,,,136623.003126799,354.624150379933,5.87105849729938,11.8249806096487
52.36,454.5713,-2.6625,382.220330481564,,,,,,,,,135524.352665597,354.571282210051,5.87090940392525,11.8169066276227
52.38,454.5176,-2.5300,363.24522565391,,,,,,,,,128776.843332436,354.517648788401,5.8707581297496,11.765836288697
52.40,454.4701,-2.5602,367.62864705808,,,,,,,,,130313.357086487,354.470083137725,5.87062395069795,11.7776972681161
52.42,454.4152,-2.5660,368.525076777511,,,,,,,,,130610.904361024,354.415242249247,5.87046922641005,11.7799779866807
52.44,454.3674,-2.4472,351.516045105751,,,,,,,,,124565.841997287,354.36744277153,5.87033434874219,11.7325897064781
52.46,454.3174,-2.1508,308.98177503013,,,,,,,,,109477.604464033,354.317352385452,5.87019298720458,11.6034752818779
52.48,454.2814,-2.0913,300.460063191813,,,,,,,,,106447.414828652,354.281409974596,5.87009154076466,11.5754063847158
52.50,454.2337,-2.3597,339.063802949761,,,,,,,,,120107.825745916,354.233700858101,5.8699568672317,11.6961451661943
52.52,454.1870,-2.3968,344.446812598097,,,,,,,,,121998.591286001,354.187023435603,5.86982508841449,11.7117647768127
52.54,454.1378,-2.5024,359.677482159167,,,,,,,,,127375.40247928,354.137828464092,5.86968618330207,11.7548939303181
52.56,454.0869,-2.5756,370.250362653005,,,,,,,,,131100.812644924,354.086925683285,5.86954243576827,11.7837218683971
52.58,454.0348,-2.5414,365.382476886456,,,,,,,,,129358.113262247,354.034803104271,5.86939522215516,11.7703399089734
52.60,453.9853,-2.5234,362.844772554687,,,,,,,,,128441.704715886,353.985269820933,5.8692553015927,11.7632304205841
52.62,453.9339,-2.4588,353.611986226972,,,,,,,,,125155.257844336,353.93386740008,5.86911008042762,11.7373103083173
52.64,453.8869,-2.5870,372.097178679665,,,,,,,,,131680.323300146,353.886916765656,5.86897741793581,11.7881324711034
52.66,453.8304,-2.8927,416.130015103595,,,,,,,,,147239.4441336,353.830386632756,5.86881766450672,11.8998154122454
52.68,453.7712,-2.7244,391.989755360309,,,,,,,,,138674.689625763,353.771208888599,5.86865040161565,11.8398861067797
52.70,453.7214,-2.7284,392.609015315025,,,,,,,,,138874.214222341,353.721409354062,5.86850962407725,11.841323868761
52.72,453.6621,-2.7108,390.153255737246,,,,,,,,,137982.409919403,353.662074813825,5.8683418663003,11.8348814916629
52.74,453.6130,-2.5176,362.391285796777,,,,,,,,,128146.261084118,353.612976102245,5.8682030272119,11.760927555277
52.76,453.5614,-2.5372,365.273006967614,,,,,,,,,129146.425236328,353.56137128353,5.86805708068825,11.7687021189797
52.78,453.5115,-2.4066,346.51654711466,,,,,,,,,122497.579700125,353.511486594583,5.86791597871135,11.7158465512217
52.80,453.4651,-2.4339,350.488043321382,,,,,,,,,123885.293650798,353.46510676029,5.867784772573,11.72711136526
52.82,453.4141,-2.5147,362.177870635908,,,,,,,,,127998.777613288,353.414131538597,5.86764054646189,11.75977599296
52.84,453.3645,-2.5334,364.917249380835,,,,,,,,,128948.80834957,353.36451912964,5.86750015623083,11.7671707700847
52.86,453.3128,-2.5606,368.898440501121,,,,,,,,,130336.53994333,353.312797327842,5.86735377597867,11.7778751531425
52.88,453.2621,-2.4592,354.337729908416,,,,,,,,,125174.088582564,353.262094372275,5.86721025840891,11.7374607560258
52.90,453.2144,-2.4428,352.025976704308,,,,,,,,,124340.654521802,353.214429474461,5.86707532144702,11.7307802917776
52.92,453.1644,-2.7334,393.962987513636,,,,,,,,,139133.694807993,353.164381471692,5.8669336184342,11.8431905829987
52.94,453.1051,-2.6903,387.806732969666,,,,,,,,,136936.531924642,353.105091487292,5.86676572222232,11.8272728268442
52.96,453.0568,-2.6028,375.253465185534,,,,,,,,,132485.776395265,353.056770121392,5.86662886587648,11.7942305706859
52.98,453.0010,-2.6903,387.923254047309,,,,,,,,,136937.287972976,353.000977755967,5.86647082677639,11.8272783479878
53.00,452.9492,-2.5480,367.457544427538,,,,,,,,,129693.83097147,352.949158176953,5.86632401873297,11.772931805345
53.02,452.8991,-2.5870,373.130184845905,,,,,,,,,131677.290769754,352.8990580704,5.86618206156573,11.7881094413505
53.04,452.8457,-2.3444,338.192497901379,,,,,,,,,119329.761822816,352.845679792738,5.86603079362167,11.6896460474078
53.06,452.8053,-2.4616,355.136213625193,,,,,,,,,125293.932341524,352.805282971672,5.86591629843002,11.7384177146639
53.08,452.7472,-2.7850,401.860719288413,,,,,,,,,141755.250656154,352.747217760334,5.86575170341715,11.86185726257
53.10,452.6939,-2.4724,356.816519683173,,,,,,,,,125847.004501831,352.693884839115,5.8656004989548,11.7428221981493
53.12,452.6483,-2.3501,339.204935954156,,,,,,,,,119620.051172074,352.648321097075,5.86547130282356,11.6920757583871
53.14,452.5999,-2.3932,345.481514371663,,,,,,,,,121816.741068302,352.599881616975,5.86533393422059,11.7102730720075
53.16,452.5526,-2.4142,348.551256211093,,,,,,,,,122882.648686059,352.552591609762,5.86519980717976,11.7189851032115
53.18,452.5033,-2.2131,319.570432648341,,,,,,,,,112649.636720872,352.5033144879,5.86506002501067,11.6320377210072
53.20,452.4641,-1.9938,287.923753882825,,,,,,,,,101482.777013536,352.464066076452,5.86494867684742,11.5276443784702
53.22,452.4236,-2.5443,367.478517522402,,,,,,,,,129508.088990479,352.42356441308,5.86483376019499,11.7714986214179
53.24,452.3623,-2.4484,353.687586894121,,,,,,,,,124626.168895845,352.362292355918,5.86465988594162,11.7330738865248
53.26,452.3256,-2.0875,301.586060297108,,,,,,,,,106256.49783131,352.325627141491,5.86455582508448,11.5736112409761
53.28,452.2788,-2.3008,332.436875716316,,,,,,,,,117110.460614745,352.278790860378,5.86442288160588,11.6708728762088
53.30,452.2336,-2.3050,333.091765857323,,,,,,,,,117326.110511562,352.233596076998,5.864294580715,11.6727126058773
53.32,452.1866,-2.5096,362.710925093212,,,,,,,,,127741.923983208,352.186590327765,5.86416112131048,11.7577672887151
53.34,452.1332,-2.5293,365.603401745337,,,,,,,,,128741.099551122,352.133210294354,5.8640095423446,11.7655586864364
53.36,452.0854,-2.5497,368.609134837213,,,,,,,,,129781.901813422,352.085419344631,5.86387381475154,11.7736106422011
53.38,452.0312,-2.6135,377.887204957116,,,,,,,,,133028.094311904,352.03122139846,5.86371986881945,11.7983156203247
53.40,451.9809,-2.4731,357.643361593281,,,,,,,,,125883.624937212,351.980879433655,5.86357685433197,11.7431131475322
53.42,451.9323,-2.3791,344.085164028421,,,,,,,,,121094.681781294,351.932295957091,5.8634388160672,11.7043280126503
53.44,451.8857,-2.1978,317.91425291261,,,,,,,,,111869.484950036,351.885717375456,5.8633064563355,11.6250881578261
53.46,451.8444,-2.4055,347.997243658773,,,,,,,,,122440.875656483,351.844383504778,5.86318898553051,11.7153835447528
53.48,451.7895,-2.7542,398.50736979136,,,,,,,,,140190.707334277,351.789497412996,5.86303297800051,11.85075896989
53.50,451.7342,-2.4148,349.445014428703,,,,,,,,,122911.767788932,351.734214866039,5.86287581898481,11.7192220418973
53.52,451.6929,-2.3114,334.528276598496,,,,,,,,,117651.222204678,351.692907400721,5.86275837265936,11.6754797825816
53.54,451.6418,-2.6312,380.87427895099,,,,,,,,,133931.301349122,351.641758844933,5.86261292680454,11.8050822709704
53.56,451.5877,-2.6853,388.755878167359,,,,,,,,,136681.768624289,351.587657705968,5.86245906196954,11.8254106460364
53.58,451.5343,-2.2678,328.36005944978,,,,,,,,,115429.839309398,351.534347699957,5.862307423973,11.6564181725037
53.60,451.4969,-2.0539,297.422181612465,,,,,,,,,104542.988912442,351.496947354987,5.86220102658993,11.5573536429472
53.62,451.4522,-2.4596,356.216760856946,,,,,,,,,125193.161701967,351.452192762607,5.86207369279041,11.7376131171626
53.64,451.3986,-2.3058,333.991354322241,,,,,,,,,117364.082468597,351.398564513026,5.8619210906935,11.6730361980724
53.66,451.3600,-2.1028,304.620326388867,,,,,,,,,107031.386423159,351.359962389793,5.8618112318393,11.5808774014885
53.68,451.3145,-2.5865,374.746211802889,,,,,,,,,131653.760815288,351.31445407255,5.86168170295298,11.7879307312866
53.70,451.2565,-2.3924,346.682737181187,,,,,,,,,121774.565738196,351.256502496555,5.86151673292231,11.7099267925686
53.72,451.2188,-2.2526,326.451360712943,,,,,,,,,114655.841368428,351.218757728652,5.86140927072378,11.6496902365601
53.74,451.1664,-2.5992,376.743332112401,,,,,,,,,132299.59980907,351.166400390594,5.86126018631461,11.7928243252237
53.76,451.1148,-2.8632,415.072432606589,,,,,,,,,145738.070135589,351.114790303893,5.86111320790346,11.8895662493059
53.78,451.0519,-2.9249,424.089379964542,,,,,,,,,148877.370887022,351.051872365844,5.86093399706488,11.9108782318844
53.80,450.9978,-2.5539,370.359260260116,,,,,,,,,129995.283807191,350.997795264767,5.86077994214918,11.7752534503734
53.82,450.9497,-2.5536,370.362699015829,,,,,,,,,129978.683956622,350.949715784058,5.86064295332871,11.7751257464288
53.84,450.8957,-2.3181,336.263064311732,,,,,,,,,117993.247103702,350.895651727947,5.86048889074251,11.6783826738755
53.86,450.8570,-1.8988,275.468959904351,,,,,,,,,96650.2103813238,350.856990983242,5.86037870734627,11.4788536613679
53.88,450.8197,-2.3008,333.821444690307,,,,,,,,,117111.138852065,350.819699317734,5.8602724143311,11.6708786676244
53.90,450.7650,-2.4167,350.687620540001,,,,,,,,,123008.928975801,350.764959385758,5.86011636778303,11.720012225019
53.92,450.7230,-2.1819,316.653215343777,,,,,,,,,111057.576079213,350.723032951498,5.85999683206818,11.6178040492307
53.94,450.6777,-2.2955,333.184742590172,,,,,,,,,116840.454199082,350.677684970706,5.85986752515504,11.6685646438536
53.96,450.6312,-2.4504,355.72584963544,,,,,,,,,124728.586534151,350.631214071107,5.85973499896086,11.7338953478512
53.98,450.5797,-2.5847,375.26347067129,,,,,,,,,131559.742665655,350.579667214383,5.85958797655093,11.7872163442784
54.00,450.5278,-2.4074,349.586978883703,,,,,,,,,122539.964426818,350.527828061878,5.85944009864933,11.7161924959811
54.02,450.4834,-2.4652,358.023711449765,,,,,,,,,125481.356707983,350.483369383174,5.8593132570841,11.7399124743914
54.04,450.4292,-2.7702,402.371290007879,,,,,,,,,141002.656801809,350.429218742341,5.8591587424075,11.8565340117488
54.06,450.3726,-2.8015,406.986318868518,,,,,,,,,142596.839515737,350.37256267527,5.85899705312903,11.867776623433
54.08,450.3172,-2.7556,400.37926929307,,,,,,,,,140259.728240759,350.317159248552,5.85883891344152,11.8512511845499
54.10,450.2623,-2.5172,365.79757883805,,,,,,,,,128125.115855734,350.262339796565,5.85868241599284,11.7607625331143
54.12,450.2165,-2.2265,323.60336707065,,,,,,,,,113331.229651276,350.2164723352,5.85855145568216,11.6380700458515
54.14,450.1733,-2.4039,349.4304270703,,,,,,,,,122361.198301882,350.173278634562,5.85842811378393,11.7147325914654
54.16,450.1203,-2.4129,350.779725739573,,,,,,,,,122815.108067013,350.120314987059,5.85827685251841,11.7184353169893
54.18,450.0768,-2.5664,373.144622596232,,,,,,,,,130629.262199724,350.076764582171,5.85815245781236,11.7801185304491
54.20,450.0177,-2.8617,416.162272901017,,,,,,,,,145664.145021991,350.017660194386,5.85798361090876,11.8890588741979
54.22,449.9623,-2.7418,398.785836680722,,,,,,,,,139560.006479245,349.962294651352,5.85782541911265,11.8462499417269
54.24,449.9080,-2.5096,365.066251241117,,,,,,,,,127739.597163101,349.907987190886,5.85767022618052,11.7577490735417
54.26,449.8619,-2.4647,358.575036276223,,,,,,,,,125451.74731993,349.861910697236,5.85753853576669,11.7396764801147
54.28,449.8094,-2.6638,387.605053532007,,,,,,,,,135587.891654807,349.809401139839,5.85738843798047,11.8173753559204
54.30,449.7554,-2.6667,388.089700954746,,,,,,,,,135736.452749038,349.755359173693,5.85723393629794,11.8184704372291
54.32,449.7027,-2.4277,353.353996610599,,,,,,,,,123568.858285193,349.702732869802,5.85708345893671,11.7245538366382
54.34,449.6583,-2.5351,369.041306982142,,,,,,,,,129038.338605947,349.658252787923,5.85695625686839,11.7678648376848
54.36,449.6013,-2.6640,387.865205430466,,,,,,,,,135598.191020558,349.601328301842,5.85679344326456,11.8174513138431
54.38,449.5517,-2.5340,368.992264473822,,,,,,,,,128981.870813693,349.55169317064,5.85665145680448,11.7674271371397
54.40,449.5000,-2.3779,346.308759974264,,,,,,,,,121034.900566874,349.499968109004,5.85650347042638,11.7038342174266
54.42,449.4566,-2.3170,337.488570827627,,,,,,,,,117937.601106383,349.456578091411,5.85637931387363,11.6779109593984
54.44,449.4073,-2.4367,354.963028595348,,,,,,,,,124026.668820116,349.407287037504,5.85623825334253,11.7282518925927
54.46,449.3591,-2.2779,331.88725532109,,,,,,,,,115947.836781846,349.359111935979,5.85610036720012,11.6608956860357
54.48,449.3162,-2.3312,339.683963301858,,,,,,,,,118657.100941624,349.316169619054,5.85597744223594,11.6839931078744
54.50,449.2659,-2.5766,375.495884924213,,,,,,,,,131147.895219732,349.265865446707,5.855833424297,11.7840809365176
54.52,449.2131,-2.4169,352.279451742161,,,,,,,,,123020.601966542,349.213107259469,5.85568235836832,11.7201071159917
54.54,449.1692,-2.0894,304.580705323024,,,,,,,,,106350.198139025,349.169189907271,5.85555658956681,11.574492683711
54.56,449.1295,-2.0243,295.124377868658,,,,,,,,,103036.635965352,349.129532129695,5.85544300557656,11.5428398929534
54.58,449.0882,-2.1983,320.530408938655,,,,,,,,,111893.389506773,349.088218734928,5.8553246660048,11.6253018175485
54.60,449.0416,-2.3754,346.395935917833,,,,,,,,,120906.592015252,349.041600892025,5.85519111536232,11.702773559643
54.62,448.9932,-2.1060,307.151436171871,,,,,,,,,107193.763972333,348.993204486764,5.85505245062823,11.5823933540269
54.64,448.9574,-2.3182,338.148697544555,,,,,,,,,117999.477745436,348.957362847416,5.85494974524748,11.6784354775519
54.66,448.9005,-2.7753,404.878615519133,,,,,,,,,141262.341186785,348.900474789609,5.8547867090104,11.8583740164259
54.68,448.8464,-2.6411,385.35746776999,,,,,,,,,134430.546873323,348.846352066962,5.85463157330595,11.8088029645299
54.70,448.7948,-2.7735,404.739438069433,,,,,,,,,141171.024614251,348.794832763575,5.85448387760048,11.8577273748688
54.72,448.7354,-2.9101,424.756106103748,,,,,,,,,148127.496106533,348.735413047488,5.8543135058737,11.9058286420817
54.74,448.6784,-2.7269,398.081447717537,,,,,,,,,138802.413012939,348.678427012323,5.85415008486878,11.8408067117232
54.76,448.6263,-2.6468,386.435001655237,,,,,,,,,134721.418496422,348.626335397578,5.85400067641024,11.81096435864
54.78,448.5726,-2.4234,353.883813882151,,,,,,,,,123354.185675358,348.572556405299,5.85384640481567,11.7228150547045
54.80,448.5294,-2.4481,357.530208018906,,,,,,,,,124609.78806465,348.529397711928,5.85372258162691,11.7329424381462
54.82,448.4746,-2.5421,371.313607929014,,,,,,,,,129393.372882091,348.474632006559,5.85356543560437,11.7706124455341
54.84,448.4277,-2.1721,317.309522888255,,,,,,,,,110559.431735082,348.427714140861,5.85343078871725,11.6133084991102
54.86,448.3877,-1.9316,282.205200671176,,,,,,,,,98316.8346341307,348.387749057428,5.85331608091988,11.4959505491949
54.88,448.3505,-1.9798,289.280042222821,,,,,,,,,100770.833467728,348.350452016696,5.85320901906879,11.5206042422309
54.90,448.3086,-2.0747,303.190396138532,,,,,,,,,105603.80981862,348.308558462282,5.85308874916964,11.5674497274314
54.92,448.2675,-2.4206,353.775654741501,,,,,,,,,123208.549901867,348.267463434967,5.85297075766241,11.7216337262277
54.94,448.2117,-2.6217,383.228615724047,,,,,,,,,133444.701268865,348.211735224268,5.85281072930571,11.8014424483034
54.96,448.1626,-2.7150,396.928383492165,,,,,,,,,138195.616475941,348.162596134094,5.85266960092678,11.8364254711147
54.98,448.1031,-2.8254,413.137135918117,,,,,,,,,143814.331960227,348.103134424426,5.85249879915613,11.8762783852292
55.00,448.0496,-2.3948,350.231721041084,,,,,,,,,121898.003367546,348.049579875852,5.85234494053408,11.7109399360698
55.02,448.0073,-2.3370,341.82228550545,,,,,,,,,118956.664699707,348.007341077269,5.8522235746016,11.6865145435832
55.04,447.9561,-2.6347,385.414971755107,,,,,,,,,134107.489673009,347.95609797489,5.85207631657166,11.8063969191121
55.06,447.9020,-2.4662,360.827364917978,,,,,,,,,125532.544923822,347.901952925209,5.85192069560926,11.740320326038
55.08,447.8574,-2.5602,374.627226488375,,,,,,,,,130316.871118345,347.857448429177,5.85179276490216,11.7777242337669
55.10,447.7995,-2.5817,377.826095200471,,,,,,,,,131407.743480173,347.799543624558,5.85162628974151,11.7860603138912
55.12,447.7542,-2.2756,333.071981757813,,,,,,,,,115827.174519428,347.75418186826,5.85149585623307,11.6598544842889
55.14,447.7085,-2.4616,360.346492164685,,,,,,,,,125295.545848337,347.708521028351,5.85136454555377,11.738430592354
55.16,447.6557,-2.5239,369.524999518526,,,,,,,,,128467.47923641,347.655718567885,5.85121267561982,11.763431071415
55.18,447.6076,-2.4846,363.822647440436,,,,,,,,,126467.504593835,347.607565069295,5.85107415687505,11.7477406734691
55.20,447.5563,-2.4418,357.604173474497,,,,,,,,,124287.595658042,347.55633428564,5.85092676491815,11.7303534789394
55.22,447.5099,-2.3912,350.237511015935,,,,,,,,,121711.000280666,347.509893864933,5.8507931361533,11.7094046633926
55.24,447.4607,-2.5322,370.949660800132,,,,,,,,,128890.424315865,347.460687894553,5.85065153024435,11.7667178984709
55.26,447.4086,-2.4996,366.22868292182,,,,,,,,,127230.996040854,347.408605535176,5.85050162475863,11.7537595797696
55.28,447.3607,-2.4631,360.929848501969,,,,,,,,,125372.846134475,347.3607036238,5.8503637317607,11.7390473457306
55.30,447.3101,-2.5928,379.9868121848,,,,,,,,,131973.250704457,347.310081488496,5.85021798751327,11.7903545348546
55.32,447.2570,-2.4423,357.991374972883,,,,,,,,,124315.008271285,347.256992659953,5.85006511868139,11.7305740125373
55.34,447.2124,-2.3456,343.859081081519,,,,,,,,,119392.132932935,347.212388741977,5.84993666401015,11.690168589436
55.36,447.1632,-2.5347,371.633797248369,,,,,,,,,129017.566591893,347.16316854699,5.84979489578529,11.7677038492038
55.38,447.1110,-2.7167,398.370653932589,,,,,,,,,138278.836255452,347.111000497669,5.84964461495462,11.8370274781443
55.40,447.0545,-2.6282,385.462193594861,,,,,,,,,133776.389772427,347.054502349021,5.84948183490133,11.8039249520056
55.42,447.0059,-2.6021,381.685769245298,,,,,,,,,132447.203393038,347.005872539927,5.84934170354984,11.793939380042
55.44,446.9504,-2.6201,384.389683176389,,,,,,,,,133364.161610505,346.950418930226,5.84918188481053,11.8008387227754
55.46,446.9011,-2.3961,351.579252151511,,,,,,,,,121963.218244693,346.901068531012,5.84903963419873,11.7114747884606
55.48,446.8546,-2.3609,346.46120140622,,,,,,,,,120171.652537023,346.854574334064,5.84890559796422,11.6966764374711
55.50,446.8066,-2.3811,349.465316182996,,,,,,,,,121196.889248173,346.806631833839,5.84876736765849,11.7051716860188
55.52,446.7593,-2.3294,341.937063480306,,,,,,,,,118569.867703527,346.759331956293,5.84863097146811,11.6832576666847
55.54,446.7135,-2.3902,350.895024209112,,,,,,,,,121660.025798696,346.713453896666,5.84849865752406,11.7089857599304
55.56,446.6637,-2.6179,384.384086100861,,,,,,,,,133252.019358078,346.66372562342,5.84835521965273,11.7999974965705
55.58,446.6087,-2.7778,407.92689419214,,,,,,,,,141391.025998136,346.608738014558,5.84819658762315,11.8592845650709
55.60,446.5526,-2.4629,361.74367798256,,,,,,,,,125363.217100174,346.552613716217,5.84803465043977,11.7389705395929
55.62,446.5102,-2.2947,337.085193625476,,,,,,,,,116803.465119278,346.510221534839,5.8479123175739,11.6682480160533
55.64,446.4608,-2.6317,386.641986997122,,,,,,,,,133956.301370761,346.460823903633,5.84776974991075,11.8052689165745
55.66,446.4050,-2.8397,417.260356547187,,,,,,,,,144541.053862121,346.40495219386,5.84760847275774,11.8813188559556
55.68,446.3472,-2.7446,403.350240893426,,,,,,,,,139699.24129609,346.34723655217,5.84744184566436,11.8472471142789
55.70,446.2952,-2.3957,352.136403921132,,,,,,,,,121943.135779089,346.295169772906,5.84729150321092,11.7113101148855
55.72,446.2514,-2.3957,352.182262367808,,,,,,,,,121943.60412513,346.251407737781,5.84716512316197,11.7113139555703
55.74,446.1993,-2.2073,324.530017482321,,,,,,,,,112352.078054192,346.199340590468,5.84701473803339,11.6293927736969
55.76,446.1631,-2.3182,340.867486893747,,,,,,,,,117995.751420021,346.163116040463,5.84691009761075,11.6784038978845
55.78,446.1066,-2.6629,391.627426621053,,,,,,,,,135544.842507495,346.106613821639,5.84674686002716,11.8170578055677
55.80,446.0566,-2.2243,327.172607076632,,,,,,,,,113220.239477266,346.056598347022,5.84660234071777,11.6370902227383
55.82,446.0176,-2.0994,308.826529883008,,,,,,,,,106859.427002783,346.017639881083,5.84648975607344,11.5792694833673
55.84,445.9726,-2.0926,307.864370152182,,,,,,,,,106512.643682285,345.972623040576,5.84635964776706,11.5760189771064
55.86,445.9339,-2.1601,317.834536254549,,,,,,,,,109949.752470901,345.933937093744,5.84624782357257,11.6077787446925
55.88,445.8862,-2.6539,390.549636953176,,,,,,,,,135085.737338362,345.886219206901,5.84610987475312,11.8136649472306
55.90,445.8278,-2.3940,352.363094641149,,,,,,,,,121856.946839694,345.827780187351,5.84594090601824,11.7106030688332
55.92,445.7905,-2.0733,305.183457756874,,,,,,,,,105529.5276696,345.790458123948,5.84583297924196,11.5667460758625
55.94,445.7448,-1.8153,267.254593805988,,,,,,,,,92401.8994419515,345.744849980128,5.845701075221,11.4339028141496
55.96,445.7178,-1.9420,285.920760133918,,,,,,,,,98847.9088175205,345.717844241959,5.84562296330431,11.5013376732664
55.98,445.6672,-2.7319,402.278379750368,,,,,,,,,139054.429286535,345.667170512182,5.84547637716551,11.8426207130673
56.00,445.6086,-2.5584,376.788366350389,,,,,,,,,130221.287938945,345.608568545471,5.84530682986755,11.7769904972269
56.02,445.5648,-2.4036,354.04802951771,,,,,,,,,122346.549371624,345.564836325418,5.84518028500977,11.714612865544
56.04,445.5124,-2.5757,379.454995299244,,,,,,,,,131106.414734938,345.512422709168,5.84502859830422,11.7837645986458
56.06,445.4618,-2.4202,356.598815369291,,,,,,,,,123191.270975774,345.461806563204,5.84488209169396,11.721493475102
56.08,445.4156,-2.7149,400.065923134173,,,,,,,,,138189.016099712,345.415613049769,5.84474836749863,11.8363777088627
56.10,445.3532,-2.8823,424.807466202826,,,,,,,,,146708.622488789,345.353210950257,5.84456769316153,11.8962037387418
56.12,445.3003,-2.8889,425.85266307573,,,,,,,,,147047.061820043,345.300322318035,5.844414537839,11.89850796296
56.14,445.2377,-2.8962,427.007807634813,,,,,,,,,147419.173857065,345.237654256527,5.84423303279856,11.9010353307191
56.16,445.1845,-2.4915,367.398425288606,,,,,,,,,126820.231888002,345.184473200668,5.84407897905709,11.7505258657337
56.18,445.1380,-2.4550,362.064268346263,,,,,,,,,124962.134835878,345.137992784114,5.84394431614544,11.7357660490815
56.20,445.0863,-2.5122,370.550145360132,,,,,,,,,127871.76821833,345.086271910793,5.84379444928024,11.7587832299596
56.22,445.0375,-2.3927,352.97699199214,,,,,,,,,121790.300626521,345.03750496359,5.84365312116224,11.7100559974788
56.24,444.9906,-2.5828,381.071066486932,,,,,,,,,131465.921847183,344.990563201658,5.84351706361859,11.7865029475639
56.26,444.9342,-2.7226,401.761917528996,,,,,,,,,138581.422673758,344.934192683298,5.84335365299154,11.8392133212115
56.28,444.8817,-2.5328,373.816577043707,,,,,,,,,128922.481333521,344.881659216646,5.84320134142431,11.7669665828239
56.30,444.8329,-2.3853,352.08915211096,,,,,,,,,121411.916043984,344.832879161586,5.84305989144051,11.7069443080129
56.32,444.7862,-2.2144,326.90355540543,,,,,,,,,112711.850280469,344.786247860419,5.8429246535986,11.6325898433951
56.34,444.7443,-2.6455,390.60694429128,,,,,,,,,134659.519435474,344.744304737852,5.84280299655973,11.8105047933678
56.36,444.6804,-2.8043,414.12526331956,,,,,,,,,142740.872135556,344.68042589667,5.842617686,11.8687861824655
56.38,444.6321,-2.5910,382.678402996427,,,,,,,,,131883.273916545,344.632132056263,5.84247756425137,11.7896725218438
56.40,444.5768,-2.7849,411.375666368573,,,,,,,,,141750.50480818,344.576785640935,5.84231695572172,11.8618237828407
56.42,444.5207,-2.5975,383.766624789753,,,,,,,,,132215.560659254,344.520737653223,5.84215428502289,11.7921889049136
56.44,444.4729,-2.2780,336.608960055446,,,,,,,,,115952.659337455,344.472884258206,5.84201537692978,11.6609372776294
56.46,444.4296,-2.6680,394.279539750471,,,,,,,,,135801.550648356,344.429616444976,5.84188976317967,11.8189499126598
56.48,444.3662,-2.7065,400.040285375053,,,,,,,,,137760.338852542,344.366164831091,5.84170552391517,11.8332707793895
56.50,444.3214,-2.2662,335.003306423545,,,,,,,,,115348.793304205,344.321357707345,5.84157540068122,11.6557158023786
56.52,444.2755,-2.0759,306.919642178991,,,,,,,,,105664.918847717,344.275518169981,5.84144226171693,11.5680282231812
56.54,444.2383,-2.1631,319.849487568358,,,,,,,,,110104.450606245,344.238321103185,5.84133421140709,11.6091847452021
56.56,444.1890,-2.1490,317.806768366279,,,,,,,,,109385.591498534,344.188992767028,5.84119090408837,11.6026344555296
56.58,444.1524,-2.1279,314.720314369557,,,,,,,,,108311.739123617,344.152360614489,5.84108446808131,11.5927688216081
56.60,444.1039,-2.3090,341.544491640343,,,,,,,,,117526.783455724,344.10387616347,5.84094357738245,11.674421530895
56.62,444.0600,-2.2088,326.769257385921,,,,,,,,,112428.231475012,344.060002383371,5.84081606769609,11.6300703546104
56.64,444.0155,-2.1216,313.913058313894,,,,,,,,,107990.965441272,344.015524621111,5.84068678606762,11.5898028492857
56.66,443.9751,-2.3015,340.570861466985,,,,,,,,,117147.909023963,343.975137859288,5.84056938109667,11.6711925950695
56.68,443.9235,-2.7358,404.899434531895,,,,,,,,,139254.416147616,343.923464127847,5.84041914461883,11.8440578710936
56.70,443.8657,-2.5012,370.242949822366,,,,,,,,,127313.852963225,343.865705003451,5.84025118871861,11.7544106000171
56.72,443.8234,-2.3329,345.363260080382,,,,,,,,,118743.975407998,343.823414744117,5.84012819634262,11.6847249872036
56.74,443.7724,-2.4673,365.319119895597,,,,,,,,,125586.627048352,343.772390244022,5.83997978211491,11.7407510548027
56.76,443.7247,-2.1891,324.165381343894,,,,,,,,,111423.655810739,343.724722698055,5.83984111230773,11.6210949341184
56.78,443.6848,-2.0881,309.245876252232,,,,,,,,,106283.115834549,343.684828145811,5.83972504015762,11.5738617166678
56.80,443.6412,-2.3581,349.279025210346,,,,,,,,,120026.663457588,343.6412002848,5.83959809061907,11.6954691925623
56.82,443.5905,-2.2792,337.64546669557,,,,,,,,,116011.776543921,343.590505388069,5.83945055698113,11.6614469868659
56.84,443.5500,-2.2042,326.571586328956,,,,,,,,,112193.67913588,343.550032619393,5.8393327564251,11.6279819347965
56.86,443.5023,-2.2949,340.066975832173,,,,,,,,,116813.801332169,343.502338168284,5.8391939185338,11.6683365044862
56.88,443.4582,-2.4635,365.08841510776,,,,,,,,,125392.622556532,343.458234684113,5.83906551674199,11.7392050741627
56.90,443.4038,-2.6525,393.159072531156,,,,,,,,,135012.31895352,343.403798580335,5.83890701008052,11.813121304765
56.92,443.3521,-2.9199,432.862984284296,,,,,,,,,148624.430021419,343.352135473439,5.83875655457098,11.9091777989743
56.94,443.2870,-2.9871,442.912622389081,,,,,,,,,152046.146427147,343.287002314376,5.8385668387343,11.9319393486682
56.96,443.2327,-2.7746,411.466617783928,,,,,,,,,141228.777714354,343.232650257223,5.8384084978709,11.8581363914505
56.98,443.1760,-2.8215,418.495078559107,,,,,,,,,143617.474574731,343.176017909722,5.83824348728681,11.8749086174318
57.00,443.1198,-3.1031,460.328682803518,,,,,,,,,157947.880375649,343.119788699037,5.83807962438609,11.9700203865495
57.02,443.0519,-3.0554,453.340285485757,,,,,,,,,155519.243936625,343.051894825507,5.83788173258909,11.9545247581638
57.04,442.9976,-2.7359,405.99680195418,,,,,,,,,139255.918184893,342.997574154806,5.83772337470596,11.8440686573165
57.06,442.9425,-2.8011,415.751646652638,,,,,,,,,142578.892780258,342.942460789297,5.83756268029298,11.867650759038
57.08,442.8855,-2.4464,363.158407334513,,,,,,,,,124521.762524143,342.88552876443,5.83739665608322,11.732235779002
57.10,442.8446,-2.1736,322.705562353113,,,,,,,,,110637.861238677,342.844605565285,5.83727729951088,11.6140176353372
57.12,442.7986,-2.4230,359.781973503068,,,,,,,,,123332.751130914,342.798584181601,5.83714305655641,11.722641275381
57.14,442.7477,-2.5054,372.062184499429,,,,,,,,,127523.45231051,342.747684723937,5.83699456342016,11.7560555663561
57.16,442.6984,-2.3880,354.68156348397,,,,,,,,,121548.793705002,342.698370084565,5.83685067276936,11.7080710554252
57.18,442.6522,-2.1563,320.31341559561,,,,,,,,,109756.085589471,342.652165802623,5.83671583875496,11.6060157789625
57.20,442.6121,-2.1996,326.790077540926,,,,,,,,,111962.240752675,342.612118443693,5.83659895725421,11.6259169572972
57.22,442.5642,-2.2610,335.95352778595,,,,,,,,,115085.644918073,342.564180458314,5.83645902834676,11.6534318685834
57.24,442.5217,-2.0444,303.808393378502,,,,,,,,,104060.960865881,342.521678577313,5.83633495081547,11.5527321685695
57.26,442.4824,-2.3044,342.48126894226,,,,,,,,,117293.808422566,342.482404321917,5.83622028214,11.6724372491271
57.28,442.4295,-2.3031,342.343549578932,,,,,,,,,117228.531684519,342.429503429245,5.83606580711284,11.6718805709044
57.30,442.3903,-2.2701,337.48468761736,,,,,,,,,115551.476848133,342.390280471467,5.83595125739116,11.6574713966519
57.32,442.3387,-2.6228,389.975238744068,,,,,,,,,133503.615284841,342.338697489602,5.83580059053282,11.8018838372411
57.34,442.2854,-2.5560,380.089005313794,,,,,,,,,130098.904628267,342.28536687311,5.83564479520112,11.7760502450053
57.36,442.2365,-2.3163,344.498805713822,,,,,,,,,117900.051561747,342.236459477563,5.83550190013555,11.6775925238599
57.38,442.1927,-2.2825,339.522769433927,,,,,,,,,116182.218382119,342.192715309859,5.83537407341695,11.6629150857188
57.40,442.1452,-2.6825,399.069790405253,,,,,,,,,136539.796439639,342.145157870715,5.83523508523265,11.8243714001233
57.42,442.0854,-2.7892,415.014982347648,,,,,,,,,141970.572772024,342.085415733493,5.83506045948607,11.8633750811076
57.44,442.0336,-2.5950,386.179274292099,,,,,,,,,132086.283773479,342.033590527624,5.83490895015657,11.7912106529732
57.46,441.9816,-2.5890,385.340853424044,,,,,,,,,131779.48774273,341.981615942794,5.83475698106454,11.7888852572447
57.48,441.9300,-2.3603,351.365142138489,,,,,,,,,120142.294236099,341.930031832085,5.83460613084588,11.6964321045769
57.50,441.8872,-2.0700,308.185985992825,,,,,,,,,105364.84454433,341.887202316794,5.83448086487361,11.5651843162288
57.52,441.8472,-2.1775,324.230376974176,,,,,,,,,110837.256587945,341.847231040826,5.83436394440255,11.6158182475694
57.54,441.8001,-2.6028,387.608348582384,,,,,,,,,132484.572709195,341.800101039455,5.83422606629132,11.7942214852462
57.56,441.7431,-2.4179,360.123985200367,,,,,,,,,123069.893660941,341.743118255416,5.83405933862126,11.7205077141126
57.58,441.7034,-1.9493,290.361883675123,,,,,,,,,99217.6390390281,341.703386764221,5.8339430705858,11.5050710903596
57.60,441.6651,-2.0550,306.143196008306,,,,,,,,,104598.460445492,341.665148235579,5.83383115870598,11.5578841120103
57.62,441.6212,-2.3567,351.13579812052,,,,,,,,,119955.428585657,341.621188234657,5.83370248643891,11.6948755243147
57.64,441.5709,-2.6094,388.845843034478,,,,,,,,,132818.417356428,341.570881457646,5.83355521664661,11.7967381913215
57.66,441.5168,-2.6022,387.844891894452,,,,,,,,,132455.551456122,341.516813097975,5.83339691088232,11.7940024074204
57.68,441.4668,-2.7119,404.243330816334,,,,,,,,,138035.673150452,341.46679147854,5.8332504311742,11.8352674318239
57.70,441.4083,-2.7553,410.779304570437,,,,,,,,,140243.479653808,341.408337989335,5.83307923299513,11.8511353314223
57.72,441.3566,-2.3608,352.025688552521,,,,,,,,,120166.285598272,341.35658136876,5.83292762409079,11.6966317758684
57.74,441.3139,-2.7309,407.261286906999,,,,,,,,,139003.94039716,341.313905509763,5.83280259785962,11.842257559892
57.76,441.2473,-2.9037,433.112036033713,,,,,,,,,147798.332535154,341.247345348883,5.8326075672715,11.9036040055324
57.78,441.1978,-2.8136,419.733922222704,,,,,,,,,143212.273399908,341.197758431166,5.83246224593348,11.8720832379359
57.80,441.1348,-2.8485,425.023490599846,,,,,,,,,144990.304403519,341.13480221738,5.83227771358783,11.8844221529844
57.82,441.0838,-2.5330,378.000979286785,,,,,,,,,128930.017236823,341.083818036898,5.83212824777419,11.7670250340962
57.84,441.0335,-2.5746,384.267352494455,,,,,,,,,131048.033537371,341.03348277359,5.83198066241508,11.7833192032011
57.86,440.9808,-2.5040,373.784368384131,,,,,,,,,127453.305725143,340.980834153453,5.83182627087538,11.7555053468955
57.88,440.9333,-2.3167,345.879718781541,,,,,,,,,117921.922159592,340.933323801134,5.83168692678979,11.6777780078296
57.90,440.8882,-2.5460,380.166022613581,,,,,,,,,129594.097997386,340.888165403228,5.8315544627983,11.7721625217197
57.92,440.8315,-2.4371,363.957999704287,,,,,,,,,124048.344603512,340.831482490562,5.83138816888856,11.7284266444401
57.94,440.7907,-2.3028,343.942682305364,,,,,,,,,117212.461345329,340.790682213917,5.83126845365979,11.671743475945
57.96,440.7394,-2.3245,347.246289995776,,,,,,,,,118320.482528641,340.739371268962,5.83111787792277,11.6811521755427
57.98,440.6977,-2.2424,335.017759543707,,,,,,,,,114139.78022135,340.697700255676,5.83099557458742,11.6451791185706
58.00,440.6497,-2.2902,342.20039918557,,,,,,,,,116570.45466779,340.649674708812,5.830854602306,11.6662511302905
58.02,440.6061,-2.3265,347.678668090218,,,,,,,,,118421.472950259,340.606093553976,5.8307266587144,11.6820053443656
58.04,440.5566,-2.3733,354.72113513867,,,,,,,,,120802.628479764,340.556613387413,5.83058137722396,11.7019133231846
58.06,440.5112,-2.5411,379.848658249037,,,,,,,,,129342.707626718,340.511161005388,5.83044790333545,11.7702208089605
58.08,440.4550,-2.6754,399.994603137896,,,,,,,,,136180.150464098,340.454969631554,5.83028286906595,11.8217339239277
58.10,440.4041,-2.6407,394.858300711863,,,,,,,,,134411.401877317,340.404144056225,5.83013357070333,11.8086605388696
58.12,440.3493,-2.7537,411.829606125183,,,,,,,,,140165.935728755,340.349342650584,5.82997256849966,11.8505822549364
58.14,440.2940,-2.5605,382.991201940618,,,,,,,,,130329.606113879,340.293994884212,5.82980993481637,11.7778219522988
58.16,440.2469,-2.3102,345.603788344298,,,,,,,,,117590.625679542,340.246923342158,5.82967159914582,11.67496459766
58.18,440.2016,-2.5264,377.993116546604,,,,,,,,,128593.857928727,340.201586482786,5.82953834333356,11.7644143285932
58.20,440.1459,-2.4465,366.09905367115,,,,,,,,,124527.080410071,340.145868068613,5.82937454933706,11.7322784845682
58.22,440.1037,-2.3752,355.47685394124,,,,,,,,,120899.00291599,340.103727079722,5.82925065072912,11.7027107893893
58.24,440.0509,-2.3198,347.243442505453,,,,,,,,,118080.43117845,340.050859784331,5.82909519402407,11.6791212914066
58.26,440.0109,-2.2011,329.513040035281,,,,,,,,,112038.036430286,340.010933765444,5.82897777522681,11.6265937036072
58.28,439.9628,-2.4440,365.917079703022,,,,,,,,,124398.200427086,339.962814876111,5.82883624361765,11.7312429931624
58.30,439.9132,-2.3983,359.136415083474,,,,,,,,,122075.199339888,339.913175642504,5.82869021924148,11.7123925218582
58.32,439.8669,-2.5711,385.066715733283,,,,,,,,,130871.424145988,339.866882279787,5.82855401823867,11.7819706251328
58.34,439.8103,-2.6315,394.181311719803,,,,,,,,,133946.881831059,339.810330547261,5.82838761062168,11.8051985960983
58.36,439.7616,-2.3160,346.963215814063,,,,,,,,,117884.784403758,339.761620341138,5.82824425506928,11.6774630230975
58.38,439.7177,-2.5346,379.76755025396,,,,,,,,,129013.755282045,339.717690981682,5.82811495206098,11.7676743077526
58.40,439.6602,-2.7818,416.877236407402,,,,,,,,,141596.620122618,339.660235091943,5.82794580941541,11.8607375907663
58.42,439.6064,-2.7526,412.562392017338,,,,,,,,,140108.835951816,339.606417508671,5.82778735151621,11.8501747992287
58.44,439.5501,-2.4916,373.507658510838,,,,,,,,,126824.574299055,339.550130791696,5.827621596751,11.7505601058281
58.46,439.5068,-2.3792,356.708026869914,,,,,,,,,121104.783837441,339.506752623781,5.82749383670899,11.7044114319603
58.48,439.4550,-2.6643,399.504864362842,,,,,,,,,135613.908069626,339.454960794813,5.82734127485449,11.817567216114
58.50,439.4002,-2.5604,383.981903866446,,,,,,,,,130323.527540631,339.400180655281,5.82717988507836,11.7777753112079
58.52,439.3525,-2.4923,373.833153052895,,,,,,,,,126861.232366109,339.352546263224,5.82703952647575,11.7508491095196
58.54,439.3005,-2.7808,417.165509882863,,,,,,,,,141544.460647302,339.300486962708,5.82688610698723,11.8603691562335
58.56,439.2413,-2.6546,398.302119995174,,,,,,,,,135120.534468384,339.241313779652,5.82671169420046,11.8139225069829
58.58,439.1943,-2.1542,323.263480115256,,,,,,,,,109649.130729641,339.194302711048,5.82657310752388,11.6050408261324
58.60,439.1551,-2.0567,308.676293543847,,,,,,,,,104689.153461967,339.155146189082,5.82645766106167,11.5587507951404
58.62,439.1120,-2.4649,369.984990776895,,,,,,,,,125466.362368735,339.112032910525,5.8263305333458,11.7397929726934
58.64,439.0565,-2.5917,389.06814299087,,,,,,,,,131916.101753247,339.056548652822,5.82616690365449,11.7899214067154
58.66,439.0084,-2.4734,371.371137783103,,,,,,,,,125897.922917708,339.008366857088,5.82602478807024,11.7432267220227
58.68,438.9576,-2.3659,355.281558908085,,,,,,,,,120425.388786385,338.957611975409,5.82587506114187,11.6987856599457
58.70,438.9137,-2.2723,341.275137159371,,,,,,,,,115662.829950892,338.913730761697,5.82574559346561,11.6584345992574
58.72,438.8667,-2.2753,341.764099590681,,,,,,,,,115812.478939351,338.866718529112,5.82560686939144,11.6597276011764
58.74,438.8227,-2.2219,333.785444118694,,,,,,,,,113094.091977237,338.822719713987,5.82547701989784,11.6359754235801
58.76,438.7778,-2.6141,392.768569801675,,,,,,,,,133061.289158935,338.777843721363,5.82534456430347,11.7985651218025
58.78,438.7182,-2.7680,415.952157757021,,,,,,,,,140890.546910017,338.718153716895,5.82516835660675,11.8557386048626
58.80,438.6671,-2.4670,370.777636351972,,,,,,,,,125570.196160196,338.667125114835,5.82501769315494,11.7406202131399
58.82,438.6195,-2.5538,383.873225586298,,,,,,,,,129986.949954521,338.61947458302,5.82487698305698,11.7751893394336
58.84,438.5650,-2.6100,392.387830395097,,,,,,,,,132848.776020272,338.564975082194,5.82471602395353,11.7969667378995
58.86,438.5151,-2.5047,376.619537816266,,,,,,,,,127491.391312179,338.515075589031,5.8245686278127,11.7558041221809
58.88,438.4648,-2.7880,419.280608102776,,,,,,,,,141911.721371027,338.464786180241,5.82442005793131,11.8629604627742
58.90,438.4036,-2.7583,414.887360656012,,,,,,,,,140399.35756072,338.403554494219,5.82423913150143,11.852246194785
58.92,438.3545,-2.5218,379.369595424221,,,,,,,,,128361.392162375,338.354453574062,5.82409402521629,11.7626049409298
58.94,438.3027,-2.6537,399.274687172884,,,,,,,,,135075.697486774,338.302681903517,5.82394100334471,11.8135906223989
58.96,438.2483,-2.6874,404.399846487237,,,,,,,,,136787.56243761,338.248304557471,5.82378025464357,11.8261843621836
58.98,438.1952,-2.6053,392.116834723504,,,,,,,,,132612.026488529,338.195187620645,5.82362320697426,11.7951830501213
59.00,438.1441,-2.1989,331.000486158846,,,,,,,,,111925.85871555,338.144091612716,5.8234721111867,11.6255919553205
59.02,438.1072,-1.9928,300.009438252739,,,,,,,,,101435.360401628,338.1072308671,5.82336309625563,11.5271770312594
59.04,438.0644,-2.5372,382.007036393694,,,,,,,,,129142.971455725,338.064378800163,5.82323634716891,11.7686753754846
59.06,438.0057,-2.6095,392.959298876285,,,,,,,,,132822.500207313,338.005744073585,5.82306288963916,11.7967689309449
59.08,437.9600,-2.2760,342.785278160039,,,,,,,,,115847.712762927,337.960000454979,5.8229275466309,11.6600317865748
59.10,437.9147,-2.3793,358.395854401842,,,,,,,,,121107.229534355,337.914705337432,5.82279351256444,11.7044316266392
59.12,437.8648,-2.4082,362.809797276057,,,,,,,,,122580.66994791,337.864828536149,5.82264589992194,11.7165246224181
59.14,437.8184,-2.7484,414.117215330394,,,,,,,,,139896.404956892,337.818375517856,5.82250840051959,11.8486574630889
59.16,437.7549,-2.7881,420.170353926652,,,,,,,,,141914.592165228,337.754891174453,5.82232045837706,11.8629806920064
59.18,437.7069,-2.8146,424.221397169726,,,,,,,,,143262.472660089,337.706852167034,5.82217821787869,11.8724336999671
59.20,437.6423,-2.8817,434.416400714606,,,,,,,,,146677.356428351,337.642308593943,5.82198707653422,11.8959905993091
59.22,437.5916,-2.7282,411.338949096824,,,,,,,,,138864.568211508,337.591586005683,5.82183683944227,11.8412544077318
59.24,437.5332,-2.5454,383.851927766963,,,,,,,,,129562.762634199,337.533182099471,5.82166382281152,11.7719206962611
59.26,437.4898,-2.5591,385.959979611378,,,,,,,,,130257.544485779,337.489769319955,5.82153519672707,11.7772688810535
59.28,437.4308,-2.9787,449.325740041445,,,,,,,,,151616.352648933,337.430819420558,5.82136050980677,11.9291086134506
59.30,437.3706,-2.7211,410.537949914546,,,,,,,,,138503.443458354,337.370621856479,5.82118209417054,11.8386504668157
59.32,437.3220,-2.3068,348.09174150122,,,,,,,,,117418.994321492,337.321976715385,5.82103789474911,11.6735039647841
59.34,437.2783,-2.3968,361.719206821212,,,,,,,,,122000.056636357,337.278348331276,5.82090854887556,11.7117767879477
59.36,437.2261,-2.6115,394.170596379009,,,,,,,,,132924.614201022,337.226103169832,5.82075363466726,11.7975374359874
59.38,437.1739,-2.7270,411.670854234684,,,,,,,,,138804.663214887,337.173889739976,5.8205987905673,11.8408229231395
59.40,437.1170,-2.4149,364.622009559813,,,,,,,,,122920.286657133,337.117023751604,5.82043012156296,11.7192913483043
59.42,437.0773,-2.5179,380.223047209241,,,,,,,,,128164.555502111,337.077293033163,5.82031226023575,11.7610703070989
59.44,437.0163,-2.7803,419.919615327847,,,,,,,,,141519.757509506,337.016305844671,5.82013131447759,11.8601946153607
59.46,436.9661,-2.4912,376.301724435087,,,,,,,,,126800.916966024,336.966079962511,5.81998227235628,11.7503735525524
59.48,436.9167,-2.6005,392.875804077461,,,,,,,,,132366.403528136,336.916659550858,5.81983559873239,11.7933291404976
59.50,436.8621,-2.6952,407.253299263684,,,,,,,,,137188.185348116,336.862060040159,5.81967352917088,11.829108877943
59.52,436.8089,-2.8262,427.108750599016,,,,,,,,,143854.007301745,336.808850439125,5.81951556004882,11.8765542260943
59.54,436.7490,-2.5190,380.747758477127,,,,,,,,,128216.431718022,336.749012603115,5.81933788314992,11.7614749877828
59.56,436.7081,-2.3192,350.588578026254,,,,,,,,,118046.011101948,336.708091765352,5.81921635844538,11.6788297520397
59.58,436.6562,-2.4898,376.437610648127,,,,,,,,,126730.072981168,336.656246337797,5.8190623692163,11.7498146939551
59.60,436.6085,-2.4185,365.708485990971,,,,,,,,,123100.585325124,336.608501144169,5.81892053736223,11.7207570670363
59.62,436.5595,-2.4463,369.9650525518,,,,,,,,,124515.25604315,336.559507943569,5.81877497726423,11.7321835258789
59.64,436.5107,-2.4123,364.885999214729,,,,,,,,,122788.025148671,336.510651033264,5.81862980098583,11.7182147748643
59.66,436.4630,-2.4902,376.7140784385,,,,,,,,,126750.354690005,336.463015174246,5.81848823271506,11.7499747197928
59.68,436.4110,-2.5170,380.830024323833,,,,,,,,,128115.426249738,336.411044473733,5.81833375893243,11.7606869041297
59.70,436.3623,-2.5034,378.824433382956,,,,,,,,,127422.271299387,336.362335875456,5.81818895951026,11.755261820809
59.72,436.3109,-2.7102,410.187772016773,,,,,,,,,137950.622832561,336.31090988963,5.81803605916451,11.8346510945505
59.74,436.2539,-2.6035,394.098740492457,,,,,,,,,132517.249354169,336.25392760347,5.81786661145295,11.7944680997403
59.76,436.2068,-2.6658,403.599203653229,,,,,,,,,135692.785210087,336.206771425331,5.81772636183454,11.8181486772031
59.78,436.1473,-2.6543,401.924487284448,,,,,,,,,135105.828652129,336.147293649498,5.81754943786225,11.8138136662606
59.80,436.1006,-2.4732,374.54875975822,,,,,,,,,125886.062408396,336.100598730212,5.81741051613445,11.7431325102379
59.82,436.0484,-2.5328,383.643244322726,,,,,,,,,128922.685493862,336.048366292646,5.81725509690333,11.7669681664126
59.84,435.9993,-2.3621,357.835266664244,,,,,,,,,120232.393764168,335.999285048061,5.81710903212779,11.6971817636449
59.86,435.9539,-2.3425,354.905193202786,,,,,,,,,119231.777349487,335.953881862079,5.81697389417983,11.6888245865874
59.88,435.9056,-2.2939,347.594400710036,,,,,,,,,116758.901191133,335.905586950272,5.81683012925835,11.6678664140907
59.90,435.8621,-2.1749,329.616647117908,,,,,,,,,110705.748218697,335.862127069986,5.81670073965108,11.6146310434434
59.92,435.8186,-2.5225,382.339953096048,,,,,,,,,128396.863574141,335.818589018571,5.81657110052215,11.762881242947
59.94,435.7612,-2.7479,416.57351994377,,,,,,,,,139869.236027121,335.761226604133,5.81640027223564,11.8484632367374
59.96,435.7087,-2.7606,418.562824779131,,,,,,,,,140515.170476887,335.708673007535,5.81624373924217,11.8530707368515
59.98,435.6508,-2.9218,443.078067056747,,,,,,,,,148719.508993331,335.650802986563,5.81607134271487,11.9098173208389
60.00,435.5918,-2.7144,411.708741201318,,,,,,,,,138166.07836875,335.591802023921,5.81589554647562,11.8362117069943
60.02,435.5422,-2.5931,393.359965077139,,,,,,,,,131988.878064933,335.542225399195,5.81574780661207,11.7904729409348
60.04,435.4881,-2.8312,429.544813796414,,,,,,,,,144107.164330187,335.488078779338,5.815586423081,11.8783124985185
60.06,435.4290,-2.9652,449.966184568125,,,,,,,,,150931.697882812,335.428979019113,5.81541024702558,11.9245826815622
60.08,435.3695,-2.9448,446.940297748665,,,,,,,,,149890.13048741,335.369469350693,5.8152328176689,11.9176578412787
60.10,435.3112,-2.5899,393.149598065082,,,,,,,,,131827.458830012,335.311188104507,5.81505902036109,11.7892492164531
60.12,435.2659,-2.4227,367.822385057636,,,,,,,,,123318.29301953,335.265872957153,5.81492386766932,11.7225240400257
60.14,435.2143,-2.4554,372.84049994071,,,,,,,,,124981.459229826,335.214278625043,5.81476996503077,11.7359206791216
60.16,435.1677,-2.1917,332.840390857037,,,,,,,,,111557.333785851,335.167656481234,5.81463087374133,11.622293942082
60.18,435.1266,-2.5768,391.37511356144,,,,,,,,,131160.215623963,335.126611476212,5.81450840512707,11.7841748749338
60.20,435.0646,-2.8415,431.663194764569,,,,,,,,,144635.048971695,335.06458443968,5.81432330261576,11.8819689450325
60.22,435.0130,-2.5286,384.182231768483,,,,,,,,,128706.022901787,335.012950258846,5.81416918856698,11.7652861904829
60.24,434.9634,-2.4261,368.65887970376,,,,,,,,,123487.246908693,334.963441021473,5.81402139459063,11.7238931658209
60.26,434.9159,-2.5733,391.087753812982,,,,,,,,,130981.510178788,334.915908007243,5.81387947944015,11.7828114485482
60.28,434.8605,-2.6493,402.713023787961,,,,,,,,,134852.688293813,334.860509415301,5.81371405530569,11.8119382638072
60.30,434.8099,-2.4938,379.134212912171,,,,,,,,,126937.90089404,334.809934242062,5.81356301034375,11.751453276518
60.32,434.7608,-2.6526,403.332335612881,,,,,,,,,135019.837376414,334.760755472891,5.81341611392187,11.8131769901544
60.34,434.7038,-2.6790,407.407376236429,,,,,,,,,136360.808839307,334.703829123047,5.81324604861508,11.8230596578807
60.36,434.6536,-2.4993,380.136059728052,,,,,,,,,127213.899567722,334.653596553639,5.81309595669834,11.7536251972494
60.38,434.6039,-2.3633,359.502845257219,,,,,,,,,120291.03908841,334.60385828753,5.81294731953086,11.6976694111453
60.40,434.5591,-2.5819,392.808698579238,,,,,,,,,131417.711327777,334.55906603674,5.8128134440598,11.7861361653541
60.42,434.5006,-2.7429,417.387001551888,,,,,,,,,139616.19572862,334.500583893396,5.81263862513745,11.8466524778292
60.44,434.4493,-2.7106,412.534624504583,,,,,,,,,137971.936554779,334.449348877009,5.81248544471549,11.8348055851605
60.46,434.3922,-2.8471,433.385669362647,,,,,,,,,144920.769602387,334.392158872056,5.81231443258652,11.8839424555275
60.48,434.3355,-2.6893,409.435070152793,,,,,,,,,136888.663799786,334.335463126551,5.81214486954238,11.8269232014183
60.50,434.2846,-2.4799,377.604625681624,,,,,,,,,126227.40564249,334.284585138844,5.81199268150095,11.7458403659134
60.52,434.2363,-2.9104,443.220043890584,,,,,,,,,148140.213162555,334.236267525676,5.8118481306973,11.9059144904926
60.54,434.1682,-2.9239,445.367594233391,,,,,,,,,148827.673672344,334.168169393914,5.8116443674419,11.91054436307
60.56,434.1193,-2.5651,390.771127089857,,,,,,,,,130564.179953373,334.119311541025,5.81149814937147,11.7796201852597
60.58,434.0656,-2.1822,332.496559140033,,,,,,,,,111075.65113772,334.065565746019,5.81133727834027,11.6179667899316
60.60,434.0320,-1.9209,292.712013380549,,,,,,,,,97775.185962994,334.032022921719,5.81123686539193,11.4904261015702
60.62,433.9887,-2.3734,361.703146414599,,,,,,,,,120804.774245991,333.98872927558,5.81110724772344,11.7019310856058
60.64,433.9371,-2.5830,393.716170121436,,,,,,,,,131476.431619302,333.937088686883,5.81095261801035,11.7865828873072
60.66,433.8854,-2.7208,414.789463889694,,,,,,,,,138492.14969028,333.885408736201,5.81079784649251,11.8385689220665
60.68,433.8283,-2.6952,410.948836151581,,,,,,,,,137186.332807956,333.828254856899,5.81062665371166,11.8290953742096
60.70,433.7776,-2.4360,371.485178511682,,,,,,,,,123993.43172051,333.777601080284,5.81047490616103,11.7279838731883
60.72,433.7308,-2.6957,411.150048258017,,,,,,,,,137213.440618754,333.730814820787,5.81033472437917,11.8292929531693
60.74,433.6698,-3.0175,460.314178053329,,,,,,,,,153592.92689546,333.669772121739,5.81015179766196,11.9420610497777
60.76,433.6101,-3.1092,474.382297186396,,,,,,,,,158258.732276982,333.610114069663,5.80997298797964,11.9719865187493
60.78,433.5454,-3.1818,485.562725993729,,,,,,,,,161957.215975551,333.545404755064,5.80977900228072,11.9950874804179
60.80,433.4828,-2.6955,411.415273613671,,,,,,,,,137199.933969224,333.482840255605,5.80959141052547,11.8291945129999
60.82,433.4376,-2.6628,406.489774020242,,,,,,,,,135538.969149939,333.437586410697,5.80945570064715,11.8170144731568
60.84,433.3763,-2.7317,417.085401940677,,,,,,,,,139046.399418431,333.376327177732,5.80927196352982,11.8425629651768
60.86,433.3283,-2.6230,400.540911208169,,,,,,,,,133511.627832466,333.328317024468,5.8091279412742,11.8019438528981
60.88,433.2714,-2.7241,416.051956951808,,,,,,,,,138658.221196062,333.271407282728,5.80895719490331,11.8397673438844
60.90,433.2194,-2.3976,366.24756682837,,,,,,,,,122040.777141908,333.219352687462,5.80880098990094,11.7121105067381
60.92,433.1755,-2.4318,371.512671059049,,,,,,,,,123778.920581764,333.175501737033,5.80866938339107,11.7262523547978
60.94,433.1221,-2.6467,404.404667703491,,,,,,,,,134716.124562321,333.122081224579,5.80850903307934,11.8109250624525
60.96,433.0696,-2.7037,413.189701327797,,,,,,,,,137620.943126931,333.069635290237,5.80835158310465,11.832258395857
60.98,433.0139,-2.7743,424.04060494529,,,,,,,,,141211.429193572,333.013932030852,5.80818432703575,11.8580135440628
61.00,432.9587,-2.7252,416.609688042548,,,,,,,,,138713.805356278,332.95866451889,5.8080183517017,11.8401681352811
61.02,432.9049,-2.6999,412.805962204604,,,,,,,,,137425.137479888,332.904924013124,5.80785693573961,11.8308345931278
61.04,432.8507,-2.8059,429.084469546427,,,,,,,,,142821.052831303,332.850669198712,5.80769394855607,11.8693477468117
61.06,432.7927,-2.7124,414.865326117227,,,,,,,,,138064.147169997,332.792688321666,5.8075197385184,11.8354736907024
61.08,432.7422,-2.6720,408.736191143377,,,,,,,,,136003.767899078,332.74217171381,5.80736793096936,11.8204378694747
61.10,432.6858,-2.8231,431.934904506219,,,,,,,,,143698.613565345,332.685809982454,5.80719853102514,11.8754734239019
61.12,432.6292,-2.5444,389.354702673524,,,,,,,,,129510.761329741,332.629246392681,5.80702849552281,11.7715192557405
61.14,432.5840,-2.4978,382.272336879487,,,,,,,,,127137.675947864,332.584034161867,5.80689256248538,11.7530258408508
61.16,432.5293,-2.7990,428.443243523291,,,,,,,,,142469.94705,332.52933545737,5.8067280831436,11.866886358554
61.18,432.4721,-2.5032,383.231172775046,,,,,,,,,127413.66298202,332.472074386315,5.80655586976074,11.7551942611267
61.20,432.4292,-2.3098,353.665040143096,,,,,,,,,117568.589064066,332.429207638099,5.80642692806839,11.6747771789738
61.22,432.3797,-2.2675,347.24626099616,,,,,,,,,115417.602257821,332.379683302327,5.80627793988085,11.6563121539877
61.24,432.3385,-2.4286,371.96160027279,,,,,,,,,123617.162860128,332.338506903586,5.80615404858555,11.7249446724575
61.26,432.2825,-2.6461,405.341543218504,,,,,,,,,134687.917125184,332.282538956485,5.80598562795674,11.8107156562605
61.28,432.2327,-2.6831,411.064069807613,,,,,,,,,136568.91042106,332.232662623559,5.80583551451193,11.8245846044687
61.30,432.1752,-2.9983,459.43270525972,,,,,,,,,152612.158337262,332.175216500945,5.80566259024489,11.9356550692148
61.32,432.1127,-2.7947,428.328581842344,,,,,,,,,142253.375769687,332.112732607806,5.80547446732799,11.8653650829526
61.34,432.0634,-2.4955,382.52836131058,,,,,,,,,127023.678549957,332.06342691758,5.8053259956022,11.7521287933372
61.36,432.0129,-2.8107,430.908878167516,,,,,,,,,143067.311126956,332.012911257165,5.80517385748913,11.8710705056757
61.38,431.9510,-2.9886,458.256178516723,,,,,,,,,152118.595662851,331.950997704442,5.80498736074716,11.9324157302276
61.40,431.8934,-3.0188,462.97405491349,,,,,,,,,153658.018894291,331.893369106835,5.80481373993893,11.9424847555511
61.42,431.8302,-2.9948,459.37709906865,,,,,,,,,152435.215699243,331.830245800876,5.80462353032538,11.9344949696832
61.44,431.7736,-3.3398,512.38406741453,,,,,,,,,169995.495428643,331.773578141166,5.80445274270239,12.0435272182028
61.46,431.6967,-3.2268,495.171045811357,,,,,,,,,164246.579606918,331.696655118018,5.80422086184433,12.009124111819
61.48,431.6445,-2.8250,433.577402330439,,,,,,,,,143793.563076709,331.644505234432,5.80406362786939,11.8761339602401
61.50,431.5837,-2.8108,431.483881224592,,,,,,,,,143073.002488122,331.58365518097,5.80388013127722,11.8711102858877
61.52,431.5321,-2.5578,392.694028037187,,,,,,,,,130190.66459999,331.532071548747,5.80372455169964,11.7767553057251
61.54,431.4813,-2.3552,361.655556174905,,,,,,,,,119882.070209101,331.481345059506,5.80357153371216,11.694263790293
61.56,431.4379,-2.4593,377.684727324225,,,,,,,,,125179.018692785,331.437862419374,5.80344034837403,11.7375001412787
61.58,431.3830,-2.8560,438.677169860276,,,,,,,,,145370.14488108,331.382973331806,5.8032747256756,11.8870384920566
61.60,431.3236,-2.8718,441.18302900062,,,,,,,,,146174.359807582,331.323623528086,5.80309561231183,11.8925554334043
61.62,431.2681,-2.2463,345.14365080735,,,,,,,,,114335.082275454,331.268102449529,5.80292802471147,11.6468887342328
61.64,431.2338,-2.1583,331.664231439082,,,,,,,,,109858.394911273,331.233773490135,5.80282439041044,11.6069474964792
61.66,431.1818,-2.7839,427.864626773235,,,,,,,,,141700.964590164,331.181770409043,5.80266737996079,11.8614742329256
61.68,431.1224,-3.1360,482.075696196744,,,,,,,,,159626.070192471,331.122418018195,5.80248814995729,11.9805892977288
61.70,431.0563,-3.1713,487.594502182735,,,,,,,,,161421.245700176,331.056328522097,5.80228853770255,11.9917726599851
61.72,430.9956,-3.1421,483.18449713304,,,,,,,,,159931.925818893,330.995565395504,5.80210497769065,11.9825035400487
61.74,430.9306,-3.1045,477.506947442074,,,,,,,,,158021.682719721,330.930646279006,5.80190882556505,11.9704875349969
61.76,430.8714,-2.6809,412.419415327961,,,,,,,,,136457.782867466,330.871384313837,5.80172973283765,11.8237705627471
61.78,430.8234,-2.5186,387.516167959535,,,,,,,,,128199.420561263,330.823411152872,5.80158473196602,11.7613423036556
61.80,430.7706,-2.6819,412.697608479691,,,,,,,,,136508.251674006,330.770639008254,5.80142520167787,11.8241403436042
61.82,430.7161,-2.6455,407.166887744941,,,,,,,,,134656.659971138,330.716136365908,5.8012604133722,11.8104835583693
61.84,430.6648,-2.3769,365.892242242445,,,,,,,,,120987.6921613,330.664819291611,5.80110523178143,11.7034441017301
61.86,430.6211,-2.4004,369.546824535318,,,,,,,,,122179.962250804,330.621058385328,5.80097288083361,11.7132503372399
61.88,430.5688,-2.6488,407.858056470463,,,,,,,,,134825.150079103,330.568804367524,5.80081482027988,11.8117340333448
61.90,430.5151,-2.6581,409.354947035627,,,,,,,,,135297.99381795,330.515106261008,5.80065236554223,11.8152349863915
61.92,430.4625,-2.4066,370.680462687681,,,,,,,,,122495.985231865,330.462480659723,5.80049312988148,11.7158335348124
61.94,430.4188,-2.4103,371.307536526081,,,,,,,,,122687.006612703,330.418842990777,5.80036107086438,11.7173917295147
61.96,430.3661,-2.5266,389.28168546746,,,,,,,,,128605.459490322,330.366067275652,5.80020133442241,11.764504543153
61.98,430.3178,-2.5313,390.067269996981,,,,,,,,,128846.154130033,330.317778600164,5.80005515656177,11.766374367983
62.00,430.2648,-2.7704,426.966294912366,,,,,,,,,141011.94386059,330.264813735549,5.79989479852224,11.8565998740039
62.02,430.2070,-2.8658,441.755531231644,,,,,,,,,145870.753060629,330.20696459404,5.79971962331096,11.8904762556132
62.04,430.1502,-2.7081,417.5237379726,,,,,,,,,137845.537848054,330.150181442139,5.79954764621529,11.8338890463093
62.06,430.0986,-2.6861,414.188075845825,,,,,,,,,136722.920086526,330.098638902918,5.79939151556352,11.8257116757133
62.08,430.0427,-2.7824,429.104928822366,,,,,,,,,141622.965579958,330.042737958354,5.79922215503967,11.8609236333901
62.10,429.9873,-2.8666,442.1677224132,,,,,,,,,145909.75264284,329.987344726373,5.79905430441115,11.8907435769845
62.12,429.9281,-3.1497,485.924434404521,,,,,,,,,160320.113246899,329.928075017186,5.79887467621162,11.9849278032587
62.14,429.8614,-3.1518,486.350789965683,,,,,,,,,160428.331763688,329.861357426824,5.79867243717198,11.9856025907602
62.16,429.8020,-2.9570,456.375580056034,,,,,,,,,150513.580274122,329.802002674292,5.79849248249727,11.9218085934797
62.18,429.7431,-2.7115,418.562807823845,,,,,,,,,138018.187991797,329.74307657522,5.79831379539587,11.8351407524969
62.20,429.6935,-2.5106,387.602172318743,,,,,,,,,127789.932809795,329.693541306336,5.79816356027809,11.7581430448165
62.22,429.6427,-2.6838,414.40357903283,,,,,,,,,136605.09523198,329.642653064919,5.7980091982335,11.8248495258037
62.24,429.5862,-2.6605,410.884123063875,,,,,,,,,135421.732822639,329.586190415021,5.79783789914489,11.8161491348715
62.26,429.5362,-2.5657,396.304417024779,,,,,,,,,130596.664357679,329.536232117023,5.79768630879874,11.7798689545923
62.28,429.4836,-2.8085,433.87665080599,,,,,,,,,142955.224046142,329.48356123931,5.79752646268075,11.8702867416517
62.30,429.4239,-2.6438,408.507840737605,,,,,,,,,134572.242394616,329.423890987335,5.79734534391532,11.8098564520033
62.32,429.3778,-2.5985,401.558147865934,,,,,,,,,132264.342473239,329.377807862081,5.79720544407775,11.7925577935434
62.34,429.3200,-2.8538,441.091822028354,,,,,,,,,145260.337335751,329.319951269496,5.79702977445711,11.8862828414468
62.36,429.2637,-2.7010,417.539039345898,,,,,,,,,137480.430309979,329.263655262874,5.79685881360658,11.8312368609413
62.38,429.2119,-2.6494,409.637582297496,,,,,,,,,134857.571899026,329.211912497537,5.79670165434972,11.8119744775219
62.40,429.1577,-2.6061,402.996982249744,,,,,,,,,132649.550781282,329.15767765992,5.79653689935936,11.795465973064
62.42,429.1077,-2.5472,393.957794006468,,,,,,,,,129654.531689171,329.107670064377,5.79638496185935,11.7726287436083
62.44,429.0558,-2.6412,408.561401538466,,,,,,,,,134439.494280019,329.055788857629,5.79622730738567,11.808869520154
62.46,429.0020,-2.5276,391.043234556019,,,,,,,,,128654.01447006,329.002021007039,5.79606389362504,11.7648820218096
62.48,428.9547,-2.5167,389.415643185979,,,,,,,,,128100.100748514,328.954686310164,5.79592000969946,11.7605672743678
62.50,428.9014,-2.6636,412.209055026202,,,,,,,,,135576.116226855,328.901353751768,5.79575786918462,11.8172885049548
62.52,428.8481,-2.4975,386.580055234192,,,,,,,,,127126.133686769,328.848144040322,5.79559607594345,11.7529350512011
62.54,428.8015,-2.5536,395.319585997194,,,,,,,,,129981.653835215,328.801451886925,5.79545407888677,11.7751485951342
62.56,428.7460,-2.7107,419.70926205034,,,,,,,,,137977.740293776,328.745998169627,5.79528541054983,11.8348476489097
62.58,428.6930,-2.7609,427.537759044383,,,,,,,,,140528.678169688,328.693022304726,5.79512425228765,11.853166862014
62.60,428.6356,-2.7952,432.928297856171,,,,,,,,,142275.635310274,328.635563937059,5.79494942840499,11.8655215488296
62.62,428.5812,-2.8056,434.615875043955,,,,,,,,,142806.612379644,328.581215228738,5.79478403789712,11.8692466329951
62.64,428.5233,-2.7329,423.434909356587,,,,,,,,,139108.250522342,328.523339593606,5.794607884392,11.8430076897567
62.66,428.4719,-2.5238,391.095662518129,,,,,,,,,128463.93426846,328.47189723692,5.79445128551911,11.7634034767515
62.68,428.4224,-2.5523,395.568470783712,,,,,,,,,129913.541167438,328.422386420357,5.79430054340462,11.7746244402391
62.70,428.3698,-2.9191,452.483147253918,,,,,,,,,148581.802780892,328.369804892453,5.79414042722567,11.9088909460343
62.72,428.3056,-3.0482,472.595903683101,,,,,,,,,155155.892894508,328.305623652946,5.79394495397688,11.9521856510728
62.74,428.2479,-2.8798,446.556446165376,,,,,,,,,146581.204917453,328.247875887047,5.79376904214003,11.8953348536497
62.76,428.1904,-2.7435,425.502461631157,,,,,,,,,139645.837147465,328.190433052103,5.79359402848129,11.8468647617451
62.78,428.1381,-2.7552,427.389990828453,,,,,,,,,140242.954693456,328.138135433656,5.79343466434245,11.8511315882084
62.80,428.0802,-2.7732,430.244186767309,,,,,,,,,141154.60889175,328.080223354863,5.79325816187747,11.8576110855875
62.82,428.0272,-3.2221,499.971488316709,,,,,,,,,164004.252049323,328.027209314451,5.79309656017053,12.0076476336003
62.84,427.9513,-3.6153,561.12807476584,,,,,,,,,184022.704525344,327.951340880844,5.79286524640601,12.1228144231382
62.86,427.8826,-3.3551,520.852509077319,,,,,,,,,170778.472482394,327.8825953722,5.79265560336958,12.0481225130627
62.88,427.8171,-2.9757,462.044033224909,,,,,,,,,151465.951167927,327.817134896746,5.79245593735586,11.9281161339065
62.90,427.7636,-2.9292,454.900828102001,,,,,,,,,149099.917641229,327.763566101482,5.79229251340118,11.91237194838
62.92,427.7000,-3.0763,477.828247509707,,,,,,,,,156584.299970424,327.699964969616,5.79209844880704,11.9613498018962
62.94,427.6405,-3.0322,471.068288158202,,,,,,,,,154341.056336689,327.640514584704,5.79191701522578,11.9469200842067
62.96,427.5787,-2.9989,465.978809830893,,,,,,,,,152644.721709274,327.57867630219,5.79172825920777,11.9358684198336
62.98,427.5206,-2.8973,450.267791220069,,,,,,,,,147471.958670672,327.520558979079,5.79155082861365,11.9013933259814
63.00,427.4628,-2.5938,403.176808865324,,,,,,,,,132025.400962273,327.462785703963,5.79137441718049,11.7907496145883
63.02,427.4168,-2.4011,373.273419519513,,,,,,,,,122215.991169382,327.416807033037,5.79123399847906,11.7135451777914
63.04,427.3667,-2.4920,387.472579407697,,,,,,,,,126845.636115832,327.36674246661,5.79108107904007,11.7507261625108
63.06,427.3171,-2.7123,421.781647661333,,,,,,,,,138056.35654197,327.317125596753,5.79092950399027,11.8354172615135
63.08,427.2583,-2.6739,415.885248802836,,,,,,,,,136101.879183152,327.258251103961,5.79074961792964,11.8211589959149
63.10,427.2102,-2.6903,418.507398137157,,,,,,,,,136939.876956401,327.210170156948,5.79060268663231,11.8272972541527
63.12,427.1506,-2.8830,448.552998154065,,,,,,,,,146744.399130419,327.150637124973,5.79042072881492,11.8964475709001
63.14,427.0949,-2.6177,407.348328529856,,,,,,,,,133241.540951931,327.094851310199,5.79025019400529,11.7999188574759
63.16,427.0459,-2.6127,406.625505597881,,,,,,,,,132985.216427438,327.045929477304,5.79010061815121,11.7979932463448
63.18,426.9903,-2.6948,419.482396958494,,,,,,,,,137166.693742626,326.990345094739,5.7899306447572,11.8289522078257
63.20,426.9381,-2.7980,435.611174290999,,,,,,,,,142417.905890038,326.938137254714,5.78977097029265,11.8665210136648
63.22,426.8784,-2.9452,458.61813971908,,,,,,,,,149912.375745321,326.878426215648,5.78958831649473,11.9178062406916
63.24,426.8203,-2.7782,432.682689807691,,,,,,,,,141409.49897442,326.820328858709,5.78941056686115,11.8594152082252
63.26,426.7673,-2.8005,436.228214415223,,,,,,,,,142545.115717324,326.767299791486,5.78924829614177,11.8674138301082
63.28,426.7083,-2.6450,412.082959560284,,,,,,,,,134630.927302676,326.708310011982,5.78906775450019,11.8102924417359
63.30,426.6615,-2.3385,364.391365854956,,,,,,,,,119032.630265387,326.661500296819,5.78892446745354,11.6871529384175
63.32,426.6148,-2.8308,441.157004587973,,,,,,,,,144088.39288754,326.614768413604,5.78878139817173,11.8781822297325
63.34,426.5483,-3.0103,469.220728439899,,,,,,,,,153223.216495301,326.548268668244,5.78857777444591,11.9396510685101
63.36,426.4944,-2.8203,439.683118480017,,,,,,,,,143554.057578977,326.494358198794,5.78841266893103,11.8744669511127
63.38,426.4355,-2.7681,431.622323873455,,,,,,,,,140896.830521812,326.435456946201,5.78823224753998,11.8557832031115
63.40,426.3836,-2.6386,411.499785918831,,,,,,,,,134306.795787654,326.3836346543,5.78807348290618,11.8078819827773
63.42,426.3299,-2.6120,407.408186828795,,,,,,,,,132949.47782508,326.329912169756,5.78790887016012,11.7977244690597
63.44,426.2792,-2.7642,431.229431964564,,,,,,,,,140701.175329705,326.279156523962,5.78775332329959,11.8543935965125
63.46,426.2193,-2.9473,459.866389460728,,,,,,,,,150017.311152808,326.219342380575,5.78756998450676,11.9185059741048
63.48,426.1613,-2.8936,451.572238139008,,,,,,,,,147285.372730432,326.161265664638,5.78739193900579,11.9001272949431
63.50,426.1036,-2.7091,422.861974503532,,,,,,,,,137896.811516615,326.103598410605,5.78721511741886,11.8342609418072
63.52,426.0529,-2.7617,431.134498705432,,,,,,,,,140572.65345507,326.052899680187,5.78705963716015,11.8534797405443
63.54,425.9931,-2.8354,442.723219319521,,,,,,,,,144324.72782147,325.99312962013,5.78687630635975,11.879821094055
63.56,425.9395,-2.6591,415.258652894724,,,,,,,,,135349.190356808,325.93948232819,5.78671172710393,11.8156133131761
63.58,425.8868,-2.5449,397.490520219306,,,,,,,,,129536.900022577,325.886765679613,5.78654997648756,11.7717210617927
63.60,425.8377,-2.7963,436.821597879585,,,,,,,,,142332.938633296,325.837685966553,5.78639936156731,11.8659242304706
63.62,425.7749,-2.9200,456.230871676684,,,,,,,,,148628.572789305,325.774913571901,5.78620669373096,11.9092056726566
63.64,425.7209,-2.7113,423.689046500069,,,,,,,,,138004.371803042,325.720886445007,5.78604083808917,11.8350406433697
63.66,425.6665,-2.6494,414.094944092418,,,,,,,,,134856.835814176,325.666463061375,5.78587373817911,11.8119690192681
63.68,425.6149,-2.5974,406.026813673133,,,,,,,,,132208.384156473,325.614909420504,5.78571542368354,11.7921346246344
63.70,425.5626,-2.6749,418.207479916407,,,,,,,,,136152.700833297,325.562567318288,5.7855546622807,11.8215323350943
63.72,425.5079,-2.6718,417.7987701915,,,,,,,,,135996.806174594,325.507914042589,5.78538677484795,11.8203866804321
63.74,425.4557,-2.7691,433.082431959169,,,,,,,,,140949.143647339,325.455694449936,5.78522633702291,11.8561544209462
63.76,425.3971,-2.8191,440.974448502666,,,,,,,,,143491.828495674,325.397149387911,5.78504643441439,11.8740333682794
63.78,425.3429,-2.6680,417.40658985862,,,,,,,,,135800.2836265,325.342931630516,5.78487980027243,11.8189405826649
63.80,425.2904,-2.6338,412.132803952022,,,,,,,,,134062.857408857,325.290430956483,5.78471841698911,11.8060640540877
63.82,425.2376,-2.6784,419.180059696574,,,,,,,,,136333.107593268,325.237578552648,5.78455592620261,11.8228564905604
63.84,425.1833,-2.7836,435.70495076577,,,,,,,,,141683.971017686,325.18329380621,5.78438900429444,11.8613543001391
63.86,425.1262,-2.7396,428.906352767746,,,,,,,,,139448.708258474,325.126236435079,5.78421352671454,11.8454521298967
63.88,425.0737,-2.5841,404.622461722778,,,,,,,,,131532.124080036,325.073708266235,5.78405195128105,11.7870063903481
63.90,425.0229,-2.6513,415.211700429687,,,,,,,,,134953.299415584,325.022872129871,5.7838955556377,11.812684067318
63.92,424.9677,-2.8596,447.910601355763,,,,,,,,,145556.457967497,324.967655435968,5.78372565564164,11.8883193175986
63.94,424.9085,-2.8035,439.200670803826,,,,,,,,,142700.025363285,324.908486824747,5.78354356367815,11.8684999812034
63.96,424.8555,-2.5622,401.464084066618,,,,,,,,,130417.82172475,324.855514853749,5.78338051379857,11.7784985888046
63.98,424.8060,-2.6767,419.45833642488,,,,,,,,,136242.583662535,324.805998192228,5.78322807545761,11.8221922792094
64.00,424.7484,-2.8153,441.264696331397,,,,,,,,,143300.025662163,324.748448841559,5.78305087906989,11.8726957928962
64.02,424.6934,-2.9808,467.284269517029,,,,,,,,,151724.111741101,324.693386100752,5.78288130963972,11.9298190962865
64.04,424.6292,-3.2576,510.779596642159,,,,,,,,,165813.980362129,324.629216695776,5.7826836593349,12.0186218387686
64.06,424.5631,-2.9768,466.84021314832,,,,,,,,,151519.098126383,324.56308145469,5.78247991310593,11.9284669562268
64.08,424.5101,-2.7651,433.712453559439,,,,,,,,,140744.091478959,324.510145659607,5.78231680117036,11.8546985662857
64.10,424.4525,-2.8016,439.511508177852,,,,,,,,,142600.597911417,324.452477939924,5.7821390783933,11.8678029798807
64.12,424.3981,-2.9777,467.216102130837,,,,,,,,,151564.007977161,324.398083212289,5.78197141350706,11.9287633096045
64.14,424.3334,-3.3049,518.670173399918,,,,,,,,,168222.046093076,324.333371611422,5.78177191153872,12.0330400886399
64.16,424.2659,-2.9670,465.729155003736,,,,,,,,,151020.077172597,324.265886191699,5.78156381564852,11.9251680683664
64.18,424.2147,-2.8567,448.485672740602,,,,,,,,,145405.644581427,324.214692730057,5.78140592823165,11.8872826643832
64.20,424.1516,-2.9358,460.995820854053,,,,,,,,,149432.541867871,324.15161940303,5.78121136745313,11.9146003450162
64.22,424.0973,-2.5057,393.528943814393,,,,,,,,,127541.652976098,324.097261410721,5.78104366028373,11.7561982802377
64.24,424.0514,-2.8118,441.667507272448,,,,,,,,,143122.970092478,324.051391003031,5.78090211742131,11.8714594704301
64.26,423.9848,-3.1433,493.840754862268,,,,,,,,,159996.892496029,323.984788458076,5.78069656548671,11.9829096721275
64.28,423.9257,-2.8143,442.231286162666,,,,,,,,,143250.060228404,323.925657705982,5.78051403793955,11.8723470550195
64.30,423.8722,-2.5068,393.968640032061,,,,,,,,,127595.496336652,323.872215631855,5.78034904179972,11.7566203541026
64.32,423.8254,-2.3356,367.119470266271,,,,,,,,,118882.604531738,323.825386993266,5.78020444148475,11.6858917686259
64.34,423.7788,-2.7540,432.952770131808,,,,,,,,,140180.924876437,323.778791930955,5.78006054166474,11.85068918781
64.36,423.7152,-2.8849,453.614424611196,,,,,,,,,146841.895998951,323.715226042056,5.77986419733618,11.8971117495333
64.38,423.6634,-2.8221,443.813725892787,,,,,,,,,143646.25792089,323.663396466451,5.77970407596698,11.8751090140917
64.40,423.6023,-3.0913,486.23999023789,,,,,,,,,157348.399549164,323.602341864524,5.77951542206954,11.9662177311613
64.42,423.5397,-2.6568,417.975754683547,,,,,,,,,135231.768870515,323.539744483265,5.77932196414808,11.8147453918412
64.44,423.4961,-2.4452,384.746376034895,,,,,,,,,124463.940670784,323.49607019949,5.77918696610671,11.7317713197687
64.46,423.4419,-2.7522,433.116009254835,,,,,,,,,140087.879982261,323.441934698462,5.7790196069448,11.8500252188203
64.48,423.3860,-2.9763,468.466694448627,,,,,,,,,151495.562190705,323.385982367459,5.77884660163792,11.9283116110319
64.50,423.3229,-2.9287,461.054712569854,,,,,,,,,149069.5385006,323.322882157971,5.77865145908414,11.9121681774027
64.52,423.2688,-2.7197,428.235464672706,,,,,,,,,138435.180333014,323.268836313727,5.7784842876131,11.8381574830217
64.54,423.2141,-2.9004,456.763291070685,,,,,,,,,147632.332883533,323.214093097263,5.77831493057642,11.9024802246354
64.56,423.1528,-2.7035,425.83232817528,,,,,,,,,137608.917563162,323.152819685687,5.77812533729574,11.8321710102533
64.58,423.1060,-2.8067,442.152424763551,,,,,,,,,142862.080730924,323.105953353806,5.77798029839207,11.8696349734281
64.60,423.0406,-3.2221,507.689332440871,,,,,,,,,164004.242070568,323.040551752521,5.77777786256369,12.0076475727558
64.62,422.9771,-3.0523,481.039652840177,,,,,,,,,155364.778055122,322.977070887629,5.7775813327389,11.953531037784
64.64,422.9185,-3.1380,494.631995131668,,,,,,,,,159725.801439714,322.918458595052,5.77739984118163,11.9812138830802
64.66,422.8516,-2.9613,466.869635051166,,,,,,,,,150729.585616952,322.851550627045,5.77719262199433,11.9232426866265
64.68,422.8000,-2.9803,469.946536131372,,,,,,,,,151698.7456209,322.800007996001,5.77703296116655,11.9296518964883
64.70,422.7323,-3.1889,502.93625078687,,,,,,,,,162313.792290213,322.732338415186,5.77682330604566,11.9972867301152
64.72,422.6725,-2.9970,472.764079149476,,,,,,,,,152547.945566624,322.672453967028,5.77663773429585,11.9352342227754
64.74,422.6125,-3.1757,501.051820654242,,,,,,,,,161645.559878013,322.612458860935,5.77645178509706,11.9931613152726
64.76,422.5454,-2.9430,464.430383261755,,,,,,,,,149799.895383381,322.545425067406,5.77624397923918,11.9170556516897
64.78,422.4947,-2.7944,441.053417523779,,,,,,,,,142237.406706512,322.494738857438,5.77608682248241,11.8652528187657
64.80,422.4336,-3.0992,489.242176737742,,,,,,,,,157748.139817304,322.433648033303,5.77589737253554,11.9687549883676
64.82,422.3708,-2.9895,472.020451736803,,,,,,,,,152165.597775012,322.370772739015,5.77570235124703,11.9327246658447
64.84,422.3141,-3.1195,492.64276785868,,,,,,,,,158785.695045568,322.31406894644,5.77552643957964,11.9753107421606
64.86,422.2460,-2.9452,465.212132218376,,,,,,,,,149912.74469266,322.245991259508,5.77531520189555,11.9178087017752
64.88,422.1963,-2.4924,393.751410495573,,,,,,,,,126865.23193397,322.196260260498,5.77516086378693,11.7508806361313
64.90,422.1463,-2.3653,373.727312042836,,,,,,,,,120394.868699598,322.146294423882,5.7750057728765,11.6985321921745
64.92,422.1016,-2.4944,394.183634181775,,,,,,,,,126967.198243418,322.101648149268,5.77486717321095,11.7516840505324
64.94,422.0465,-2.8829,455.64368232438,,,,,,,,,146738.461094396,322.046517458198,5.77469599926636,11.8964071049184
64.96,421.9863,-2.8138,444.819349410643,,,,,,,,,143225.751595171,321.986333968915,5.77450910355343,11.8721773469165
64.98,421.9340,-2.6732,422.658328422083,,,,,,,,,136068.070974478,321.933963734876,5.7743464429436,11.8209105613701
65.00,421.8794,-2.5707,406.516935806334,,,,,,,,,130849.429459295,321.879405097237,5.77417695706334,11.7818025476836
65.02,421.8311,-2.6313,416.161731427989,,,,,,,,,133933.802753619,321.831135924122,5.77402698539089,11.8051009475689
65.04,421.7742,-2.9307,463.593074884322,,,,,,,,,149172.269210047,321.774153436759,5.77384991261522,11.9128570862737
65.06,421.7139,-2.8952,458.066316289874,,,,,,,,,147366.305258806,321.71390913963,5.77366266967845,11.9006766387035
65.08,421.6583,-3.1988,506.19642289585,,,,,,,,,162822.304072012,321.658345866093,5.7734899445625,12.0004147260659
65.10,421.5860,-3.2200,509.663166258184,,,,,,,,,163900.51630302,321.585955497502,5.7732648656345,12.0070149148369
65.12,421.5295,-2.6805,424.349163355787,,,,,,,,,136440.793377846,321.529544912642,5.77308943653982,11.8236460513636
65.14,421.4787,-2.8670,453.934905900039,,,,,,,,,145930.418741201,321.478733722531,5.77293139443708,11.8908852031239
65.16,421.4149,-2.9515,467.408692714017,,,,,,,,,150232.102210204,321.414865731055,5.77273270528622,11.9199367252369
65.18,421.3607,-2.7687,438.532993119224,,,,,,,,,140927.258270731,321.360674070005,5.77256408760299,11.8559991374496
65.20,421.3041,-2.7023,428.088132424002,,,,,,,,,137546.47993247,321.304118274964,5.77238808357768,11.83171717484
65.22,421.2526,-2.6585,421.223497337897,,,,,,,,,135319.136705658,321.252583393058,5.77222767786755,11.8153912432235
65.24,421.1978,-2.6082,413.328335616742,,,,,,,,,132760.142964721,321.197777952059,5.7720570640912,11.7962993426993
65.26,421.1483,-2.2797,361.322287030341,,,,,,,,,116038.021629584,321.148254051211,5.77190286713667,11.6616731890516
65.28,421.1066,-2.3927,379.28606472093,,,,,,,,,121791.254748856,321.106589661994,5.77177312303374,11.7100638315887
65.30,421.0525,-2.8292,448.555502050636,,,,,,,,,144009.885324225,321.052544592282,5.77160480005285,11.8776372242869
65.32,420.9934,-2.4904,394.913541346801,,,,,,,,,126764.648133986,320.99341972846,5.77142062363162,11.7500874819081
65.34,420.9529,-2.3128,366.795754749277,,,,,,,,,117724.171024695,320.952926800271,5.77129446689449,11.6760996334619
65.36,420.9009,-2.6308,417.294486926063,,,,,,,,,133910.179082219,320.900906380643,5.77113237260744,11.8049245488214
65.38,420.8477,-2.8130,446.271778655981,,,,,,,,,143185.270947139,320.847693704417,5.77096653609033,11.8718946717042
65.40,420.7884,-2.7921,443.023449297038,,,,,,,,,142116.776581868,320.788384468972,5.77078166732241,11.8644043689171
65.42,420.7360,-2.8306,449.218926179332,,,,,,,,,144080.686658383,320.736011467301,5.77061839059554,11.8781287456518
65.44,420.6752,-3.1459,499.342863347448,,,,,,,,,160126.852047689,320.675158896326,5.7704286446916,11.9837216053941
65.46,420.6102,-2.9393,466.648208869024,,,,,,,,,149612.164395066,320.610176041751,5.77022598028855,11.915801654018
65.48,420.5576,-2.7181,431.595654342567,,,,,,,,,138351.261265811,320.55758642092,5.77006193704112,11.8375511016593
65.50,420.5015,-3.1178,495.156501232235,,,,,,,,,158698.378072025,320.501452928705,5.76988680966934,11.9747606863742
65.52,420.4329,-3.1116,494.281949210908,,,,,,,,,158384.18533415,320.432873559314,5.76967281155185,11.9727789133159
65.54,420.3770,-2.8095,446.36152053978,,,,,,,,,143003.959052092,320.37698697495,5.76949838669372,11.8706275945378
65.56,420.3205,-2.7416,435.656768298799,,,,,,,,,139549.791293117,320.320494131301,5.76932203874336,11.8461767433927
65.58,420.2673,-2.7788,441.633827221608,,,,,,,,,141440.88314845,320.267321999037,5.76915602830405,11.8596371218314
65.60,420.2093,-2.8104,446.736110703238,,,,,,,,,143049.076522287,320.209343043937,5.76897497891249,11.8709430428285
65.62,420.1549,-2.8234,448.886894150057,,,,,,,,,143713.341901992,320.154907115534,5.7688049633986,11.8755759132826
65.64,420.0964,-2.9970,476.574694182091,,,,,,,,,152549.84686904,320.096406148568,5.76862221963559,11.935246686336
65.66,420.0350,-2.7642,439.634856175876,,,,,,,,,140698.552656273,320.035026067147,5.76843044626369,11.8543749563138
65.68,419.9858,-2.6227,417.199703231633,,,,,,,,,133497.996827321,319.985838420412,5.76827673987828,11.8018417516711
65.70,419.9301,-2.7762,441.681683182476,,,,,,,,,141307.272526112,319.930116884046,5.768102587207,11.8586920360397
65.72,419.8748,-2.7073,430.799190958158,,,,,,,,,137801.801743991,319.874792330738,5.7679296452597,11.8335717125415
65.74,419.8218,-2.6767,426.000107111179,,,,,,,,,136244.131946275,319.821825562869,5.76776404560977,11.8222036433138
65.76,419.7677,-2.7036,430.351913818961,,,,,,,,,137612.652475109,319.767725101832,5.76759487317376,11.8321981513814
65.78,419.7137,-2.8142,448.031912420504,,,,,,,,,143241.932769673,319.713682884338,5.76742585428769,11.8722903172472
65.80,419.6552,-2.6030,414.491916192182,,,,,,,,,132494.479234761,319.655158662561,5.76724278555447,11.7942962573876
65.82,419.6096,-2.5313,403.123577739511,,,,,,,,,128842.150239739,319.6095623139,5.76710013307501,11.7663432925308
65.84,419.5539,-2.7978,445.654021274697,,,,,,,,,142410.484234085,319.553908268908,5.76692598656103,11.8664689004892
65.86,419.4976,-2.9218,465.478470958084,,,,,,,,,148719.277255554,319.497649267105,5.76674991625408,11.9098157626172
65.88,419.4370,-3.0864,491.805912249486,,,,,,,,,157101.02361793,319.437037467405,5.76656018856785,11.9646443399318
65.90,419.3742,-3.3278,530.370272458456,,,,,,,,,169386.577059585,319.374191683892,5.7663634300237,12.0399388199235
65.92,419.3039,-3.2137,512.29414358659,,,,,,,,,163577.530956453,319.303925302055,5.76614339310604,12.0050423523766
65.94,419.2456,-2.9220,465.885769800803,,,,,,,,,148732.002865774,319.245644547948,5.7659608520567,11.9099013269504
65.96,419.1870,-2.9079,463.716297839655,,,,,,,,,148012.234593992,319.187044500152,5.76577727734642,11.9050502155052
65.98,419.1293,-2.8856,460.245962815403,,,,,,,,,146877.985460724,319.129329374768,5.76559644186138,11.8973574902151
66.00,419.0716,-2.7877,444.716811735129,,,,,,,,,141896.513861659,319.071620674803,5.7654155938068,11.8628532952752
66.02,419.0178,-2.9141,464.962335414587,,,,,,,,,148331.270733361,319.017820230752,5.7652469640169,11.9072033672152
66.04,418.9551,-2.8629,456.874303777104,,,,,,,,,145722.368592269,318.955054787593,5.76505019877556,11.889458505398
66.06,418.9033,-2.8118,448.791135658074,,,,,,,,,143120.976211878,318.903304545034,5.76488793628604,11.871445539092
66.08,418.8426,-2.6463,422.462876708711,,,,,,,,,134699.155001176,318.842583401835,5.7646975120292,11.8107990891878
66.10,418.7975,-2.4313,388.196910640404,,,,,,,,,123756.185766613,318.797451433741,5.76455595263612,11.7260686651745
66.12,418.7453,-2.7695,442.256489331911,,,,,,,,,140967.190550532,318.74532980507,5.76439244477336,11.8562824511525
66.14,418.6867,-2.8825,460.396309679072,,,,,,,,,146722.16800753,318.686672596933,5.7642084025286,11.8962960638774
66.16,418.6300,-2.9234,467.009679016864,,,,,,,,,148803.30730158,318.630028428612,5.76403064422295,11.9103806276232
66.18,418.5697,-2.8534,455.917145423932,,,,,,,,,145241.404546409,318.569735760556,5.76384140162863,11.8861524960021
66.20,418.5159,-2.6460,422.840980383012,,,,,,,,,134681.571494415,318.515890707706,5.76367236609952,11.8106685415646
66.22,418.4639,-2.6963,430.955471601871,,,,,,,,,137243.758690206,318.463896467233,5.76350911369612,11.8295138843138
66.24,418.4080,-2.7120,433.535764837949,,,,,,,,,138041.272251825,318.408037923754,5.76333369838699,11.8353079937141
66.26,418.3554,-2.7594,441.18841516988,,,,,,,,,140454.721868688,318.355416958548,5.7631684220511,11.8526404515378
66.28,418.2977,-2.9801,476.566625422322,,,,,,,,,151690.042568428,318.297661809624,5.76298698839121,11.9295945242135
66.30,418.2362,-2.8181,450.742495219202,,,,,,,,,143442.584079366,318.236211585969,5.76279391076749,11.8736901231709
66.32,418.1849,-2.8204,451.184742661013,,,,,,,,,143560.189229753,318.184937688848,5.76263277879603,11.8745096633838
66.34,418.1234,-2.9465,471.448343582568,,,,,,,,,149978.747649006,318.123395045378,5.76243934224806,11.9182488807005
66.36,418.0671,-2.8827,461.316255382258,,,,,,,,,146729.512984109,318.06707713459,5.76226229492215,11.8963461230664
66.38,418.0081,-2.9140,466.409718487517,,,,,,,,,148322.062752739,318.008087896883,5.76207681609474,11.9071412881513
66.40,417.9505,-2.6956,431.530286469125,,,,,,,,,137205.278324173,317.950518483457,5.76189576841961,11.8292334652844
66.42,417.9003,-2.5500,408.287416509328,,,,,,,,,129794.678048469,317.900265352663,5.76173770262123,11.7737090812441
66.44,417.8485,-2.7776,444.800025364105,,,,,,,,,141379.029556617,317.848519547379,5.76157491566315,11.8591997156231
66.46,417.7892,-2.9598,474.079621303113,,,,,,,,,150657.365988991,317.789162872844,5.76138815305814,11.9227634380793
66.48,417.7301,-3.1947,511.798324154848,,,,,,,,,162613.745867795,317.730125702005,5.76120236114884,11.999133010455
66.50,417.6614,-2.8789,461.30455835201,,,,,,,,,146538.639435309,317.661373125841,5.76098595102513,11.8950444230749
66.52,417.6150,-2.4923,399.404466177861,,,,,,,,,126856.836964281,317.614968551177,5.76083985846131,11.7508144615985
66.54,417.5617,-2.5999,416.731698662329,,,,,,,,,132338.019539729,317.561682887388,5.76067207627412,11.7931146825132
66.56,417.5110,-2.6588,426.230334841762,,,,,,,,,135332.807457275,317.510970934336,5.76051237185966,11.8154922641245
66.58,417.4553,-2.7893,447.228624167113,,,,,,,,,141975.111284975,317.455331821345,5.76033712125851,11.8634070485803
66.60,417.3994,-2.9198,468.237374704349,,,,,,,,,148618.261800284,317.399400024663,5.76016091780906,11.9091362960455
66.62,417.3385,-2.8649,459.526758159657,,,,,,,,,145825.550710358,317.338540402673,5.75996915482059,11.8901663281301
66.64,417.2848,-2.7055,434.022885630467,,,,,,,,,137708.865874756,317.284803253446,5.75979980350412,11.8328970680817
66.66,417.2303,-2.4711,396.491297753956,,,,,,,,,125779.062102281,317.230322114998,5.75962807824051,11.7422821714175
66.68,417.1860,-2.8640,459.605866075209,,,,,,,,,145780.527844705,317.185959982611,5.75948822643118,11.8898575357604
66.70,417.1158,-3.1498,505.573536052075,,,,,,,,,160325.336487545,317.115760724927,5.75926688300524,11.9849603827989
66.72,417.0600,-2.7613,443.290451624021,,,,,,,,,140549.656663011,317.059968578387,5.75909093131203,11.8533161335214
66.74,417.0053,-2.9540,474.315441534323,,,,,,,,,150360.513584431,317.005310006444,5.75891852454596,11.9207911133708
66.76,416.9418,-3.2590,523.393815315126,,,,,,,,,165885.382129317,316.941808013992,5.7587181860923,12.0190523597546
66.78,416.8749,-2.9461,473.238890547076,,,,,,,,,149957.549424956,316.87494924942,5.75850721418581,11.9181075291916
66.80,416.8240,-2.7508,441.939109335084,,,,,,,,,140016.900518463,316.823964118324,5.75834630139228,11.8495184122946
66.82,416.7649,-2.9713,477.445608419409,,,,,,,,,151238.018616799,316.764917196484,5.7581599126353,11.9266101569987
66.84,416.7051,-2.9529,474.578527180089,,,,,,,,,150301.44653735,316.705113968029,5.75797110108719,11.9203982000284
66.86,416.6468,-2.6821,431.144732282624,,,,,,,,,136520.601129068,316.646803049831,5.75778696674798,11.8242308062417
66.88,416.5978,-2.7168,436.794539964459,,,,,,,,,138288.203279832,316.597829476267,5.75763229169463,11.8370952159658
66.90,416.5381,-3.0238,486.235656190105,,,,,,,,,153912.125102148,316.538129490801,5.75744370665283,11.9441371023126
66.92,416.4769,-2.7555,443.180575268221,,,,,,,,,140256.404799612,316.476877883752,5.75725018325599,11.8512274893626
66.94,416.4279,-2.6109,419.984124875715,,,,,,,,,132894.698541617,316.427909223817,5.75709544067533,11.7973123533234
66.96,416.3724,-2.9172,469.337717277867,,,,,,,,,148485.520114137,316.372442801625,5.75692013602464,11.9082427248218
66.98,416.3112,-3.0423,489.567821249809,,,,,,,,,154855.795850144,316.311222119982,5.75672660903721,11.9502496135039
67.00,416.2507,-2.9546,475.536295582108,,,,,,,,,150388.709952684,316.250749626992,5.75653541040095,11.9209786208763
67.02,416.1930,-3.0488,490.788095185399,,,,,,,,,155183.779516789,316.193039397517,5.75635291124249,11.9523653678466
67.04,416.1288,-2.8995,466.856244528755,,,,,,,,,147586.703751704,316.128798706929,5.75614972138904,11.9021711041078
67.06,416.0771,-2.6708,430.096382551351,,,,,,,,,135943.599522968,316.077058627055,5.7559860402735,11.8199953693125
67.08,416.0220,-2.7849,448.548796516983,,,,,,,,,141751.273262757,316.021967650938,5.75581172905337,11.861829204003
67.10,415.9657,-2.7280,439.469757942525,,,,,,,,,138857.353709286,315.965663620126,5.75563354825307,11.8412024528686
67.12,415.9128,-2.5679,413.740250161668,,,,,,,,,130705.860275062,315.912846825971,5.75546637436314,11.7807047362128
67.14,415.8629,-2.6096,420.53646379261,,,,,,,,,132831.887461221,315.862948632981,5.75530841265124,11.796839603626
67.16,415.8085,-2.7045,435.898275175492,,,,,,,,,137660.363480986,315.808461103829,5.755135894065,11.8325447963745
67.18,415.7548,-2.6397,425.520167623467,,,,,,,,,134360.022003363,315.754768460833,5.75496586313029,11.8082782074905
67.20,415.7029,-2.4837,400.451181172064,,,,,,,,,126423.5889928,315.702874499649,5.75480150068451,11.7473933650617
67.22,415.6554,-2.6314,424.319147760641,,,,,,,,,133938.638244396,315.655418689592,5.75465117143198,11.8051370505048
67.24,415.5976,-2.8617,461.537345735366,,,,,,,,,145660.087411758,315.597619039209,5.75446804470755,11.8890310178799
67.26,415.5410,-2.8223,455.262678083511,,,,,,,,,143654.018828612,315.540951947439,5.75428847370832,11.8751630405466
67.28,415.4847,-3.0139,486.262134032958,,,,,,,,,153408.277462999,315.484728762781,5.75411027752225,11.940858126453
67.30,415.4204,-2.9427,474.876701392089,,,,,,,,,149785.797348045,315.42039630277,5.75390634048742,11.9169615348097
67.32,415.3670,-2.8003,451.972657995346,,,,,,,,,142537.270200343,315.367019838202,5.75373710291758,11.8673587897594
67.34,415.3084,-2.6509,427.937686532851,,,,,,,,,134932.340231367,315.30838362143,5.75355115554554,11.8125287483148
67.36,415.2610,-2.5946,418.904465434676,,,,,,,,,132064.233756545,315.260983478676,5.75340081477317,11.7910437025755
67.38,415.2046,-2.9852,482.059723375162,,,,,,,,,151947.442841141,315.2046011587,5.75322195546189,11.9312899692539
67.40,415.1416,-2.8355,457.971615946981,,,,,,,,,144325.896734262,315.141575828512,5.75302198492919,11.879829193208
67.42,415.0912,-2.8456,459.68169043193,,,,,,,,,144841.647590205,315.091182888115,5.7528620664235,11.8833963390579
67.44,415.0278,-3.0226,488.374188568961,,,,,,,,,153851.422884707,315.027752255958,5.75266073734471,11.9437426292268
67.46,414.9703,-2.5769,416.439888558835,,,,,,,,,131166.187885413,314.970278998338,5.75247828198794,11.7842204079901
67.48,414.9247,-2.6749,432.332512825006,,,,,,,,,136152.176318642,314.924675521112,5.75233348490081,11.8215284826869
67.50,414.8633,-2.8948,467.962485617028,,,,,,,,,147344.205025441,314.863284032612,5.75213852566806,11.9005266594348
67.52,414.8089,-2.7766,448.946471187885,,,,,,,,,141332.338162053,314.808885317878,5.75196574142408,11.858869404215
67.54,414.7522,-2.7172,439.409005255441,,,,,,,,,138304.959121045,314.75221824515,5.75178572054108,11.8372163747182
67.56,414.7002,-2.6603,430.28590660354,,,,,,,,,135411.060259171,314.700198591298,5.75162043511973,11.8160703219379
67.58,414.6458,-2.9571,478.371811929098,,,,,,,,,150517.684181075,314.64580568427,5.75144757978484,11.9218358591324
67.60,414.5819,-2.7792,449.680132790317,,,,,,,,,141461.237092378,314.581914514645,5.75124450173283,11.8597810157262
67.62,414.5346,-2.6164,423.406967336301,,,,,,,,,133176.157452604,314.534638601793,5.75109420871413,11.7994280229628
67.64,414.4773,-2.8954,468.644076778659,,,,,,,,,147377.904359749,314.477258248492,5.75091176271034,11.9007553449211
67.66,414.4188,-2.9575,478.788493715928,,,,,,,,,150540.114141095,314.418821915993,5.75072592490816,11.9219848667993
67.68,414.3590,-2.9071,470.707691819992,,,,,,,,,147971.178838376,314.358956545292,5.75053550669387,11.9047727962039
67.70,414.3025,-3.0782,498.509910565824,,,,,,,,,156682.930610697,314.302539006411,5.75035602206046,11.9619794920387
67.72,414.2358,-3.0901,500.544208056858,,,,,,,,,157288.923428983,314.235827519786,5.75014374707319,11.9658396697137
67.74,414.1789,-2.8369,459.606677190099,,,,,,,,,144398.735789682,314.178933762438,5.74996267635045,11.8803337504834
67.76,414.1224,-3.0307,491.099012542319,,,,,,,,,154265.176888968,314.122352008749,5.74978256609086,11.9464283284281
67.78,414.0577,-3.1939,517.648568328289,,,,,,,,,162571.521223236,314.057704724752,5.74957674203283,11.9988733145274
67.80,413.9946,-3.0080,487.60855286088,,,,,,,,,153106.450290544,313.994595443913,5.74937577379807,11.9388887119833
67.82,413.9374,-3.1103,504.295581700197,,,,,,,,,158317.236826708,313.937386270474,5.74919355924215,11.9723561270336
67.84,413.8702,-2.8939,469.306552314513,,,,,,,,,147301.333036399,313.870182101534,5.74897946762369,11.9002356522156
67.86,413.8216,-2.5681,416.536893562427,,,,,,,,,130718.286792146,313.821629758123,5.74882476640698,11.7807998040727
67.88,413.7675,-2.6666,432.582767399393,,,,,,,,,135730.395019915,313.767457349031,5.74865212985118,11.8184258076238
67.90,413.7150,-2.7317,443.211973687115,,,,,,,,,139042.229366203,313.714966248543,5.74848482285217,11.8425329743624
67.92,413.6582,-2.8155,456.891501411888,,,,,,,,,143307.761925703,313.65819123983,5.74830383006283,11.872749777916
67.94,413.6023,-2.6138,424.249712258847,,,,,,,,,133045.705935594,313.602348077537,5.74812577594037,11.7984480018196
67.96,413.5536,-2.5527,414.397554231481,,,,,,,,,129935.860495739,313.553637488789,5.74797043790656,11.7747962268834
67.98,413.5002,-2.6134,424.318490400148,,,,,,,,,133023.947810337,313.500238193463,5.74780011986045,11.7982844497196
68.00,413.4491,-2.6434,429.263929104715,,,,,,,,,134552.392599345,313.449100836335,5.74763698911269,11.8097089382292
68.02,413.3945,-2.8927,469.821128348848,,,,,,,,,147239.357803376,313.394500415164,5.7474627816351,11.8998148259198
68.04,413.3334,-2.8953,470.339054901485,,,,,,,,,147372.931945451,313.33339302712,5.74726777710801,11.9007216051404
68.06,413.2787,-2.7304,443.622145282374,,,,,,,,,138977.363480741,313.278687636928,5.74709317022755,11.8420663461944
68.08,413.2242,-2.7700,450.138213432828,,,,,,,,,140994.171840573,313.22417789267,5.74691915747391,11.856473834042
68.10,413.1679,-2.8017,455.366035853576,,,,,,,,,142606.019531646,313.167887596917,5.74673942883747,11.8678409987758
68.12,413.1121,-2.8589,464.75601031529,,,,,,,,,145520.735575636,313.11211118478,5.74656130910702,11.8880738679871
68.14,413.0535,-2.8940,470.54235863612,,,,,,,,,147304.946556924,313.053530364177,5.74637419944502,11.9002601834003
68.16,412.9964,-2.9612,481.552709355311,,,,,,,,,150724.241243389,312.99635183275,5.74619153498581,11.9232072292988
68.18,412.9351,-2.8428,462.403262784779,,,,,,,,,144702.203865242,312.935083964994,5.74599576955705,11.8824331430858
68.20,412.8826,-2.5763,419.121556441851,,,,,,,,,131135.858155895,312.88263784182,5.74582816125364,11.7839891499415
68.22,412.8320,-2.7046,440.065706378288,,,,,,,,,137666.648728249,312.832031064716,5.74566640453055,11.8325904529718
68.24,412.7745,-2.8573,464.986178422058,,,,,,,,,145435.797483169,312.774452730421,5.74548233247904,11.8874900138011
68.26,412.7177,-2.9871,486.197847050981,,,,,,,,,152042.692204856,312.717740580437,5.74530099640244,11.9319166301607
68.28,412.6550,-2.8721,467.585180712667,,,,,,,,,146192.8307551,312.654970228699,5.74510025098818,11.8926817878526
68.30,412.6029,-2.7514,447.998643519742,,,,,,,,,140045.655082291,312.602855182797,5.74493355160784,11.8497237561605
68.32,412.5449,-2.6761,435.822309408518,,,,,,,,,136214.046901546,312.544915579036,5.74474818870123,11.8219828017521
68.34,412.4958,-2.6238,427.37055732605,,,,,,,,,133551.509163913,312.495811596174,5.74459106619439,11.8022425188405
68.36,412.4400,-2.8062,457.171471023021,,,,,,,,,142838.638105231,312.439964343353,5.74441233661891,11.8694708672554
68.38,412.3836,-3.0464,496.390697240029,,,,,,,,,155064.294189874,312.383562085357,5.74423179841648,11.9515951111201
68.40,412.3181,-3.1726,517.065469598069,,,,,,,,,161488.908825726,312.318107320639,5.74402224314181,11.9921917432848
68.42,412.2567,-2.9276,477.228269789737,,,,,,,,,149017.703811466,312.256656289709,5.74382546595929,11.911820395396
68.44,412.2010,-2.6508,432.182885978353,,,,,,,,,134927.930050175,312.201002001114,5.74364721756085,11.8124960633909
68.46,412.1506,-2.6305,428.933536082654,,,,,,,,,133891.870683615,312.150623395917,5.74348583860945,11.8047878179887
68.48,412.0958,-2.7166,443.053170572994,,,,,,,,,138275.026310375,312.095783292885,5.74331013842893,11.8369999251386
68.50,412.0420,-2.8505,464.967995189302,,,,,,,,,145089.524645408,312.041960191987,5.74313766656164,11.8851062422304
68.52,411.9818,-3.0137,491.689263848754,,,,,,,,,153398.084330971,311.981764926552,5.74294474035323,11.9407916797732
68.54,411.9214,-2.8769,469.4652410675,,,,,,,,,146436.261140457,311.921412557574,5.74275127325339,11.894345535226
68.56,411.8667,-2.6937,439.641368457197,,,,,,,,,137109.497589449,311.86668822954,5.74257581518323,11.8285351380558
68.58,411.8137,-2.5944,423.511985320409,,,,,,,,,132056.82443382,311.813665282488,5.74240578273991,11.7909875970701
68.60,411.7629,-2.4835,405.479277133886,,,,,,,,,126413.400028431,311.762911589414,5.7422430001882,11.7473127679591
68.62,411.7143,-2.5936,423.516829783804,,,,,,,,,132016.262094643,311.714323518228,5.74208713861524,11.790680391667
68.64,411.6592,-2.8522,465.829090190229,,,,,,,,,145179.906131598,311.659166825136,5.74191017666838,11.885728984273
68.66,411.6002,-2.9252,477.8288256383,,,,,,,,,148891.573940927,311.600234125751,5.74172106536265,11.9109736283599
68.68,411.5422,-2.7925,456.240399287841,,,,,,,,,142138.119758348,311.542160624564,5.74153467617827,11.8645545381968
68.70,411.4885,-2.5483,416.410214465691,,,,,,,,,129707.007711314,311.488535116135,5.74136253214451,11.7730333990016
68.72,411.4402,-2.7252,445.393246444228,,,,,,,,,138713.375373182,311.440230584078,5.74120744368235,11.8401650354904
68.74,411.3795,-2.8199,460.969489547418,,,,,,,,,143536.461817832,311.379527436309,5.74101251361733,11.8743443712295
68.76,411.3274,-2.6910,439.962838733052,,,,,,,,,136972.501061604,311.327432689634,5.74084519656411,11.8275354624848
68.78,411.2719,-2.8687,469.106159405849,,,,,,,,,146019.559826118,311.271887819721,5.74066676761878,11.8914958631289
68.80,411.2127,-3.0462,498.219913177568,,,,,,,,,155052.35613154,311.21268345667,5.74047654808255,11.9515181203599
68.82,411.1500,-3.0122,492.754550934126,,,,,,,,,153320.598321298,311.150040178512,5.74027524014429,11.9402864219216
68.84,411.0922,-2.7302,446.718631024116,,,,,,,,,138970.680238592,311.092196714512,5.74008932070413,11.8420182563279
68.86,411.0408,-2.8183,461.204663740443,,,,,,,,,143453.48154625,311.040830296077,5.73992419068748,11.8737660912178
68.88,410.9795,-2.8976,474.270433320834,,,,,,,,,147488.365159379,310.979464029979,5.73972687794108,11.9015045713754
68.90,410.9249,-2.5971,425.158965441299,,,,,,,,,132192.520210256,310.924926804837,5.73955149012878,11.7920146254515
68.92,410.8756,-2.7977,458.073303263573,,,,,,,,,142403.80417976,310.875580753549,5.73939277024743,11.8664219923487
68.94,410.8130,-3.1467,515.319656283044,,,,,,,,,160168.058123266,310.813019007551,5.73919150631487,11.9839789062409
68.96,410.7497,-3.1024,508.163017473776,,,,,,,,,157911.511809887,310.749712946272,5.73898780664549,11.9697901032853
68.98,410.6889,-2.8098,460.333290710527,,,,,,,,,143020.455004017,310.688924503514,5.73879216884865,11.8707429409986
69.00,410.6373,-2.5445,416.937426273076,,,,,,,,,129516.324936542,310.637320554941,5.73862605982267,11.7715622134627
69.02,410.5871,-2.7600,452.318476155661,,,,,,,,,140484.303828188,310.587144310775,5.73846452000216,11.8528510449898
69.04,410.5269,-2.7351,448.320582551123,,,,,,,,,139215.610207445,310.526921193877,5.73827060033287,11.8437791628898
69.06,410.4777,-2.6589,435.906069684101,,,,,,,,,135339.132218047,310.477741950524,5.7381122142647,11.8155389978996
69.08,410.4206,-2.9050,476.342762679042,,,,,,,,,147866.589599529,310.420565157532,5.73792803984355,11.9040657245967
69.10,410.3615,-2.6836,440.118134168315,,,,,,,,,136595.74244473,310.361541232225,5.73773787996336,11.8247810575857
69.12,410.3132,-2.3496,385.406591929162,,,,,,,,,119596.761173616,310.313221616089,5.73758217968642,11.6918810396438
69.14,410.2676,-2.2379,367.13750285021,,,,,,,,,113910.855840005,310.267556312492,5.73743501011461,11.6431714551658
69.16,410.2237,-2.4454,401.23045831556,,,,,,,,,124471.199319763,310.22370495579,5.7372936661199,11.7318296373609
69.18,410.1697,-2.8179,462.433922075045,,,,,,,,,143433.009758008,310.169740823492,5.73711969867134,11.8736233742277
69.20,410.1110,-2.6788,439.689991480679,,,,,,,,,136352.697829625,310.11098835898,5.73693026036728,11.8230001741405
69.22,410.0626,-2.7211,446.697095774494,,,,,,,,,138504.057692223,310.062588278264,5.73677417477242,11.8386549015971
69.24,410.0021,-2.9806,489.395491288379,,,,,,,,,151713.652136468,310.002145171112,5.73657921736206,11.929750155595
69.26,409.9434,-3.0372,498.790757899764,,,,,,,,,154596.885611209,309.943364352144,5.73638958515007,11.948576270115
69.28,409.8807,-3.0317,497.983852449668,,,,,,,,,154315.562605931,309.880655460667,5.7361872409695,11.9467548926686
69.30,409.8221,-3.0216,496.418252031109,,,,,,,,,153801.343197403,309.822095718924,5.73599824796663,11.9434170694187
69.32,409.7598,-3.1531,518.124103732984,,,,,,,,,160494.014046015,309.759790925932,5.73579712913296,11.9860119251933
69.34,409.6960,-3.1305,514.511507987103,,,,,,,,,159342.141447623,309.695971759717,5.73559107998374,11.9788090023296
69.36,409.6346,-3.1289,514.350284328332,,,,,,,,,159260.630230397,309.634572163927,5.7353928026774,11.9782973230458
69.38,409.5708,-3.3011,542.782284820957,,,,,,,,,168029.555394009,309.570817053169,5.73518687710862,12.0318951678768
69.40,409.5025,-3.1869,524.106652209106,,,,,,,,,162212.33296797,309.50252641184,5.73496625497289,11.9966614533337
69.42,409.4433,-2.6667,438.648388478192,,,,,,,,,135736.823625153,309.443342755838,5.7347750148043,11.8184731695504
69.44,409.3959,-2.5620,421.4905043332,,,,,,,,,130407.416163947,309.39585785035,5.73462155036464,11.7784187992804
69.46,409.3409,-2.8004,460.782922868372,,,,,,,,,142538.986693453,309.340862300512,5.73444378315545,11.8673708321029
69.48,409.2838,-2.7627,454.67208111568,,,,,,,,,140622.728925145,309.283843820107,5.73425944366819,11.8538359019448
69.50,409.2304,-2.8288,465.625804874979,,,,,,,,,143985.632546738,309.23035415831,5.73408648187651,11.8774687995994
69.52,409.1707,-2.8582,470.554274189921,,,,,,,,,145481.591019802,309.170692945579,5.73389352873325,11.8878048353884
69.54,409.1160,-2.8008,461.194542608735,,,,,,,,,142562.625002253,309.116027687256,5.73371670055098,11.8675366558506
69.56,409.0587,-2.5534,420.527626730636,,,,,,,,,129967.704952997,309.058660339209,5.73353109816601,11.775041275137
69.58,409.0139,-2.3379,385.0930837736,,,,,,,,,118999.112898867,309.013892778267,5.73338623633452,11.6868713174345
69.60,408.9651,-2.7607,454.812443392408,,,,,,,,,140521.192557106,308.965145080399,5.73322847144289,11.8531135930866
69.62,408.9035,-2.7025,445.313979401028,,,,,,,,,137559.03099531,308.903464428255,5.73302881523314,11.8318084202884
69.64,408.8570,-2.4119,397.479579856602,,,,,,,,,122764.368299598,308.857044540219,5.73287853081887,11.7180220921638
69.66,408.8070,-2.6419,435.457098509625,,,,,,,,,134472.195973593,308.806990249628,5.73271645471316,11.8091127352683
69.68,408.7514,-2.8780,474.457301508589,,,,,,,,,146489.341744943,308.751369784308,5.73253632448071,11.8947079521984
69.70,408.6919,-2.6121,430.708325601515,,,,,,,,,132956.159246707,308.69187183931,5.73234360087093,11.7977747231401
69.72,408.6469,-2.2175,365.694698200627,,,,,,,,,112870.529973849,308.646886403386,5.73219786099828,11.6339966883745
69.74,408.6032,-2.6009,428.981477844656,,,,,,,,,132385.045099859,308.603172717397,5.73205622087879,11.7934699636875
69.76,408.5429,-3.0412,501.707813373293,,,,,,,,,154798.359524385,308.542851831585,5.7318607375293,11.9498786426939
69.78,408.4815,-3.1873,525.906273286926,,,,,,,,,162232.369021805,308.481524679006,5.7316619539638,11.9967849631568
69.80,408.4154,-3.2336,533.667535622262,,,,,,,,,164591.266073959,308.415361788954,5.73144745169687,12.0112205042982
69.82,408.3522,-3.1824,525.325834929778,,,,,,,,,161985.366884222,308.352180900974,5.73124257422252,11.9952612822595
69.84,408.2881,-3.1152,514.344812102451,,,,,,,,,158566.367304358,308.288065852551,5.73103462461498,11.9739285058234
69.86,408.2276,-2.7632,456.312473381124,,,,,,,,,140648.085643105,308.227571779815,5.73083837955893,11.8540162030405
69.88,408.1775,-2.9319,484.250244957988,,,,,,,,,149235.048162362,308.177537783814,5.73067603828261,11.9132778464198
69.90,408.1103,-3.3228,548.934031572597,,,,,,,,,169132.22676599,308.110295660586,5.73045782166418,12.0384360948838
69.92,408.0446,-2.8859,476.863625404534,,,,,,,,,146895.276901943,308.044625499227,5.73024466046283,11.8974752098544
69.94,407.9949,-2.6647,440.385200144051,,,,,,,,,135636.377292349,307.994858246786,5.73008308883029,11.8177328876283
69.96,407.9380,-2.6303,434.781524565268,,,,,,,,,133885.768708638,307.938035873325,5.72989858050425,11.8047422430483
69.98,407.8896,-2.4344,402.460562424713,,,,,,,,,123913.43942332,307.889644333785,5.72974142115207,11.7273385316567
70.00,407.8407,-2.4832,410.591663983373,,,,,,,,,126396.808296972,307.84065869903,5.72958230721982,11.747181509561
70.02,407.7903,-2.4841,410.799141326182,,,,,,,,,126439.997360326,307.79031560811,5.7294187576483,11.7475231454527
70.04,407.7413,-2.6166,432.782767164921,,,,,,,,,133185.129668211,307.7412960333,5.72925948207581,11.7994953917288
70.06,407.6857,-2.8702,474.809591555182,,,,,,,,,146092.098891753,307.685652291155,5.72907865235281,11.8919925161378
70.08,407.6265,-2.8377,469.536417940588,,,,,,,,,144441.840082277,307.62648979563,5.72888635159467,11.8806322147334
70.10,407.5721,-2.9317,485.1772314679,,,,,,,,,149227.000772112,307.572142906679,5.72870967080833,11.9132239207011
70.12,407.5092,-2.9169,482.821265615487,,,,,,,,,148471.990789038,307.509220000429,5.7285050705383,11.9081516052198
70.14,407.4555,-2.8378,469.809193148546,,,,,,,,,144445.404614863,307.455466434843,5.72833025215634,11.8806568924071
70.16,407.3957,-3.0612,506.890604567231,,,,,,,,,155815.996175601,307.395707814771,5.7281358681403,11.9564310783654
70.18,407.3330,-2.9246,484.377301414941,,,,,,,,,148865.13822797,307.33301868835,5.72793191109734,11.9107960625019
70.20,407.2787,-2.6438,437.950232083867,,,,,,,,,134572.787784548,307.278722388661,5.72775522622069,11.809860504762
70.22,407.2273,-2.6959,446.650604196648,,,,,,,,,137223.243485465,307.227264882528,5.72758775020803,11.8293643930845
70.24,407.1709,-2.5313,419.457221832491,,,,,,,,,128845.046354683,307.170885726548,5.72740422375671,11.7663657702866
70.26,407.1260,-2.3884,395.833286266195,,,,,,,,,121570.698712091,307.126012212968,5.72725812660463,11.7082512549389
70.28,407.0753,-2.6652,441.774990059785,,,,,,,,,135658.209513266,307.07534959122,5.72709315588,11.8178938360735
70.30,407.0194,-2.7636,458.175815819116,,,,,,,,,140668.866555305,307.01940543025,5.72691095546006,11.8541639432465
70.32,406.9648,-2.9066,481.966841911802,,,,,,,,,147946.857736382,306.964805191838,5.72673309994648,11.9046084189166
70.34,406.9031,-2.9367,487.049049137682,,,,,,,,,149476.883309899,306.903141633367,5.72653219824116,11.9148970331673
70.36,406.8473,-3.0317,502.897021215816,,,,,,,,,154312.612764604,306.847339026852,5.72635035689544,11.9467357768421
70.38,406.7819,-3.1784,527.343396863576,,,,,,,,,161779.396226517,306.781875318275,5.72613699121045,11.9939889344999
70.40,406.7202,-2.8605,474.697862297273,,,,,,,,,145599.425614169,306.720204952154,5.72593594750314,11.8886144697793
70.42,406.6675,-2.7478,456.069465187146,,,,,,,,,139861.662760916,306.667456247097,5.72576395609046,11.8484090899396
70.44,406.6103,-2.7443,455.586678617072,,,,,,,,,139687.565879901,306.610294892557,5.72557754347529,11.8471635354134
70.46,406.5577,-2.6946,447.405875103477,,,,,,,,,137155.708432869,306.55768300125,5.72540593669434,11.8288721173214
70.48,406.5025,-2.9841,495.572613178703,,,,,,,,,151894.250472142,306.502511302756,5.72522594882641,11.9309398371245
70.50,406.4383,-2.8644,475.789228250678,,,,,,,,,145800.050424292,306.438317152222,5.72501648602743,11.8899914444023
70.52,406.3879,-2.4974,414.897484144278,,,,,,,,,127119.583225627,306.387934570897,5.72485205905878,11.7528835226151
70.54,406.3384,-2.7150,451.110269192293,,,,,,,,,138192.407306396,306.338420435048,5.72469043997531,11.8364022489106
70.56,406.2793,-2.8867,479.731528928223,,,,,,,,,146931.854278951,306.279336292977,5.72449754924825,11.8977241819425
70.58,406.2230,-2.8720,477.381983780516,,,,,,,,,146185.321391873,306.222954276976,5.72431344539418,11.8926304203809
70.60,406.1645,-2.8057,466.45946281057,,,,,,,,,142813.308049012,306.164456796557,5.72412239809458,11.8692935181659
70.62,406.1107,-2.9239,486.195444051939,,,,,,,,,148829.639710839,306.110724671743,5.72394688183464,11.9105575731502
70.64,406.0475,-3.0578,508.561942990439,,,,,,,,,155644.110874539,306.047499266899,5.72374031626843,11.955327339462
70.66,405.9884,-2.7964,465.172548224765,,,,,,,,,142337.40933777,305.988412001033,5.72354723195765,11.8659556401661
70.68,405.9356,-2.4757,411.898424696214,,,,,,,,,126014.409676165,305.935643645891,5.7233747649504,11.744151541904
70.70,405.8894,-2.6559,441.944992753586,,,,,,,,,135186.28149924,305.889383782691,5.72322354569255,11.8144089692419
70.72,405.8294,-2.6347,438.506807682525,,,,,,,,,134108.277277819,305.829407727034,5.72302745540832,11.8064027920317
70.74,405.7840,-2.5043,416.870641762669,,,,,,,,,127472.370241277,305.783995011693,5.72287895403402,11.7556549161069
70.76,405.7292,-3.0830,513.27613335994,,,,,,,,,156923.518965979,305.729233772759,5.72269985328361,11.963513825295
70.78,405.6607,-3.4001,566.205698145245,,,,,,,,,173066.816971162,305.660676920221,5.72247558771551,12.061433024181
70.80,405.5932,-2.9803,496.413216545136,,,,,,,,,151700.51800896,305.593229496876,5.72225490225924,11.929663580024
70.82,405.5415,-2.9433,490.335062757832,,,,,,,,,149817.692589942,305.541463315534,5.72208549220258,11.9171744511681
70.84,405.4755,-3.0021,500.237416142765,,,,,,,,,152810.27256759,305.475495507474,5.72186956428974,11.9369523823003
70.86,405.4214,-2.9396,489.906766788093,,,,,,,,,149627.999613878,305.421377612037,5.72169238906439,11.915907490204
70.88,405.3579,-2.8662,477.76762504717,,,,,,,,,145890.123730989,305.357910587988,5.72148456595872,11.8906090401771
70.90,405.3067,-2.8073,468.031293138527,,,,,,,,,142893.103690828,305.306730096217,5.72131694370427,11.8698521030671
70.92,405.2456,-3.1265,521.344054825216,,,,,,,,,159137.988349368,305.245618275479,5.7211167583439,11.9775269560911
70.94,405.1817,-2.7911,465.513308603345,,,,,,,,,142066.129749632,305.181671767592,5.7209072444209,11.8640479306399
70.96,405.1340,-2.5614,427.280782396519,,,,,,,,,130377.883932289,305.133975839094,5.72075094520497,11.7781923123444
70.98,405.0792,-2.7861,464.834310687867,,,,,,,,,141811.286386656,305.079214520121,5.72057146262418,11.8622524836127
71.00,405.0225,-2.5389,423.68389759288,,,,,,,,,129233.135919363,305.02253367095,5.72038565476671,11.769373307412
71.02,404.9777,-2.4146,402.992272534783,,,,,,,,,122903.639014781,304.977656871009,5.72023851776342,11.7191559046746
71.04,404.9260,-2.7817,464.346898117038,,,,,,,,,141591.419059557,304.925950046659,5.72006896039768,11.8607008585436
71.06,404.8664,-3.0826,514.669308408314,,,,,,,,,156905.372803972,304.866387485246,5.71987360680618,11.9633981816273
71.08,404.8026,-2.7979,467.234780283684,,,,,,,,,142414.3974343,304.802646215319,5.71966450558359,11.8664963784271
71.10,404.7545,-2.4679,412.185248974168,,,,,,,,,125615.29765486,304.754471363268,5.7195064404876,11.7409793222148
71.12,404.7039,-2.6974,450.601527124717,,,,,,,,,137300.056917216,304.703931638507,5.71934058921825,11.8299240063023
71.14,404.6466,-2.9141,486.88367594532,,,,,,,,,148327.443977565,304.646574337446,5.71915233204716,11.90717756817
71.16,404.5874,-2.8986,484.38763918436,,,,,,,,,147538.356478329,304.587368758547,5.71895797131018,11.9018434648773
71.18,404.5306,-2.7927,466.77472705605,,,,,,,,,142147.20242691,304.53063156061,5.71877167834865,11.8646184364557
71.20,404.4757,-2.7677,462.688104229688,,,,,,,,,140877.267117714,304.47566261133,5.71859115821296,11.8556443443286
71.22,404.4199,-2.8461,475.88093233763,,,,,,,,,144867.636964976,304.419923389985,5.71840807519255,11.8835757559854
71.24,404.3618,-3.0360,507.733339590798,,,,,,,,,154534.642609358,304.361818615069,5.71821718650098,11.9481735741943
71.26,404.2985,-3.2221,538.971683342529,,,,,,,,,164008.265401782,304.298482593103,5.71800907034137,12.0076721043277
71.28,404.2329,-3.1180,521.66258619723,,,,,,,,,158706.938628453,304.232932987164,5.71779363493569,11.9748146272251
71.30,404.1738,-2.8838,482.568576346555,,,,,,,,,146784.69977491,304.173763004197,5.71759912694114,11.8967221647642
71.32,404.1176,-2.6236,439.109111247646,,,,,,,,,133540.801353281,304.117582470219,5.71741441106591,11.8021623382421
71.34,404.0688,-2.7104,453.720782819741,,,,,,,,,137962.34312461,304.068820183229,5.71725405796732,11.8347360509933
71.36,404.0092,-2.6987,451.844046693761,,,,,,,,,137364.731340106,304.009164987861,5.71705784893817,11.8303949397955
71.38,403.9609,-2.6816,449.049696228843,,,,,,,,,136493.53738664,303.960872333117,5.71689898369192,11.8240325473335
71.40,403.9019,-2.7993,468.857412045031,,,,,,,,,142486.659176677,303.901901764096,5.71670495776462,11.8670036544954
71.42,403.8489,-2.4692,413.643479593672,,,,,,,,,125685.116028603,303.848899424368,5.716530536473,11.7415349788849
71.44,403.8031,-2.5235,422.792584688361,,,,,,,,,128445.711550259,303.80313232063,5.71637990057801,11.7632616158403
71.46,403.7480,-2.7085,453.872327395016,,,,,,,,,137862.793806036,303.747960571412,5.71619828046403,11.8340142217648
71.48,403.6948,-2.6200,439.121668131696,,,,,,,,,133358.964135344,303.694793068941,5.71602322692264,11.8007997499631
71.50,403.6432,-2.6148,438.321623271052,,,,,,,,,133093.363069913,303.643160646926,5.71585319828596,11.7988061389019
71.52,403.5902,-2.5593,429.095519083604,,,,,,,,,130269.195258653,303.590201866618,5.71567877183408,11.7773583211846
71.54,403.5408,-2.7331,458.302312660573,,,,,,,,,139113.445499479,303.540788812272,5.71551599623799,11.8430450339122
71.56,403.4809,-2.9560,495.778826262321,,,,,,,,,150459.394376501,303.480879792336,5.71531860947825,11.9214485219599
71.58,403.4226,-2.9909,501.743333141881,,,,,,,,,152240.241859638,303.422550542567,5.715126390265,11.9332150906422
71.60,403.3612,-2.7900,468.124414354296,,,,,,,,,142010.803770829,303.361242046541,5.71492431335726,11.8636584165824
71.62,403.3110,-2.5885,434.391306050652,,,,,,,,,131755.640398045,303.310951584012,5.71475852213369,11.7887042768576
71.64,403.2577,-2.7260,457.545209933609,,,,,,,,,138754.108967393,303.257702091398,5.71458294598933,11.8404586453496
71.66,403.2019,-2.8898,485.130026359421,,,,,,,,,147092.351509245,303.201911893757,5.71439895946653,11.8988159100593
71.68,403.1421,-2.9401,493.675284457329,,,,,,,,,149653.767289887,303.14210980684,5.7142017048224,11.9160796869692
71.70,403.0843,-3.1234,524.539892883842,,,,,,,,,158979.809784192,303.084306724785,5.71401100682359,11.9765324906501
71.72,403.0172,-3.1324,526.168457017959,,,,,,,,,159438.079831461,303.017175782582,5.71378948965389,11.9794109116096
71.74,402.9590,-2.9619,497.634872266407,,,,,,,,,150762.969522108,302.959012569757,5.71359752431227,11.9234641442029
71.76,402.8987,-2.5670,431.363104126582,,,,,,,,,130659.323014476,302.898698948844,5.71339842270817,11.7803486271053
71.78,402.8563,-2.6636,447.671265471353,,,,,,,,,135580.078366666,302.856334153843,5.71325854836044,11.8173177289953
71.80,402.7922,-3.0071,505.499529812008,,,,,,,,,153061.291258055,302.792153565361,5.71304660829941,11.9385937166151
71.82,402.7361,-2.9590,497.501903376157,,,,,,,,,150611.761686471,302.736051187717,5.71286130767307,11.9224606901461
71.84,402.6738,-2.9828,501.615574398677,,,,,,,,,151825.889814281,302.673795558054,5.71265564326171,11.9304896815375
71.86,402.6167,-2.8520,479.712258698964,,,,,,,,,145168.959414492,302.616739059801,5.71246711727242,11.8856535803819
71.88,402.5597,-2.7601,464.341906232039,,,,,,,,,140491.154704412,302.559714768036,5.71227866218111,11.8528998099337
71.90,402.5063,-2.7118,456.297146362198,,,,,,,,,138032.777104417,302.506334314986,5.71210221713591,11.8352464511865
71.92,402.4512,-2.6960,453.720645266255,,,,,,,,,137228.372652442,302.45124193525,5.71192008079429,11.8294017706525
71.94,402.3985,-2.8259,475.656298280078,,,,,,,,,143837.748081773,302.398493622127,5.71174566288466,11.8764411938666
71.96,402.3382,-2.8461,479.161333833532,,,,,,,,,144868.778666961,302.338207275487,5.71154628240469,11.8835836369553
71.98,402.2846,-2.6608,448.038615871663,,,,,,,,,135435.195615641,302.28464872866,5.71136911891696,11.8162485437594
72.00,402.2318,-2.8060,472.57641333466,,,,,,,,,142827.608578697,302.231775747878,5.71119419238469,11.8693936475862
72.02,402.1724,-2.9507,497.047549177948,,,,,,,,,150194.054768627,302.172407885379,5.71099774151854,11.9196834354291
72.04,402.1137,-2.9089,490.100406713704,,,,,,,,,148066.069785887,302.113745994871,5.71080358883006,11.9054138706038
72.06,402.0561,-2.9474,496.669772668415,,,,,,,,,150022.109888218,302.056050405901,5.71061259752434,11.918537961471
72.08,401.9959,-2.9575,498.47849781767,,,,,,,,,150538.438335328,301.995851364468,5.71041328007677,11.9219737347824
72.10,401.9378,-2.8795,485.415386529076,,,,,,,,,146565.229633498,301.93775001963,5.71022087036522,11.8952258618143
72.12,401.8807,-2.8942,487.991207144226,,,,,,,,,147315.114185853,301.880673317776,5.7100318178295,11.9003292053732
72.14,401.8220,-3.0445,513.431826931066,,,,,,,,,154965.011974006,301.821982677385,5.70983738224107,11.9509546412208
72.16,401.7589,-3.0272,510.622011450967,,,,,,,,,154084.733588769,301.75889431583,5.70962833532064,11.9452579481902
72.18,401.7009,-2.8884,487.304070914193,,,,,,,,,147020.074546746,301.700895440773,5.70943611414461,11.8983244179797
72.20,401.6434,-2.8391,479.084423647516,,,,,,,,,144512.634712174,301.643358830005,5.70924538849989,11.8811222201667
72.22,401.5873,-2.6124,440.913687940812,,,,,,,,,132973.982092788,301.587330422452,5.70905962736833,11.7979087647046
72.24,401.5389,-2.3699,400.043670542741,,,,,,,,,120628.712942948,301.538861443028,5.70889890153622,11.7004726190417
72.26,401.4925,-2.5453,429.725849583017,,,,,,,,,129559.135550332,301.492534545105,5.70874525481625,11.7718927010674
72.28,401.4370,-2.7582,465.7466202678,,,,,,,,,140393.286146761,301.437047607638,5.70856119704478,11.852202949963
72.30,401.3822,-2.7234,459.960464043641,,,,,,,,,138623.899652891,301.382206710137,5.70837924898237,11.8395197870406
72.32,401.3281,-2.5881,437.17614140232,,,,,,,,,131733.460531721,301.328110242161,5.70819973830668,11.7885359217621
72.34,401.2787,-2.7905,471.443253051954,,,,,,,,,142035.802947391,301.278684185006,5.70803569748363,11.8638344382354
72.36,401.2165,-2.8931,488.878787178266,,,,,,,,,147258.353110099,301.216491638044,5.7078292475412,11.8999438273079
72.38,401.1630,-2.7054,457.251232843272,,,,,,,,,137707.135408994,301.16296144836,5.70765151840535,11.8328845018854
72.40,401.1083,-2.8462,481.135945350841,,,,,,,,,144874.014405678,301.108274710253,5.70746991671171,11.883619777552
72.42,401.0491,-2.9558,499.763041930487,,,,,,,,,150453.220203686,301.049112440397,5.70727341569285,11.9214074856423
72.44,400.9900,-3.0336,513.016895294818,,,,,,,,,154412.976498543,300.990041292512,5.70707717879461,11.9473859577209
72.46,400.9278,-2.7751,469.392389223142,,,,,,,,,141253.203655236,300.927767254629,5.70687026005181,11.8583093294965
72.48,400.8790,-2.7202,460.187881529989,,,,,,,,,138460.886952618,300.879037692772,5.70670831584791,11.8383431600516
72.50,400.8190,-3.0602,517.803013830779,,,,,,,,,155764.963065907,300.818957992416,5.70650861533042,11.9561035030843
72.52,400.7566,-2.8823,487.809157737075,,,,,,,,,146711.838388807,300.756630050565,5.70630139966771,11.896225658822
72.54,400.7037,-2.4131,408.461440311881,,,,,,,,,122825.852004095,300.703664733473,5.70612527726133,11.7185227937447
72.56,400.6601,-2.4054,407.222907350454,,,,,,,,,122435.683122875,300.660107555069,5.70598041592952,11.7153411353558
72.58,400.6074,-2.9218,494.727127672989,,,,,,,,,148718.659727436,300.607448851557,5.70580525695716,11.9098116103014
72.60,400.5432,-2.9571,500.815012957597,,,,,,,,,150516.565252093,300.54323723885,5.7055916279472,11.9218284252342
72.62,400.4892,-2.7353,463.336008493733,,,,,,,,,139227.450609835,300.489165654212,5.70541169892999,11.8438642100974
72.64,400.4338,-2.7711,469.485808584431,,,,,,,,,141049.417525647,300.433825573837,5.70522751532796,11.8568655868622
72.66,400.3783,-2.7752,470.269498654256,,,,,,,,,141258.762987351,300.37832219947,5.70504275416849,11.8583486859329
72.68,400.3228,-2.5913,439.185194502368,,,,,,,,,131897.335063485,300.322817605305,5.70485795480439,11.7897791342821
72.70,400.2747,-2.7867,472.379767408108,,,,,,,,,141843.679195362,300.274670893806,5.70469762542399,11.8624808794653
72.72,400.2113,-3.0406,515.5218383369,,,,,,,,,154765.507031975,300.211349981325,5.70448672655036,11.9496663925182
72.74,400.1530,-2.9234,495.761496126837,,,,,,,,,148804.324476906,300.153048672493,5.70429250680933,11.9103874633036
72.76,400.0944,-2.8961,491.213587031452,,,,,,,,,147410.452736379,300.094412345602,5.70409713296476,11.9009761703098
72.78,400.0372,-2.8895,490.201013925642,,,,,,,,,147078.542796915,300.037206408604,5.7039064883282,11.8987220278118
72.80,399.9788,-2.7362,464.270045284407,,,,,,,,,139271.185412155,299.978830912598,5.7037119085418,11.8441782856226
72.82,399.9278,-2.9654,503.25578643583,,,,,,,,,150940.380921291,299.927760374669,5.70354164690842,11.924640209496
72.84,399.8602,-3.2167,546.026539318293,,,,,,,,,163731.635290259,299.860214660401,5.70331641493524,12.0059839963089
72.86,399.7991,-3.0017,509.637320787873,,,,,,,,,152788.806090871,299.799092136086,5.70311255743204,11.9368118944634
72.88,399.7401,-2.6389,448.124074760837,,,,,,,,,134320.775517089,299.740145826299,5.70291591872604,11.8079860653879
72.90,399.6935,-2.7638,469.401592531608,,,,,,,,,140676.623245241,299.693536373693,5.70276040710204,11.8542190832094
72.92,399.6296,-3.0348,515.55091628187,,,,,,,,,154474.312418236,299.629595331335,5.70254702957923,11.9477830988316
72.94,399.5721,-2.7496,467.185714647143,,,,,,,,,139955.825709848,299.572142987193,5.70235526663649,11.8490821211572
72.96,399.5196,-2.7305,464.02286552835,,,,,,,,,138983.94830527,299.519611273937,5.70217989545831,11.8421137256263
72.98,399.4629,-2.9273,497.551731464636,,,,,,,,,148998.295687934,299.462922678069,5.70199061248987,11.9116901465262
73.00,399.4025,-2.8185,479.155263582214,,,,,,,,,143460.293965762,299.402521206254,5.70178889281265,11.8738135787914
73.02,399.3502,-2.5525,434.013599460552,,,,,,,,,129922.051134791,299.350184640008,5.70161407417427,11.7746899429463
73.04,399.3004,-2.6393,448.846603214584,,,,,,,,,134339.9778336,299.300422174244,5.7014478253964,11.8081290138186
73.06,399.2446,-2.6443,449.793146964863,,,,,,,,,134598.176547768,299.244613787507,5.70126134523686,11.8100491489076
73.08,399.1946,-2.6661,453.57167738271,,,,,,,,,135706.218546295,299.194648416704,5.70109435963255,11.8182476704642
73.10,399.1380,-2.6913,457.943245033854,,,,,,,,,136988.212363532,299.137969276969,5.7009049026709,11.8276501599664
73.12,399.0870,-2.6315,447.843113029174,,,,,,,,,133944.051558243,299.086996453416,5.70073448910879,11.8051774660602
73.14,399.0327,-2.7482,467.786707192338,,,,,,,,,139883.526549038,299.032709562485,5.70055296393737,11.8485654021051
73.16,398.9771,-2.7784,473.025974599206,,,,,,,,,141423.919546913,298.977069212196,5.70036687885173,11.859517180422
73.18,398.9216,-2.8220,480.523535545633,,,,,,,,,143638.850535048,298.92157180594,5.70018123733122,11.8750574459065
73.20,398.8642,-2.8308,482.125328516052,,,,,,,,,144089.996198011,298.864190855746,5.69998925902074,11.8781933569408
73.22,398.8083,-2.8047,477.76396955255,,,,,,,,,142759.858136584,298.808338917407,5.69980236089269,11.868919183884
73.24,398.7520,-3.1936,544.117350639827,,,,,,,,,162556.148508929,298.75200325404,5.69961380867609,11.9987787503562
73.26,398.6806,-3.1914,543.862259097424,,,,,,,,,162441.102836999,298.680594433194,5.69937475636638,11.9980707709732
73.28,398.6243,-2.9417,501.412666194568,,,,,,,,,149734.0311121,298.624349178281,5.69918642624898,11.9166158733106
73.30,398.5629,-2.8836,491.603131853891,,,,,,,,,146774.469569988,298.562926189028,5.69898071861922,11.896652467027
73.32,398.5090,-2.7679,471.968455306729,,,,,,,,,140886.834787688,298.509006700726,5.69880010557922,11.8557122569541
73.34,398.4522,-2.6128,445.614305543069,,,,,,,,,132994.574519602,298.452210499665,5.69860982118688,11.7980636132861
73.36,398.4045,-2.3782,405.659043764433,,,,,,,,,121050.481338623,298.404493131224,5.69844992562651,11.7039629387203
73.38,398.3571,-2.5372,432.851714482095,,,,,,,,,129144.374980744,298.357083176312,5.69829103485038,11.7686862434194
73.40,398.3030,-2.7118,462.714993282122,,,,,,,,,138029.273063235,298.303005234752,5.69810976600818,11.8352210652909
73.42,398.2486,-2.5310,431.959261966689,,,,,,,,,128831.250796042,298.24861309717,5.69792741083199,11.7662586936264
73.44,398.2018,-2.4727,422.074197329167,,,,,,,,,125863.269931902,298.201763406409,5.69777031581553,11.7429514374514
73.46,398.1497,-2.5419,433.952574986479,,,,,,,,,129382.831631133,298.14970365175,5.69759572161172,11.7705309755166
73.48,398.1001,-2.5439,434.362084465595,,,,,,,,,129483.375654818,298.100088119166,5.69742929628669,11.7713077785593
73.50,398.0479,-2.6047,444.823980193901,,,,,,,,,132578.875119454,298.04794935215,5.69725437742804,11.7949330312176
73.52,397.9959,-2.8966,494.763787051674,,,,,,,,,147437.580616631,297.995901226361,5.69707973213686,11.901160182935
73.54,397.9321,-2.9713,507.633776842139,,,,,,,,,151240.389941811,297.932085769861,5.69686556043109,11.9266258362997
73.56,397.8770,-2.9127,497.709696218202,,,,,,,,,148256.29567396,297.877049212564,5.69668081483314,11.9066977825617
73.58,397.8156,-3.1185,532.985697342427,,,,,,,,,158731.443947051,297.815578801678,5.69647443184899,11.9749690214004
73.60,397.7523,-2.9070,496.947736086197,,,,,,,,,147967.336550915,297.752310366195,5.69626196762158,11.9047468294083
73.62,397.6993,-2.7743,474.35179472799,,,,,,,,,141214.196727959,297.699298911552,5.69608391300234,11.8580331423863
73.64,397.6413,-3.0993,530.01340397966,,,,,,,,,157753.898411025,297.641337419985,5.69588919593378,11.9687914926878
73.66,397.5753,-3.2215,551.04182676214,,,,,,,,,163976.452488003,297.575328267747,5.69566739719623,12.0074781141072
73.68,397.5125,-3.0633,524.095391416348,,,,,,,,,155924.917975659,297.512476792207,5.69545616290361,11.9571298753442
73.70,397.4528,-2.9321,501.751515580758,,,,,,,,,149247.390667469,297.452794925235,5.69525553987565,11.913360548137
73.72,397.3952,-3.0606,523.841073064667,,,,,,,,,155787.815963903,297.39519097364,5.69506186366546,11.9562502063049
73.74,397.3304,-2.9038,497.098096047743,,,,,,,,,147802.36048819,297.330369324116,5.69484387522135,11.9036312581954
73.76,397.2790,-2.5684,439.764979154123,,,,,,,,,130732.911149447,297.279040729683,5.694671228796,11.7809116747196
73.78,397.2276,-2.7134,464.669231382855,,,,,,,,,138112.535808604,297.227633079085,5.69449828658025,11.8358241086927
73.80,397.1705,-2.6889,460.561851582862,,,,,,,,,136865.398119316,297.170505218649,5.69430606572042,11.8267532263658
73.82,397.1201,-2.5279,433.068869628358,,,,,,,,,128673.456162755,297.12007762917,5.69413635887647,11.765033126491
73.84,397.0694,-2.7187,465.830239743655,,,,,,,,,138383.903949764,297.069387392962,5.69396573910176,11.8377870144612
73.86,397.0113,-2.7836,477.041540980034,,,,,,,,,141686.742009774,297.011328863925,5.6937702823982,11.8613738575031
73.88,396.9580,-2.3707,406.358984531999,,,,,,,,,120671.568841837,296.958043097813,5.69359085979236,11.7008278270757
73.90,396.9165,-2.3337,400.061398203909,,,,,,,,,118784.829863104,296.916499308339,5.69345095216347,11.685068983002
73.92,396.8647,-2.6789,459.328166975879,,,,,,,,,136358.316760545,296.864696232977,5.69327646676083,11.8230413820905
73.94,396.8093,-2.7515,471.863818699257,,,,,,,,,140053.589705698,296.809342347483,5.69308998770984,11.8497804119606
73.96,396.7546,-2.8008,480.394663648753,,,,,,,,,142559.343234164,296.754635347903,5.69290565374825,11.8675136357507
73.98,396.6973,-3.0641,525.670541720962,,,,,,,,,155965.036894453,296.697312320086,5.69271246867835,11.957387138641
74.00,396.6321,-2.8976,497.208987789904,,,,,,,,,147488.131508392,296.632070478004,5.69249255089158,11.9015029871747
74.02,396.5814,-2.7065,464.504268685217,,,,,,,,,137763.330498964,296.58140901246,5.69232174740373,11.8332924954652
74.04,396.5238,-3.0255,519.346641674199,,,,,,,,,153998.644582822,296.523809389393,5.69212751669572,11.9446990799468
74.06,396.4604,-3.3240,570.708769485116,,,,,,,,,169192.544051962,296.460389428753,5.69191361568113,12.0387926592966
74.08,396.3908,-3.1093,533.981007228385,,,,,,,,,158267.084458521,296.390849704566,5.69167902150331,11.9720392928429
74.10,396.3360,-2.6116,448.584604759378,,,,,,,,,132931.774388377,296.336015498529,5.69149399798097,11.797591301064
74.12,396.2864,-2.5489,437.883314432947,,,,,,,,,129738.864498162,296.286385486445,5.69132650511497,11.773278974595
74.14,396.2341,-2.8489,489.508920210037,,,,,,,,,145009.215047312,296.234060423439,5.69114988652399,11.8845525714338
74.16,396.1724,-2.8384,487.817470036777,,,,,,,,,144478.085610066,296.172430231278,5.69094181928179,11.8808831183558
74.18,396.1205,-2.7814,478.099361072681,,,,,,,,,141575.032634281,296.120522555474,5.69076654224805,11.8605851214908
74.20,396.0612,-2.8625,492.141286749362,,,,,,,,,145703.926992445,296.06117372276,5.69056610095347,11.8893319444106
74.22,396.0060,-2.7939,480.433333186004,,,,,,,,,142211.159486101,296.006021362058,5.69037979655654,11.8650682706708
74.24,395.9494,-2.8291,486.57374845762,,,,,,,,,144001.217336805,295.949417314993,5.69018855227179,11.8775770322502
74.26,395.8929,-2.9534,508.046877503787,,,,,,,,,150327.442704629,295.892858240248,5.6899974233942,11.920571145266
74.28,395.8313,-3.2916,566.354295930109,,,,,,,,,167545.317849914,295.831282739294,5.68978930107195,12.0290091479819
74.30,395.7612,-3.3011,568.122983714788,,,,,,,,,168028.731448661,295.761193025445,5.68955234838223,12.0318902642908
74.32,395.6992,-2.9188,502.427951039321,,,,,,,,,148567.562088693,295.699237634703,5.68934284868366,11.9087950973206
74.34,395.6444,-2.6731,460.220314557334,,,,,,,,,136061.577840813,295.644441449058,5.68915752097073,11.8208628404863
74.36,395.5923,-2.7143,467.396191974106,,,,,,,,,138158.721877616,295.592313865643,5.68898118692829,11.8361584617472
74.38,395.5359,-2.7858,479.793568118956,,,,,,,,,141796.209403047,295.535869642777,5.68879021574941,11.8621461607274
74.40,395.4809,-2.8299,487.49411214664,,,,,,,,,144045.190980426,295.480883545722,5.68860414286089,11.8778823555779
74.42,395.4227,-2.8002,482.469932677514,,,,,,,,,142532.556654052,295.422671964351,5.68840711720073,11.8673257203438
74.44,395.3689,-2.6894,463.457338735059,,,,,,,,,136890.872552693,295.368874568514,5.68822499747914,11.8269393366849
74.46,395.3151,-2.5295,435.984892683294,,,,,,,,,128752.920653301,295.315096495394,5.68804291001476,11.7656505029545
74.48,395.2677,-2.6473,456.353651510924,,,,,,,,,134746.490465093,295.267694295786,5.6878823831574,11.8111504436461
74.50,395.2092,-2.9751,512.970984310719,,,,,,,,,151433.757074615,295.209206185604,5.68768427850563,11.927903561279
74.52,395.1487,-2.8384,489.507000088268,,,,,,,,,144477.349980847,295.148690324744,5.68747926435598,11.8808780267111
74.54,395.0957,-2.7171,468.67382725549,,,,,,,,,138303.616547882,295.095668895732,5.68729960510697,11.8372066673318
74.56,395.0400,-2.9052,501.205728594785,,,,,,,,,147875.740496827,295.040004653223,5.68711095613973,11.9041276088545
74.58,394.9795,-2.7144,468.387463715193,,,,,,,,,138164.681579408,294.979460986216,5.68690573014043,11.8362015974477
74.60,394.9314,-2.7156,468.667641063038,,,,,,,,,138224.81671275,294.93142816352,5.68674288241653,11.8366367451987
74.62,394.8708,-3.0973,534.646204173285,,,,,,,,,157651.573851452,294.870837239416,5.68653742059357,11.9681426481232
74.64,394.8075,-3.0984,534.963715081013,,,,,,,,,157711.335725617,294.807537931303,5.68632272963314,11.9685216519506
74.66,394.7469,-2.8331,489.248237070357,,,,,,,,,144204.4012282,294.746900043428,5.6861170221219,11.8789870250607
74.68,394.6942,-2.8212,487.280638603042,,,,,,,,,143598.785344952,294.694215137764,5.68593825988612,11.8747784769599
74.70,394.6341,-3.0486,526.675723170439,,,,,,,,,155176.603025076,294.634053172143,5.68573408856407,11.9523191216624
74.72,394.5723,-3.0439,525.966458671458,,,,,,,,,154935.133599676,294.572269857335,5.68552437148325,11.9507618154035
74.74,394.5123,-2.9275,505.962201277773,,,,,,,,,149012.090422403,294.512297650068,5.685320759945,11.9117827254101
74.76,394.4552,-2.8621,494.759781530276,,,,,,,,,145684.575059708,294.455168949082,5.68512676382669,11.8891991187663
74.78,394.3978,-2.8399,491.014526629158,,,,,,,,,144553.602135025,294.397811664337,5.68493195362172,11.8814056667814
74.80,394.3416,-2.7948,483.311218051404,,,,,,,,,142258.583559171,294.34157173658,5.68474090158914,11.8654016915331
74.82,394.2860,-2.9646,512.766165384349,,,,,,,,,150899.912970161,294.286017988439,5.68455214472733,11.9243720680173
74.84,394.2230,-3.0874,534.126344584497,,,,,,,,,157152.248691832,294.222987286056,5.68433794000979,11.96497035133
74.86,394.1625,-2.6881,465.140358650687,,,,,,,,,136826.860124201,294.162520150086,5.68413240423292,11.8264716108344
74.88,394.1155,-2.4996,432.585440014949,,,,,,,,,127230.066596883,294.115462121162,5.68397241854438,11.7537522745736
74.90,394.0625,-2.7374,473.826145192626,,,,,,,,,139334.518167356,294.062536609735,5.68379245427613,11.8446329263961
74.92,394.0060,-2.7141,469.875766385471,,,,,,,,,138146.278745235,294.005966317284,5.68360006072897,11.8360683936532
74.94,393.9540,-2.6542,459.594580045341,,,,,,,,,135099.653500613,293.953974581869,5.68342320604234,11.8137679591827
74.96,393.8998,-2.7649,478.857798870353,,,,,,,,,140736.21058613,293.899798474898,5.68323888773188,11.8546425702336
74.98,393.8434,-2.8039,485.700095282137,,,,,,,,,142719.756333347,293.843377260289,5.68304689498024,11.8686382405068
75.00,393.7876,-2.5061,434.198615428814,,,,,,,,,127562.187554587,293.787642387128,5.6828572015452,11.7563592701976
75.02,393.7431,-2.5696,445.264875516064,,,,,,,,,130793.499425706,293.743132723225,5.68270568722161,11.78137501819
75.04,393.6849,-2.9382,509.244495788264,,,,,,,,,149557.397702197,293.6848585289,5.68250728266689,11.9154355292486
75.06,393.6256,-3.0948,536.48013593552,,,,,,,,,157524.303565095,293.625603286136,5.68230549759131,11.9673350336933
75.08,393.5611,-3.0379,526.734956587334,,,,,,,,,154628.876572963,293.56106831183,5.68208568683031,11.9487831801838
75.10,393.5041,-2.7026,468.69865463022,,,,,,,,,137564.971378257,293.504088435647,5.68189156910519,11.8318516036014
75.12,393.4530,-2.6889,466.402845489966,,,,,,,,,136867.297008893,293.452963103411,5.68171736442623,11.8267671004087
75.14,393.3965,-2.9686,515.020270291631,,,,,,,,,151105.160952405,293.396531493492,5.68152504387177,11.9257313035505
75.16,393.3342,-2.8880,501.143491576025,,,,,,,,,147002.533886058,293.334217359096,5.68131263252379,11.8982051029324
75.18,393.2810,-2.8591,496.211639599378,,,,,,,,,145529.450732233,293.281009791967,5.6811312271841,11.8881337556422
75.20,393.2199,-2.9491,511.934475025948,,,,,,,,,150109.351654835,293.219853277564,5.68092268012654,11.9191193185112
75.22,393.1630,-2.7738,481.598976573116,,,,,,,,,141187.023212948,293.163046602764,5.68072892729033,11.8578406962269
75.24,393.1089,-2.7019,469.197262091135,,,,,,,,,137525.894165431,293.108901685617,5.68054421806978,11.8315674995617
75.26,393.0550,-2.8021,486.701577343734,,,,,,,,,142630.317171007,293.054972103108,5.68036020951834,11.8680113672478
75.28,392.9968,-3.0460,529.164366974979,,,,,,,,,155043.474602659,292.996815883467,5.6801617416661,11.9514608378813
75.30,392.9331,-3.1679,550.457831616355,,,,,,,,,161247.33634184,292.933131441433,5.67994436263444,11.9906947157113
75.32,392.8701,-2.7878,484.519685676675,,,,,,,,,141901.328760805,292.870099927161,5.67972916575214,11.8628872271692
75.34,392.8216,-2.6110,453.868597945281,,,,,,,,,132902.537442852,292.821618513636,5.67956361308302,11.7973713373923
75.36,392.7657,-3.0291,526.647730277211,,,,,,,,,154184.369649487,292.765658684846,5.67937248929622,11.9459043708329
75.38,392.7005,-2.9857,519.20260981896,,,,,,,,,151970.839081467,292.700452978188,5.67914974128184,11.931443933275
75.40,392.6462,-2.7415,476.826669457929,,,,,,,,,139541.52844333,292.646232648785,5.67896448242281,11.8461175308755
75.42,392.5908,-2.7418,476.978718477548,,,,,,,,,139559.582196849,292.590794495622,5.67877502703719,11.8462469015792
75.44,392.5366,-2.8215,490.934728554265,,,,,,,,,143616.356665345,292.536559978706,5.67858965024133,11.8749008334644
75.46,392.4779,-2.8741,500.176209430474,,,,,,,,,146290.504278115,292.477933815943,5.67838922388068,11.8933496790789
75.48,392.4216,-2.7901,485.666393119138,,,,,,,,,142019.342685554,292.421597824487,5.67819658911665,11.8637185434023
75.50,392.3663,-2.5109,437.147632365397,,,,,,,,,127807.248132868,292.366328147096,5.67800756442889,11.758278533972
75.52,392.3212,-2.4753,431.010523952987,,,,,,,,,125993.496638855,292.321160706967,5.67785306329425,11.7439855706242
75.54,392.2673,-2.4043,418.728936519572,,,,,,,,,122380.782560205,292.26731636323,5.6776688504813,11.7148926315067
75.56,392.2250,-2.4008,418.169786674679,,,,,,,,,122199.660879827,292.224987968568,5.67752401232202,11.7134115505916
75.58,392.1713,-2.7319,475.929661567029,,,,,,,,,139052.981246074,292.171285959008,5.67734022603827,11.8426102995335
75.60,392.1157,-2.5549,445.178086400414,,,,,,,,,130043.514303365,292.115713410021,5.67715000257202,11.7756243988402
75.62,392.0691,-2.1845,380.709587141418,,,,,,,,,111193.503232355,292.069091475365,5.67699038892111,11.6190272349224
75.64,392.0283,-2.1400,373.009701341114,,,,,,,,,108929.400968426,292.028332176838,5.67685082556424,11.5984552538272
75.66,391.9835,-2.3833,415.479202005909,,,,,,,,,121313.067209403,291.983489483254,5.67669725780411,11.706129815506
75.68,391.9330,-2.9659,517.126702408283,,,,,,,,,150966.348838884,291.932998500806,5.67652431874993,11.9248122355895
75.70,391.8649,-3.0309,528.57499902308,,,,,,,,,154272.464296429,291.864852824212,5.67629086233433,11.946475566797
75.72,391.8118,-3.1077,542.066229571424,,,,,,,,,158181.302513136,291.811763736323,5.6761089496569,11.9714971384126
75.74,391.7405,-3.3304,581.054248484088,,,,,,,,,169517.083885932,291.74054630559,5.67586486723323,12.0407089906112
75.76,391.6785,-2.9188,509.352170552374,,,,,,,,,148567.102043031,291.678549012396,5.67565233633075,11.908792000774
75.78,391.6238,-3.0696,535.778602791722,,,,,,,,,156245.789474531,291.62379509073,5.67546459862532,11.9591856198726
75.80,391.5558,-3.3149,578.719756759619,,,,,,,,,168729.080542421,291.55576351354,5.67523128599803,12.0360496338942
75.82,391.4912,-3.1626,552.256943840038,,,,,,,,,160978.039057273,291.491199617945,5.67500981534492,11.9890232312918
75.84,391.4293,-3.0784,537.662785560231,,,,,,,,,156690.66728666,291.429259184066,5.67479729772549,11.9620288687317
75.86,391.3681,-2.8427,496.596919988912,,,,,,,,,144692.483420081,291.368064512586,5.67458729445603,11.8823659653137
75.88,391.3156,-2.8198,492.69040366776,,,,,,,,,143528.377319461,291.315552831932,5.67440705365559,11.8742880459867
75.90,391.2553,-2.8030,489.853923449915,,,,,,,,,142672.538190484,291.255272971333,5.67420010933863,11.8683073405897
75.92,391.2034,-2.4373,426.027828930908,,,,,,,,,124060.766700537,291.203433850462,5.6740221083219,11.7285267785865
75.94,391.1578,-2.8058,490.509033032474,,,,,,,,,142815.521137559,291.157780020137,5.67386531961643,11.8693090144206
75.96,391.0912,-3.0399,531.564891667351,,,,,,,,,154733.863525462,291.091202506077,5.67363662874243,11.9494619106379
75.98,391.0362,-2.7518,481.277540155563,,,,,,,,,140069.178089672,291.036182665822,5.67344759849984,11.8498917087617
76.00,390.9811,-2.9448,515.116837928662,,,,,,,,,149889.279258447,290.981129370897,5.67325841754611,11.9176521622432
76.02,390.9184,-2.7412,479.617548673669,,,,,,,,,139529.566236638,290.918392420153,5.67304278942257,11.8460318021352
76.04,390.8715,-2.4980,437.124361563293,,,,,,,,,127147.010118217,290.871480288812,5.67288152112402,11.7530992559707
76.06,390.8185,-2.8863,505.169697816921,,,,,,,,,146912.680705732,290.8184741496,5.67269927235402,11.8975936804632
76.08,390.7560,-2.8775,503.736608941483,,,,,,,,,146464.456177623,290.756029198261,5.67248452789318,11.8945380580543
76.10,390.7034,-3.0351,531.422955307163,,,,,,,,,154486.446817336,290.703375295564,5.67230341842128,11.9478616486069
76.12,390.6346,-3.0843,540.177977334612,,,,,,,,,156994.42456515,290.634626275963,5.67206689846306,11.963965571376
76.14,390.5800,-2.6768,468.88433148916,,,,,,,,,136248.409739496,290.580001483043,5.67187893074693,11.8222350408206
76.16,390.5276,-2.7274,477.83175834368,,,,,,,,,138823.292780427,290.52755568536,5.67169842785317,11.8409571283964
76.18,390.4709,-2.7987,490.432590641007,,,,,,,,,142456.399634189,290.470907424801,5.67150342471862,11.8667912643939
76.20,390.4156,-2.9382,514.967013063417,,,,,,,,,149554.457455156,290.415606556023,5.67131302309072,11.915415869399
76.22,390.3534,-2.9668,520.097902009394,,,,,,,,,151012.183934482,290.353380298301,5.67109873390046,11.9251158008498
76.24,390.2969,-2.6734,468.757593127885,,,,,,,,,136078.892016843,290.296933877545,5.67090430906487,11.8209900848911
76.26,390.2464,-2.4815,435.184241914573,,,,,,,,,126310.678231814,290.246442922924,5.67073036528473,11.7464998513349
76.28,390.1977,-2.6118,458.114204750297,,,,,,,,,132943.676112128,290.197672837042,5.67056232124854,11.7976808296288
76.30,390.1420,-2.6903,471.960624821802,,,,,,,,,136935.585142329,290.141969351853,5.67037035267941,11.8272659127975
76.32,390.0901,-2.8971,508.338281290598,,,,,,,,,147463.883653872,290.090062230769,5.67019143418337,11.9013385681958
76.34,390.0261,-2.9814,523.241712045397,,,,,,,,,151753.745305215,290.026085099364,5.66997086755388,11.9300143893764
76.36,389.9708,-2.7649,485.343276518223,,,,,,,,,140735.38146573,289.970806797498,5.66978025169781,11.854636678908
76.38,389.9155,-2.8764,505.006749492322,,,,,,,,,146409.278439184,289.915488429348,5.66958946130055,11.8941612558179
76.40,389.8558,-3.0482,535.288619810413,,,,,,,,,155156.485060056,289.855751304798,5.66938338993768,11.9521894676498
76.42,389.7936,-3.0407,534.088477731391,,,,,,,,,154775.400760555,289.793558958589,5.66916880382381,11.9497303176947
76.44,389.7341,-3.0260,531.614973811688,,,,,,,,,154026.997311778,289.734121308514,5.6689636793671,11.9448831732506
76.46,389.6725,-2.7603,485.029703774157,,,,,,,,,140499.775157586,289.672517093936,5.66875103349552,11.8529611674528
76.48,389.6237,-2.5009,439.53151867567,,,,,,,,,127298.749008186,289.623709789331,5.66858252797984,11.7542919573816
76.50,389.5725,-2.7677,486.507501344725,,,,,,,,,140879.183498479,289.572479579624,5.66840562692013,11.8556579474298
76.52,389.5130,-3.0913,543.494679189254,,,,,,,,,157348.775117382,289.513000112721,5.66820020140283,11.966220118016
76.54,389.4488,-3.1245,549.457628286841,,,,,,,,,159039.866159379,289.448827301299,5.66797851904436,11.9769101803368
76.56,389.3880,-2.9167,513.0186746227,,,,,,,,,148461.457904309,289.388018893259,5.66776841352442,11.9080806608059
76.58,389.3322,-3.0462,535.900488659677,,,,,,,,,155053.245450247,289.332159106713,5.66757536759707,11.9515238559461
76.60,389.2662,-3.1302,550.80192020212,,,,,,,,,159328.362190205,289.266170553179,5.66734726962154,11.9787225226757
76.62,389.2070,-3.0156,530.753529343443,,,,,,,,,153497.610045788,289.206951173115,5.66714252586406,11.9414402761539
76.64,389.1455,-2.9831,525.135052592701,,,,,,,,,151840.46082647,289.145544706646,5.6669301762429,11.9305856487869
76.66,389.0876,-3.1286,550.861485812198,,,,,,,,,159247.240066681,289.087627594593,5.66672985182354,11.9782132424628
76.68,389.0204,-2.8293,498.276552743063,,,,,,,,,144012.088844888,289.020400522736,5.66649727566514,11.8776525253462
76.70,388.9745,-2.7087,477.120587241308,,,,,,,,,137875.662110785,288.974455929426,5.66633829641855,11.8341075587984
76.72,388.9121,-2.9693,523.136337724562,,,,,,,,,151140.392367555,288.912051158511,5.6661223205465,11.925964434625
76.74,388.8557,-2.9106,512.884801310429,,,,,,,,,148149.689325662,288.85568249856,5.66592719486936,11.9059784559739
76.76,388.7956,-2.6734,471.195990882964,,,,,,,,,136079.342082462,288.795627966754,5.66571926828481,11.8209933922731
76.78,388.7487,-2.2962,404.773991932018,,,,,,,,,116877.98208571,288.7487447695,5.66555691470794,11.6688857814373
76.80,388.7038,-2.4663,434.824218463991,,,,,,,,,125535.395330054,288.703779595134,5.66540117835712,11.7403430322921
76.82,388.6501,-2.6960,475.405470251223,,,,,,,,,137225.833193023,288.6500929838,5.66521520364027,11.8293832651287
76.84,388.5959,-2.5654,452.461405042995,,,,,,,,,130578.524908371,288.595940897904,5.66502758143803,11.7797300482177
76.86,388.5475,-2.7793,490.274732346666,,,,,,,,,141467.537576616,288.547478062946,5.66485964108394,11.8598255533258
76.88,388.4848,-2.8527,503.323458053338,,,,,,,,,145201.151460448,288.484768864202,5.66464229032295,11.8858753115098
76.90,388.4334,-2.4993,441.059032572992,,,,,,,,,127216.144004999,288.433371974862,5.66446411291497,11.753642840113
76.92,388.3848,-2.5989,458.703436386274,,,,,,,,,132283.097048264,288.384796264897,5.66429568649308,11.7926995796449
76.94,388.3294,-2.8858,509.450565266157,,,,,,,,,146889.5847378,288.329417518771,5.6641036373118,11.8974364592931
76.96,388.2694,-3.1050,548.257250999698,,,,,,,,,158045.7686836,288.269363324275,5.66389533234582,11.970639945274
76.98,388.2052,-2.8090,496.110843170822,,,,,,,,,142981.733464713,288.205217509188,5.66367278718083,11.8704721630739
77.00,388.1570,-2.8448,502.50664213768,,,,,,,,,144800.807162984,288.157001362204,5.66350547521791,11.8831143332482
77.02,388.0914,-2.9938,528.944644858448,,,,,,,,,152384.417028741,288.091426031018,5.66327788125547,11.9341616665392
77.04,388.0373,-2.5995,459.362827086301,,,,,,,,,132313.605611592,288.037250316587,5.66308981314911,11.7929301839054
77.06,387.9874,-2.5589,452.271400428279,,,,,,,,,130248.486231737,287.987447599822,5.66291689446326,11.7771993375269
77.08,387.9349,-2.8943,511.64920775064,,,,,,,,,147321.660785716,287.934894756088,5.66273439470587,11.9003736438169
77.10,387.8717,-2.9737,525.805618880054,,,,,,,,,151364.544290799,287.871675112943,5.66251480831451,11.9274464068979
77.12,387.8159,-2.8590,505.624082700533,,,,,,,,,145526.673266101,287.8159451758,5.66232119658706,11.8881146702089
77.14,387.7573,-2.9123,515.143532593977,,,,,,,,,148236.318858852,287.757313214078,5.66211746244525,11.9065630283442
77.16,387.6995,-3.1140,550.9306444601,,,,,,,,,158502.445551452,287.699453906365,5.66191637242002,11.9735253015271
77.18,387.6328,-2.8553,505.28980990291,,,,,,,,,145337.899755095,287.632754325724,5.66168450783818,11.8868166535027
77.20,387.5852,-2.8704,508.044147466373,,,,,,,,,146105.998259995,287.585240354856,5.66151930448427,11.8920876527481
77.22,387.5179,-2.9993,530.972471523408,,,,,,,,,152664.109703949,287.517937165258,5.66128524843125,11.9359954256239
77.24,387.4653,-2.7261,482.696715724829,,,,,,,,,138758.541478978,287.465269513207,5.6611020512471,11.8404905899228
77.26,387.4089,-2.7708,490.713842424379,,,,,,,,,141035.522717619,287.408893991721,5.66090591955343,11.8567670717977
77.28,387.3544,-2.7288,483.35658529993,,,,,,,,,138894.659428314,287.354436977677,5.66071642585656,11.841471078963
77.30,387.2997,-2.7103,480.174606812264,,,,,,,,,137954.041540494,287.299743850116,5.6605260744085,11.8346758763565
77.32,387.2460,-2.7001,478.46841694861,,,,,,,,,137438.151344141,287.246026019105,5.66033908206086,11.8309292864884
77.34,387.1917,-2.6496,469.595818889908,,,,,,,,,134864.03952682,287.191738303013,5.6601500704059,11.8120224353237
77.36,387.1400,-2.8331,502.219859949989,,,,,,,,,144207.432349022,287.140043333576,5.65997005261399,11.8790080444536
77.38,387.0784,-2.8392,503.410354073486,,,,,,,,,144518.245599355,287.078413127472,5.65975539491483,11.8811610456872
77.40,387.0265,-3.0557,541.886729264955,,,,,,,,,155535.837157348,287.026473905949,5.65957445508018,11.9546314480831
77.42,386.9562,-3.4188,606.43644320231,,,,,,,,,174020.688515894,286.956185543487,5.6593295404938,12.0669294706453
77.44,386.8897,-3.1016,550.288352168707,,,,,,,,,157872.071290368,286.889720031668,5.65909789115564,11.9695403086675
77.46,386.8321,-3.0117,534.451739379824,,,,,,,,,153297.926530926,286.832122033718,5.65889710396603,11.9401385392037
77.48,386.7693,-3.0709,545.067726693164,,,,,,,,,156308.663785902,286.769251106099,5.65867788926113,11.9595879453654
77.50,386.7093,-2.9836,529.693751488952,,,,,,,,,151868.117884064,286.709287125187,5.65846876554635,11.9307677777066
77.52,386.6499,-3.0611,543.560230616426,,,,,,,,,155811.488899195,286.649905793323,5.65826163070729,11.9564021510299
77.54,386.5868,-2.9333,520.972968699198,,,,,,,,,149303.998346543,286.586842920729,5.65804160687598,11.9137397637885
77.56,386.5326,-2.7651,491.201844448416,,,,,,,,,140745.329575098,286.532575489704,5.65785223122601,11.8547073630365
77.58,386.4762,-2.7599,490.373673467866,,,,,,,,,140480.40540165,286.476238433007,5.65765559530869,11.8528232946966
77.60,386.4222,-2.4331,432.393852559855,,,,,,,,,123847.18951951,286.422179192212,5.65746687340166,11.726803742044
77.62,386.3789,-2.6861,477.427666925606,,,,,,,,,136725.216443579,286.378913321091,5.65731580570375,11.8257284712715
77.64,386.3147,-2.9363,522.015507872383,,,,,,,,,149460.731230159,286.314733903839,5.65709167394384,11.914788969953
77.66,386.2615,-2.7559,490.032248685841,,,,,,,,,140277.346881991,286.261459849191,5.65690558847475,11.8513767910584
77.68,386.2045,-2.9245,520.102868129909,,,,,,,,,148855.779854764,286.204497179553,5.65670658041453,11.9107331957523
77.70,386.1445,-3.0835,548.501993354958,,,,,,,,,156950.818642394,286.144481777343,5.65649686429853,11.9636877782004
77.72,386.0812,-3.2568,579.451805094969,,,,,,,,,165770.243195071,286.081157634675,5.65627553851875,12.0183580314811
77.74,386.0142,-3.3331,593.169741229559,,,,,,,,,169654.975824655,286.014211502063,5.65604150015197,12.0415220997242
77.76,385.9478,-3.2545,579.321080771524,,,,,,,,,165655.608554968,285.947834548593,5.65580939750031,12.0176662650176
77.78,385.8840,-3.4761,618.902300630248,,,,,,,,,176934.284692587,285.884031312227,5.65558624366633,12.0835336696939
77.80,385.8088,-3.2231,574.015033711315,,,,,,,,,164058.542817793,285.808791029508,5.65532302439817,12.0079786115095
77.82,385.7551,-2.9980,534.023717654102,,,,,,,,,152600.004137627,285.755106173897,5.65513517189023,11.9355754249467
77.84,385.6889,-2.9813,531.174123083713,,,,,,,,,151750.5352972,285.688870565113,5.65490335350811,11.9299932364094
77.86,385.6359,-2.7658,492.872758533369,,,,,,,,,140782.130933869,285.635853263205,5.65471775922224,11.8549688036712
77.88,385.5782,-2.8328,504.913940736139,,,,,,,,,144192.433111473,285.578237157103,5.65451602713172,11.878904027501
77.90,385.5225,-2.7597,491.968849993674,,,,,,,,,140468.195589474,285.522539874791,5.65432097475312,11.8527363762201
77.92,385.4679,-2.7473,489.850233267613,,,,,,,,,139836.493135625,285.467850454672,5.65412941489078,11.8482291128834
77.94,385.4126,-2.7119,483.64024633287,,,,,,,,,138037.044156499,285.412649594703,5.65393602639656,11.8352773640335
77.96,385.3594,-2.4977,445.527349931715,,,,,,,,,127135.405796075,285.359374268629,5.65374934826939,11.7530079848373
77.98,385.3127,-2.5793,460.152604001639,,,,,,,,,131287.400469868,285.312740443387,5.65358591352589,11.7851440958225
78.00,385.2562,-2.9213,521.264275265969,,,,,,,,,148693.867546123,285.256202279071,5.65338773181543,11.9096448911548
78.02,385.1959,-2.9858,532.893888478022,,,,,,,,,151979.146592255,285.195889610063,5.65317627612935,11.9314985969445
78.04,385.1368,-2.7323,487.750724823986,,,,,,,,,139075.66610225,285.136769714566,5.6529689588918,11.8427734244503
78.06,385.0866,-2.7579,492.405389378402,,,,,,,,,140378.176912971,285.086597224658,5.6527929840267,11.8520953233998
78.08,385.0265,-2.7466,490.495919204732,,,,,,,,,139804.312431323,285.026453753164,5.65258199614766,11.8479989554543
78.10,384.9767,-2.5323,452.294869814684,,,,,,,,,128893.514005866,284.976732233724,5.65240753565064,11.7667418696308
78.12,384.9252,-2.8320,505.922591984906,,,,,,,,,144150.076984345,284.92516299538,5.65222655980579,11.8786102371236
78.14,384.8635,-2.8418,507.790619803688,,,,,,,,,144650.988916919,284.863452130803,5.65200995012571,11.8820791469998
78.16,384.8115,-2.7392,489.53509604868,,,,,,,,,139425.219746566,284.811489251633,5.65182752019756,11.8452836773481
78.18,384.7539,-2.5328,452.752631839115,,,,,,,,,128923.070882455,284.753885049237,5.6516252459541,11.7669711557082
78.20,384.7102,-2.4929,445.684072972308,,,,,,,,,126890.790529489,284.710175266625,5.65147173395661,11.7510820784093
78.22,384.6542,-3.0128,538.729822285552,,,,,,,,,153351.689408671,284.65416812843,5.65127499828454,11.9404891861669
78.24,384.5897,-2.8128,503.089807783626,,,,,,,,,143174.159405043,284.589664091586,5.65104836767928,11.8718170661433
78.26,384.5417,-2.6070,466.350067459089,,,,,,,,,132696.019980269,284.541654948747,5.65087965743141,11.7958162272576
78.28,384.4854,-3.0204,540.409931768155,,,,,,,,,153738.727572913,284.485385140682,5.65068188191536,11.943009866382
78.30,384.4208,-2.8986,518.733224776729,,,,,,,,,147538.539329994,284.420839620398,5.65045497098435,11.9018447042266
78.32,384.3694,-2.6858,480.745872790595,,,,,,,,,136709.435695102,284.369442220153,5.65027424567301,11.8256130451661
78.34,384.3134,-2.8157,504.094586941324,,,,,,,,,143320.849329103,284.3134067333,5.65007717453877,11.8728410975045
78.36,384.2568,-2.9366,525.846634474422,,,,,,,,,149475.488844449,284.256813764432,5.64987810337037,11.9148877041532
78.38,384.1959,-2.9833,534.323996887164,,,,,,,,,151852.711449102,284.195941664153,5.64966393570233,11.9306663264166
78.40,384.1375,-2.7519,492.976986191506,,,,,,,,,140073.238829914,284.137480558778,5.64945820750372,11.8499206993037
78.42,384.0859,-2.7695,496.213730511121,,,,,,,,,140967.307024773,284.085865337847,5.64927653520375,11.8562832774029
78.44,384.0267,-2.9798,534.012048333996,,,,,,,,,151673.680719219,284.026701630439,5.64906825356711,11.929486654696
78.46,383.9667,-3.0364,544.262151498485,,,,,,,,,154552.312304621,283.9666728232,5.64885688206116,11.9482879089794
78.48,383.9052,-2.8968,519.362797363023,,,,,,,,,147449.823240878,283.905246947855,5.64864054498428,11.9012432154694
78.50,383.8508,-2.9435,527.834402740429,,,,,,,,,149826.21728485,283.850799620064,5.64844874666425,11.9172313500045
78.52,383.7875,-3.0382,544.942435374973,,,,,,,,,154647.854789952,283.787506259335,5.64822574071016,11.9489059066297
78.54,383.7293,-2.9372,526.927212937317,,,,,,,,,149504.673393738,283.729269855574,5.64802050834905,11.9150829314831
78.56,383.6700,-2.9921,536.888599913084,,,,,,,,,152299.198938545,283.670018255558,5.64781165507245,11.9336022791094
78.58,383.6096,-3.0573,548.709959043101,,,,,,,,,155619.404196726,283.609585778454,5.64759859443391,11.9551685885858
78.60,383.5477,-3.0146,541.156013334813,,,,,,,,,153443.556451454,283.547725000551,5.64738045115348,11.9410880679734
78.62,383.4890,-2.9394,527.773437580736,,,,,,,,,149617.96531818,283.489002409849,5.64717333021025,11.9158404263377
78.64,383.4301,-2.6790,481.11328823858,,,,,,,,,136362.01047411,283.430147966499,5.64696570115584,11.8230684700131
78.66,383.3818,-2.8142,505.474673146727,,,,,,,,,143242.344236806,283.381842546295,5.64679525514859,11.8722931897758
78.68,383.3176,-3.1866,572.490836236203,,,,,,,,,162196.718983826,283.317581203877,5.64656846351973,11.9965651922457
78.70,383.2544,-3.0352,545.424190275582,,,,,,,,,154493.79113669,283.254380519188,5.64634536499308,11.9479091876949
78.72,383.1962,-2.9032,521.810352850981,,,,,,,,,147774.694703521,283.196172510058,5.64613984658013,11.9034440597356
78.74,383.1383,-2.6929,484.107116085278,,,,,,,,,137069.242637058,283.138252016343,5.64593530138066,11.8282414978367
78.76,383.0885,-2.6986,485.226302394694,,,,,,,,,137361.965177291,283.088456869261,5.64575941724652,11.8303748022344
78.78,383.0303,-2.8538,513.232555121062,,,,,,,,,145260.367299583,283.030306340016,5.64555398145026,11.8862830477236
78.80,382.9743,-2.7621,496.833616716401,,,,,,,,,140591.147016599,282.974304246506,5.64535609580535,11.8536112906337
78.82,382.9198,-2.6600,478.568465470376,,,,,,,,,135396.505552112,282.919823016406,5.64516354660703,11.8159628307972
78.84,382.8679,-2.6404,475.126983148277,,,,,,,,,134398.17344051,282.86790312342,5.64498001525514,11.8085621165064
78.86,382.8142,-2.5821,464.726842003912,,,,,,,,,131431.353028512,282.814206430981,5.64479016766515,11.7862399640933
78.88,382.7646,-2.6377,474.80689810159,,,,,,,,,134258.591169724,282.764618008978,5.64461481307269,11.807523004139
78.90,382.7087,-2.5123,452.336505970943,,,,,,,,,127879.465355729,282.708699536057,5.64441703725775,11.7588434223371
78.92,382.6641,-2.7223,490.206215912584,,,,,,,,,138563.710668753,282.664124139671,5.64425935229444,11.8390855036683
78.94,382.5998,-3.1278,563.35654441172,,,,,,,,,159204.452114426,282.599809469994,5.64403179604636,11.9779445175443
78.96,382.5390,-2.9735,535.678132100788,,,,,,,,,151349.971040457,282.539013580604,5.64381664222169,11.9273501231083
78.98,382.4809,-2.8301,509.9627485899,,,,,,,,,144054.721573672,282.48087134207,5.64361083623046,11.8779485173005
79.00,382.4258,-2.7745,500.02957008047,,,,,,,,,141221.25556017,282.425808412577,5.64341589100627,11.8580831278407
79.02,382.3699,-2.7712,499.538482809713,,,,,,,,,141054.627864775,282.369892848689,5.64321788821005,11.8569025259931
79.04,382.3150,-2.9939,539.784796964384,,,,,,,,,152389.323829603,282.314960863298,5.64302333018285,11.9341938661693
79.06,382.2501,-3.1132,561.429963355655,,,,,,,,,158463.684604753,282.250137947071,5.64279369177038,11.9732807268347
79.08,382.1904,-3.1556,569.203711566864,,,,,,,,,160623.841510758,282.190432435171,5.64258213535415,11.9868205222212
79.10,382.1239,-3.1907,575.667577595624,,,,,,,,,162409.588981635,282.123911963162,5.64234637855308,11.99787675042
79.12,382.0628,-3.1074,560.756785279716,,,,,,,,,158168.630727093,282.062803124524,5.64212975225812,11.9714170259503
79.14,381.9996,-3.0911,557.931779937053,,,,,,,,,157336.547363161,281.999615402643,5.64190570711677,11.9661424038466
79.16,381.9392,-3.3119,597.92799458958,,,,,,,,,168579.316807343,281.93916045536,5.64169130459613,12.0351616409115
79.18,381.8671,-3.5213,635.891928497727,,,,,,,,,179237.037722235,281.867137621445,5.64143581672892,12.0964644418847
79.20,381.7983,-3.2933,594.853607921843,,,,,,,,,167628.739816499,281.798307321562,5.64119159278068,12.0295069309481
79.22,381.7354,-2.9105,525.841243837161,,,,,,,,,148148.096770776,281.735406849626,5.64096835690104,11.9059677062825
79.24,381.6819,-2.8488,514.78309249092,,,,,,,,,145005.072055264,281.681885381311,5.64077836816901,11.8845240004824
79.26,381.6215,-3.0696,554.79581208279,,,,,,,,,156242.403743566,281.621454850223,5.64056381048045,11.9591639503757
79.28,381.5591,-3.1012,560.643599137367,,,,,,,,,157854.308619665,281.559102543126,5.64034238129035,11.9694277892719
79.30,381.4974,-2.8614,517.393436061402,,,,,,,,,145644.909770132,281.497405299219,5.64012323012774,11.8889268134084
79.32,381.4446,-2.8312,512.040107435401,,,,,,,,,144110.947659916,281.444647728298,5.63993579495287,11.8783387517591
79.34,381.3842,-2.8404,513.81360202732,,,,,,,,,144579.006720039,281.384155946014,5.63972083870997,11.8815813964244
79.36,381.3310,-2.9560,534.822893373257,,,,,,,,,150462.27575531,281.331030551643,5.63953202065137,11.9214676723176
79.38,381.2659,-3.3603,608.114774005129,,,,,,,,,171041.958586103,281.265915411982,5.63930054004907,12.0496641772346
79.40,381.1966,-3.4782,629.595888029606,,,,,,,,,177040.234110506,281.19661750742,5.63905413108543,12.0841322970834
79.42,381.1268,-3.1504,570.413784612285,,,,,,,,,160358.595459888,281.12678863272,5.63880577266998,11.9851678080494
79.44,381.0706,-3.0698,555.928513297495,,,,,,,,,156255.160771115,281.070599966687,5.63860588320995,11.9592455959883
79.46,381.0040,-3.0420,551.021213993902,,,,,,,,,154839.162886018,281.003995769446,5.63836888905274,11.9501421983609
79.48,380.9489,-2.8610,518.328324982165,,,,,,,,,145623.783038159,280.948919863042,5.63817287296296,11.8887817464477
79.50,380.8896,-2.8264,512.172897265896,,,,,,,,,143864.018505717,280.889557557025,5.6379615584709,11.8766238164784
79.52,380.8359,-2.7425,497.067929826855,,,,,,,,,139594.501817333,280.83586455871,5.63777038678322,11.8464970832721
79.54,380.7799,-2.8441,515.592691822703,,,,,,,,,144768.042509879,280.77985744542,5.63757093683451,11.8828880336771
79.56,380.7221,-2.7861,505.183186757212,,,,,,,,,141816.084479399,280.722098828588,5.63736520783788,11.8622863173907
79.58,380.6684,-2.4666,447.324736045549,,,,,,,,,125549.923093559,280.668411506703,5.63717394232462,11.7404587520293
79.60,380.6234,-2.6824,486.551413473923,,,,,,,,,136537.72925787,280.623435626269,5.63701368387526,11.8243562602339
79.62,380.5611,-2.7185,493.20739256648,,,,,,,,,138374.815271925,280.561113554828,5.63679157486749,11.8377213350285
79.64,380.5147,-2.4104,437.384184602473,,,,,,,,,122692.690705666,280.514694003346,5.63662610862937,11.7174380584736
79.66,380.4647,-2.7741,503.467344312513,,,,,,,,,141204.815519471,280.464695703922,5.63644785502336,11.8579667077053
79.68,380.4037,-3.1664,574.777182949093,,,,,,,,,161169.665115041,280.403728429344,5.63623045189566,11.9902129096778
79.70,380.3380,-3.4096,619.075454395102,,,,,,,,,173550.399983468,280.338040785423,5.63599616350186,12.0642233260033
79.72,380.2673,-3.1114,565.065920711866,,,,,,,,,158369.524856592,280.267344130539,5.63574394810343,11.9726863462703
79.74,380.2136,-2.8161,511.533359242203,,,,,,,,,143338.59713224,280.21358635258,5.63555212078086,11.8729649225057
79.76,380.1547,-3.1719,576.290696218303,,,,,,,,,161450.548107509,280.154701727737,5.6353419567644,11.9919541710863
79.78,380.0867,-3.1690,575.898412483939,,,,,,,,,161301.492051499,280.08671070264,5.63509923630882,11.9910305142348
79.80,380.0279,-3.0061,546.40837442183,,,,,,,,,153009.613243843,280.027943213255,5.63488939538004,11.9382560300599
79.82,379.9665,-3.2139,584.318065926961,,,,,,,,,163589.46530927,279.966468347597,5.6346698400965,12.0051153081023
79.84,379.8994,-3.2253,586.522695293478,,,,,,,,,164167.342697525,279.89938669872,5.63443020537474,12.0086415688722
79.86,379.8375,-2.9848,542.921260325613,,,,,,,,,151929.705225718,279.837457709059,5.63420892642721,11.9311732272379
79.88,379.7800,-2.7382,498.163637194932,,,,,,,,,139376.218921091,279.779992987632,5.63400355498442,11.8449321667805
79.90,379.7279,-2.8789,523.850808086102,,,,,,,,,146535.701721471,279.727929134712,5.63381744911885,11.8950243755073
79.92,379.6648,-3.0256,550.671472291457,,,,,,,,,154003.448169681,279.664838145402,5.63359187956104,11.9447302718573
79.94,379.6069,-2.9429,535.725392771074,,,,,,,,,149792.519418413,279.606905776113,5.63338470882472,11.9170064116916
79.96,379.5471,-3.0155,549.061077291181,,,,,,,,,153488.445023212,279.547123938295,5.6331708792362,11.9413805664542
79.98,379.4863,-3.0022,546.765380658264,,,,,,,,,152813.426172436,279.486287131897,5.63295322925166,11.9369730194751
80.00,379.4270,-2.7300,497.290343728093,,,,,,,,,138956.366658293,279.427035756542,5.63274120576555,11.8419152539
80.02,379.3771,-2.5362,462.085258181989,,,,,,,,,129096.034068622,279.377088497766,5.63256244094711,11.7683118565226
80.04,379.3256,-2.6227,477.91881337781,,,,,,,,,133494.952534871,279.325585848697,5.63237807580414,11.8018189473801
80.06,379.2722,-2.7597,502.989156089807,,,,,,,,,140470.878996172,279.272181707017,5.63218686794423,11.852755479342
80.08,379.2152,-2.7042,492.969868932443,,,,,,,,,137644.67908753,279.215197037515,5.63198280005705,11.8324308544479
80.10,379.1640,-2.6359,480.601106394358,,,,,,,,,134166.53392681,279.164013860424,5.63179947239644,11.8068370978068
80.12,379.1098,-2.5139,458.45192008325,,,,,,,,,127958.406525514,279.109762485624,5.63160511838137,11.759460541075
80.14,379.0635,-2.4466,446.244716356212,,,,,,,,,124530.593640659,279.063457955328,5.63143920382758,11.7323066967532
80.16,379.0119,-2.7921,509.369532305448,,,,,,,,,142120.161174516,279.011900321694,5.63125443439451,11.8644281842078
80.18,378.9518,-2.9952,546.540872195626,,,,,,,,,152458.545347874,278.951773058436,5.6310389104586,11.9346480042917
80.20,378.8921,-2.8156,513.872844125864,,,,,,,,,143315.07201792,278.892091022458,5.63082493647753,11.8728007863589
80.22,378.8391,-2.8674,523.435511913972,,,,,,,,,145954.312773221,278.839149142806,5.63063508919626,11.891048925508
80.24,378.7774,-3.0465,556.241801159048,,,,,,,,,155067.639240223,278.777393063784,5.63041358902688,11.9516166829094
80.26,378.7173,-2.8186,514.750594136515,,,,,,,,,143469.890361812,278.71728949139,5.63019796877253,11.8738804689032
80.28,378.6646,-2.4477,447.088655026769,,,,,,,,,124587.802447314,278.664647484411,5.630009078521,11.7327659868623
80.30,378.6194,-2.7325,499.186474024187,,,,,,,,,139083.027080083,278.619382370012,5.62984662952884,11.8428263509129
80.32,378.5553,-3.1151,569.227301932381,,,,,,,,,158561.309929064,278.555349314394,5.62961678042672,11.973896610939
80.34,378.4948,-2.9133,532.471636369011,,,,,,,,,148290.569748251,278.494777223183,5.62939930595337,11.9069289370836
80.36,378.4388,-2.8794,526.375564234834,,,,,,,,,146563.388567363,278.438815411987,5.629198341917,11.8952133003241
80.38,378.3796,-2.9296,535.665408075805,,,,,,,,,149118.322367854,278.379600623289,5.62898565215238,11.9124953796406
80.40,378.3216,-2.6559,485.712510831809,,,,,,,,,135184.298222273,278.321631021533,5.62877739106485,11.8143942984373
80.42,378.2734,-2.5129,459.652248253572,,,,,,,,,127908.978431872,278.273366262987,5.6286039624178,11.759074183945
80.44,378.2211,-2.7461,502.389519872302,,,,,,,,,139775.371860412,278.221113959423,5.62841617150316,11.8477919263128
80.46,378.1635,-3.0994,567.144385206499,,,,,,,,,157758.880814334,278.163524014953,5.62820915664061,11.9688230755817
80.48,378.0971,-3.2055,586.705470552644,,,,,,,,,163161.113031142,278.097139400205,5.62797047495978,12.002493415124
80.50,378.0353,-3.0531,558.931337477042,,,,,,,,,155402.644397827,278.035304120357,5.62774809886637,11.9537747334879
80.52,377.9750,-3.1495,576.710577884015,,,,,,,,,160311.13239469,277.975016485533,5.62753124089512,11.9848717834395
80.54,377.9093,-3.3992,622.583936036154,,,,,,,,,173021.880721359,277.909323878397,5.62729488738533,12.0611733436404
80.56,377.8390,-3.5011,641.398024960342,,,,,,,,,178205.41633794,277.839047522728,5.62704198027967,12.0906921882704
80.58,377.7693,-3.5957,658.901742831136,,,,,,,,,183022.66364747,277.769281442582,5.62679084624558,12.1173652692235
80.60,377.6952,-3.6536,669.694233468944,,,,,,,,,185970.887134904,277.69521946097,5.62652417940394,12.1333454196646
80.62,377.6231,-3.8277,701.775054571274,,,,,,,,,194828.991784521,277.623136524204,5.62626456998749,12.1798774875794
80.64,377.5421,-3.8439,704.962856202674,,,,,,,,,195656.880989917,277.542113415499,5.62597268172795,12.1841177969149
80.66,377.4694,-3.5611,653.26756679311,,,,,,,,,181261.74665599,277.469379883351,5.62571058433558,12.1076973797534
80.68,377.3997,-3.4815,638.818147108802,,,,,,,,,177207.942666169,277.399669167488,5.62545931526102,12.0850791393211
80.70,377.3301,-3.4800,638.716942676569,,,,,,,,,177135.447195624,277.330121310594,5.62520857027327,12.0846699573037
80.72,377.2605,-3.4330,630.250662569994,,,,,,,,,174743.59338742,277.260467565178,5.62495738048686,12.0710749978356
80.74,377.1928,-3.4847,639.896005025111,,,,,,,,,177374.56492112,277.192799342699,5.62471329058117,12.0860189615833
80.76,377.1211,-3.7035,680.238934123256,,,,,,,,,188508.546757583,277.121078052593,5.62445451556784,12.1468986257314
80.78,377.0447,-3.7006,679.892064876456,,,,,,,,,188360.466092252,277.044660208645,5.62417872138153,12.1461127788302
80.80,376.9731,-3.2794,602.661132770188,,,,,,,,,166920.895246378,276.973055287489,5.62392022812562,12.0252752980171
80.82,376.9135,-3.4489,633.962166648178,,,,,,,,,175552.673365509,276.913485695327,5.62370513139376,12.0756944099939
80.84,376.8351,-3.9609,728.281607094742,,,,,,,,,201613.909711471,276.835097505412,5.62342201305155,12.2141098093839
80.86,376.7550,-4.0118,737.853455384912,,,,,,,,,204204.668265134,276.755047733168,5.62313281074732,12.226878045691
80.88,376.6746,-3.8878,715.239365505727,,,,,,,,,197888.582235106,276.674623599869,5.6228421717085,12.1954594353083
80.90,376.5995,-3.7186,684.296650107291,,,,,,,,,189276.136804876,276.599537313531,5.62257074646545,12.150962269055
80.92,376.5259,-3.6330,668.723842096726,,,,,,,,,184919.449752981,276.525881256428,5.62230441967928,12.1276756025028
80.94,376.4542,-3.4848,641.612087734583,,,,,,,,,177376.368401008,276.454218665505,5.62204523280679,12.0860291291669
80.96,376.3865,-3.4868,642.137739718036,,,,,,,,,177478.196186912,276.386490326582,5.62180021344349,12.0866030419688
80.98,376.3147,-3.6722,676.469370996556,,,,,,,,,186918.463583472,276.314747714459,5.62154060623588,12.138427777133
81.00,376.2396,-3.2866,605.586382798126,,,,,,,,,167286.940607908,276.239600756798,5.62126860780411,12.0274658242025
81.02,376.1833,-2.9547,544.54644793031,,,,,,,,,150394.627121247,276.183285544991,5.62106472337645,11.9210179659319
81.04,376.1214,-3.0794,567.651545897324,,,,,,,,,156740.747162972,276.121413384335,5.62084067255437,11.9623484274895
81.06,376.0601,-3.0754,567.05378278975,,,,,,,,,156540.930267791,276.060111084442,5.62061863578774,11.9610727900254
81.08,375.9984,-3.0149,556.020354999496,,,,,,,,,153460.72609517,275.998395949567,5.62039505392333,11.9411999572151
81.10,375.9395,-2.9325,540.929765155028,,,,,,,,,149263.896625695,275.939514223101,5.6201816903344,11.9134711366403
81.12,375.8811,-2.8720,529.888366980107,,,,,,,,,146186.184054697,275.88109715982,5.61996996550103,11.8926363215225
81.14,375.8246,-2.7713,511.419735463009,,,,,,,,,141062.161379398,275.824634048759,5.61976527989396,11.8569559330565
81.16,375.7702,-2.8816,531.866932630339,,,,,,,,,146673.073622303,275.770243690342,5.6195680686406,11.8959614000607
81.18,375.7094,-2.9885,551.72499612555,,,,,,,,,152115.751786364,275.709371253044,5.61934730821394,11.9323970349257
81.20,375.6507,-2.5860,477.525288507791,,,,,,,,,131630.181847469,275.650703774868,5.61913449817906,11.7877516169232
81.22,375.6059,-2.6692,492.971253921935,,,,,,,,,135865.800845849,275.605929889299,5.61897205519722,11.8194229190651
81.24,375.5439,-3.0767,568.34702708876,,,,,,,,,156604.575639877,275.54393385684,5.61874708541386,11.9614792807574
81.26,375.4829,-3.1131,575.203676821874,,,,,,,,,158458.755376281,275.48286243892,5.61852542135476,11.9732496199906
81.28,375.4194,-3.1181,576.248858007708,,,,,,,,,158710.12008363,275.419409302339,5.61829506058075,11.9748346731243
81.30,375.3581,-3.0626,566.135706674873,,,,,,,,,155890.075375654,275.358140349873,5.6180725789173,11.9569063928248
81.32,375.2969,-3.2149,594.410929417292,,,,,,,,,163639.488180523,275.296903340827,5.61785016377737,12.0054210443223
81.34,375.2295,-3.4647,640.761964937303,,,,,,,,,176356.623758603,275.229544524946,5.61760545685556,12.0802634952571
81.36,375.1583,-3.6572,676.526099888357,,,,,,,,,186151.780870494,275.158313775645,5.61734661847958,12.1343176461124
81.38,375.0833,-4.1012,758.875097362304,,,,,,,,,208753.833781263,275.083257451522,5.61707380621489,12.2489110079637
81.40,374.9943,-4.0061,741.522912031635,,,,,,,,,203914.548112362,274.994264915799,5.61675024259747,12.2254563032687
81.42,374.9230,-3.5307,653.687696519547,,,,,,,,,179713.790131464,274.923011536427,5.61649110042164,12.0991208095683
81.44,374.8530,-3.6377,673.667726168483,,,,,,,,,185159.620551779,274.853037126898,5.61623654437077,12.128973545844
81.46,374.7775,-3.7824,700.658370535589,,,,,,,,,192525.158317975,274.777504150571,5.61596169437198,12.1679821167314
81.48,374.7017,-3.9066,723.863675680123,,,,,,,,,198846.61235064,274.7017415452,5.61568593288892,12.2002890142857
81.50,374.6212,-3.9142,725.486517003736,,,,,,,,,199234.007530052,274.62124086453,5.61539284236177,12.2022353300939
81.52,374.5452,-3.7087,687.592500098861,,,,,,,,,188775.202460607,274.545173825289,5.61511581507935,12.148312181168
81.54,374.4729,-4.0257,746.554357987924,,,,,,,,,204908.933806175,274.472892179527,5.6148525026288,12.2303209340875
81.56,374.3841,-3.9465,732.105926512405,,,,,,,,,200878.25977453,274.384146473818,5.61452911894149,12.2104543307838
81.58,374.3150,-3.6586,678.877770086744,,,,,,,,,186226.377447203,274.315032326671,5.61427719894531,12.1347182956996
81.60,374.2378,-3.7748,700.628690452522,,,,,,,,,192138.871232227,274.237800778796,5.61399561604673,12.1659736772313
81.62,374.1640,-3.5694,662.689684478922,,,,,,,,,181685.681367208,274.164040308049,5.61372661450201,12.1100334475763
81.64,374.0950,-3.4213,635.352185139495,,,,,,,,,174146.872041858,274.095023382382,5.61347484693225,12.0676543143458
81.66,374.0272,-3.7762,701.430319521818,,,,,,,,,192210.97752632,274.02718727265,5.61322732508854,12.1663488890087
81.68,373.9440,-3.7003,687.53933501268,,,,,,,,,188347.258195382,273.943974699147,5.61292361357992,12.1460426560479
81.70,373.8792,-3.0484,566.540353389955,,,,,,,,,155163.604526602,273.87917488695,5.61268704156741,11.952235352314
81.72,373.8220,-2.6087,484.931024706123,,,,,,,,,132784.802266626,273.822039633567,5.61247840498938,11.7964850687123
81.74,373.7748,-2.4504,455.585786036924,,,,,,,,,124727.919376247,273.774826166632,5.61230596621187,11.7338899989596
81.76,373.7240,-2.6441,491.677669261805,,,,,,,,,134583.98935535,273.724022401529,5.61212038129098,11.809943739306
81.78,373.6691,-2.8920,537.883452402256,,,,,,,,,147202.060722309,273.669063558073,5.61191957917985,11.8995614846511
81.80,373.6083,-3.0034,558.730714937324,,,,,,,,,152873.385601273,273.608343902164,5.61169768200182,11.9373653126804
81.82,373.5489,-3.3204,617.838205390276,,,,,,,,,169008.978920924,273.548928257301,5.61148050259794,12.0377071222035
81.84,373.4755,-2.9631,551.499161009534,,,,,,,,,150821.524508779,273.475528471696,5.61121214243546,11.9238524598396
81.86,373.4304,-2.7903,519.433121208233,,,,,,,,,142028.808914426,273.430405408223,5.61104713027969,11.8637851956852
81.88,373.3639,-3.4499,642.371318761708,,,,,,,,,175601.138814126,273.363915363828,5.6108039308089,12.0759704454362
81.90,373.2924,-3.5458,660.4009789672,,,,,,,,,180482.574804291,273.292409539652,5.61054231918446,12.1033895136146
81.92,373.2221,-3.8056,708.963096815015,,,,,,,,,193704.374384475,273.222083426745,5.61028495688501,12.1740884324363
81.94,373.1402,-3.4572,644.261853237884,,,,,,,,,175973.803246201,273.140187272931,5.60998516987987,12.0780904177497
81.96,373.0838,-3.1985,596.177425940003,,,,,,,,,162806.393790436,273.083794700439,5.60977868838307,12.0003170056764
81.98,373.0122,-3.4563,644.393730109524,,,,,,,,,175927.379651785,273.012246133872,5.60951665181212,12.0778265732562
82.00,372.9455,-2.9439,548.99669317593,,,,,,,,,149846.200225475,272.945542456038,5.60927229710353,11.917364715236
82.02,372.8945,-3.0027,560.067426070532,,,,,,,,,152839.314458516,272.894489741791,5.60908523601829,11.9371424161969
82.04,372.8254,-3.2349,603.530123773533,,,,,,,,,164658.367908352,272.825433930018,5.60883215450469,12.0116281089143
82.06,372.7651,-3.0520,569.52993843715,,,,,,,,,155347.886756163,272.765093231892,5.60861096042097,11.9534223116142
82.08,372.7034,-3.0988,578.388873558709,,,,,,,,,157728.585762665,272.703354046548,5.60838458917652,11.9686310232501
82.10,372.6411,-2.8279,527.949678481872,,,,,,,,,143940.803513242,272.641142479991,5.60815643406641,11.8771574073252
82.12,372.5902,-2.9323,547.543514158505,,,,,,,,,149255.017059302,272.590238400843,5.60796970938004,11.9134116458276
82.14,372.5239,-3.0385,567.513996008663,,,,,,,,,154661.099500399,272.523850668237,5.6077261356612,11.948991547283
82.16,372.4687,-2.9855,557.735056568473,,,,,,,,,151965.344819342,272.468698228019,5.60752373861736,11.9314077792241
82.18,372.4044,-3.0722,574.059655290789,,,,,,,,,156376.392582625,272.404428949832,5.60728783313669,11.960021153134
82.20,372.3458,-3.0496,569.962569055173,,,,,,,,,155226.917593115,272.345810094923,5.60707261944449,11.9526433097926
82.22,372.2824,-3.3020,617.280901616935,,,,,,,,,168074.752606895,272.282444129782,5.60683992507017,12.0321641154153
82.24,372.2137,-3.3317,622.986274238714,,,,,,,,,169585.416717115,272.21372882468,5.60658752547995,12.0411120123051
82.26,372.1492,-3.2374,605.492917803757,,,,,,,,,164784.398476484,272.149175706612,5.60635035605553,12.0123932225373
82.28,372.0842,-3.3329,623.510807667441,,,,,,,,,169647.460042163,272.084233273864,5.6061116995086,12.0414777983477
82.30,372.0159,-3.4872,652.535745009441,,,,,,,,,177500.070898165,272.015858526795,5.60586036800375,12.0867262873238
82.32,371.9447,-3.6758,688.008256291421,,,,,,,,,187100.229906303,271.944745132612,5.60559890276488,12.1393997410498
82.34,371.8688,-3.3901,634.713562130817,,,,,,,,,172558.831056564,271.868826116242,5.60531969304715,12.0584935069126
82.36,371.8091,-3.4507,646.197079823341,,,,,,,,,175642.272573889,271.809140056632,5.6051001290274,12.0762046634094
82.38,371.7308,-3.7662,705.473253636792,,,,,,,,,191698.810123901,271.730797922774,5.60481186268697,12.1636807220447
82.40,371.6585,-3.5788,670.55634122448,,,,,,,,,182162.325704855,271.658493859314,5.60454574016678,12.1126534680302
82.42,371.5876,-3.6759,688.922035291591,,,,,,,,,187102.713812187,271.587645956185,5.60428490847986,12.1394130167652
82.44,371.5115,-3.8180,715.766641229219,,,,,,,,,194338.845419259,271.511459496788,5.60400434657455,12.1773585403408
82.46,371.4349,-3.8494,721.85502467661,,,,,,,,,195936.664549972,271.434925091436,5.60372242405686,12.1855467459405
82.48,371.3575,-3.7774,708.557376305815,,,,,,,,,192272.346187268,271.357482988481,5.60343707701689,12.1666681156574
82.50,371.2838,-3.4000,637.926764961408,,,,,,,,,173059.214898322,271.283828181738,5.60316560926949,12.0613890975638
82.52,371.2215,-3.7043,695.189541384413,,,,,,,,,188550.339552929,271.221484686674,5.60293577374951,12.147120303549
82.54,371.1357,-3.9740,746.036562190125,,,,,,,,,202277.112842256,271.135656204885,5.60261927203492,12.2173938820164
82.56,371.0625,-3.5435,665.399490932528,,,,,,,,,180364.866510136,271.062525547416,5.60234951584475,12.102737114374
82.58,370.9939,-3.3979,638.231922073302,,,,,,,,,172956.968369443,270.993916768673,5.60209637327969,12.0607981047907
82.60,370.9266,-3.1448,590.823149046815,,,,,,,,,160069.711460367,270.926607595878,5.60184796352174,11.983364695955
82.62,370.8681,-2.9992,563.597989295809,,,,,,,,,152660.73131711,270.86812624696,5.60163208342734,11.9359732958369
82.64,370.8066,-3.0493,573.137670717446,,,,,,,,,155209.486525767,270.806639409128,5.60140505849653,11.9525310093849
82.66,370.7462,-3.0998,582.75478313151,,,,,,,,,157778.61691361,270.746155125086,5.60118168494956,11.9689481706936
82.68,370.6826,-3.3484,629.657706447958,,,,,,,,,170437.416158889,270.682649340329,5.60094709903716,12.0461234476708
82.70,370.6122,-3.2375,608.946629700853,,,,,,,,,164788.397595179,270.612217159543,5.60068686312678,12.0124174910372
82.72,370.5532,-3.2086,603.645374147677,,,,,,,,,163318.157849028,270.553150646812,5.60046856936122,12.0034554659738
82.74,370.4839,-3.3946,638.811539777832,,,,,,,,,172788.219940171,270.483873851534,5.60021248043377,12.0598219613858
82.76,370.4174,-3.3499,630.547772168931,,,,,,,,,170511.067249459,270.417365305951,5.59996656291277,12.0465554841531
82.78,370.3499,-3.6366,684.687956082604,,,,,,,,,185105.305400069,270.349878007401,5.59971696458841,12.1286801604959
82.80,370.2719,-3.8819,731.078950244839,,,,,,,,,197590.097373935,270.271900603569,5.59942849154697,12.1939499485358
82.82,370.1946,-3.8627,727.676164239128,,,,,,,,,196614.171691798,270.194602151606,5.59914244809341,12.1889985679823
82.84,370.1174,-3.7118,699.451549318478,,,,,,,,,188934.028106609,270.117391677379,5.5988566484975,12.14915317547
82.86,370.0461,-3.4209,644.794051910863,,,,,,,,,174124.13749748,270.046128653728,5.59859279127137,12.0675237577172
82.88,369.9806,-3.3443,630.511578733744,,,,,,,,,170225.866911201,269.980556507884,5.59834994347156,12.0448814630755
82.90,369.9124,-3.4332,647.428967984745,,,,,,,,,174749.078695991,269.912356933817,5.59809730235428,12.0711063879562
82.92,369.8432,-3.1193,588.394490336831,,,,,,,,,158774.269921653,269.843230229368,5.59784116158809,11.975238786466
82.94,369.7876,-2.9040,547.890053625388,,,,,,,,,147813.934102309,269.787584432724,5.59763492504514,11.9037095597934
82.96,369.7271,-2.9219,551.397615898401,,,,,,,,,148726.863832174,269.727070890306,5.59741059919199,11.909866774048
82.98,369.6707,-2.6037,491.458068121904,,,,,,,,,132531.845020232,269.670707669323,5.59720161345483,11.7945782353068
83.00,369.6229,-2.5749,486.091850727552,,,,,,,,,131061.504646083,269.622920956027,5.59702439380718,11.7834219931173
83.02,369.5677,-2.8269,533.775161930826,,,,,,,,,143888.549764454,269.567713199629,5.59681961370496,11.8767943189274
83.04,369.5098,-3.0434,574.783727771617,,,,,,,,,154909.874169915,269.509846373845,5.59660492539164,11.9505987698214
83.06,369.4460,-3.1297,591.231404667659,,,,,,,,,159304.923775715,269.445977527636,5.59636791581247,11.9785754042448
83.08,369.3847,-3.0502,576.330594377393,,,,,,,,,155254.619403863,269.384656859287,5.59614030934505,11.9528217539673
83.10,369.3240,-3.1065,587.10863462668,,,,,,,,,158122.428849741,269.323970938164,5.59591500788059,11.9711248780929
83.12,369.2604,-3.1333,592.304824371188,,,,,,,,,159484.231922093,269.260396606438,5.59567892849971,11.9797003368975
83.14,369.1986,-3.0571,578.045257484733,,,,,,,,,155608.997470797,269.198640514591,5.59544954766343,11.9551017134171
83.16,369.1381,-3.1513,595.98082042443,,,,,,,,,160401.152516856,269.138111529539,5.5952246736043,11.9854331596559
83.18,369.0726,-3.2466,614.154702018131,,,,,,,,,165252.19604433,269.072589530465,5.59498119275463,12.01522804685
83.20,369.0082,-3.2033,606.110377643357,,,,,,,,,163048.691003123,269.008248360768,5.59474204218292,12.0018041529922
83.22,368.9445,-3.0948,585.721313143962,,,,,,,,,157526.501092322,268.944457982536,5.5945048823814,11.9673489839972
83.24,368.8845,-3.1321,592.907435603921,,,,,,,,,159423.593527824,268.884456416775,5.59428175727822,11.9793200489888
83.26,368.8192,-3.2161,608.971801006707,,,,,,,,,163703.297273713,268.819175211547,5.59403894245716,12.0058109053293
83.28,368.7558,-3.4249,648.644469199787,,,,,,,,,174326.970012127,268.755810447577,5.59380319947821,12.0686879528263
83.30,368.6822,-3.6616,693.671549429096,,,,,,,,,186377.184553013,268.682180646452,5.59352919651301,12.1355277732754
83.32,368.6093,-3.4405,651.956300003023,,,,,,,,,175121.555521537,268.609346241036,5.59325807961569,12.0732356147609
83.34,368.5446,-3.2573,617.395175390998,,,,,,,,,165798.116744911,268.54456165763,5.59301686538354,12.0185261630236
83.36,368.4791,-3.0561,579.393913417264,,,,,,,,,155555.129803184,268.479054061372,5.5927728999613,11.954755480266
83.38,368.4223,-2.9740,563.949047273605,,,,,,,,,151376.511017704,268.42231891255,5.59256155705219,11.9275254627557
83.40,368.3601,-3.0605,580.488402355999,,,,,,,,,155779.922847381,268.36009507705,5.59232971698383,11.9561995392073
83.42,368.2999,-2.9256,555.029981163403,,,,,,,,,148914.488173522,268.299899514223,5.59210538290383,11.9111275153055
83.44,368.2431,-2.7467,521.197040774018,,,,,,,,,139807.494745248,268.243070869365,5.59189355030809,11.8480217178259
83.46,368.1900,-2.7025,512.917531788148,,,,,,,,,137559.369275151,268.190032022472,5.59169580394688,11.8318108794466
83.48,368.1350,-2.5021,474.96825734986,,,,,,,,,127355.599465546,268.13497006335,5.59149047337641,11.7547384485462
83.50,368.0899,-2.5116,476.855397934871,,,,,,,,,127840.139709631,268.089949832321,5.59132255790116,11.7585358538471
83.52,368.0345,-2.7401,520.350036816035,,,,,,,,,139471.765636432,268.034507098038,5.59111573005078,11.8456174628871
83.54,367.9803,-2.9359,557.656643658813,,,,,,,,,149441.020413219,267.980346172743,5.59091364264537,11.9146570816863
83.56,367.9171,-2.8753,546.259131104122,,,,,,,,,146352.145383188,267.917069115851,5.59067748902574,11.8937709512759
83.58,367.8653,-2.5819,490.625960517753,,,,,,,,,131421.687557348,267.865335577962,5.59048437503918,11.7861664213171
83.60,367.8138,-2.5580,486.164545705749,,,,,,,,,130201.570325492,267.813791597004,5.59029193154641,11.7768390695555
83.62,367.7630,-2.6762,508.727111940612,,,,,,,,,136218.306265048,267.763016886252,5.59010232396782,11.8220140708981
83.64,367.7067,-2.6752,508.653223645684,,,,,,,,,136169.898664612,267.706744663168,5.58989214506573,11.8216586399354
83.66,367.6560,-2.6122,496.760712963635,,,,,,,,,132960.989359826,267.656007993449,5.58970260378883,11.7978110510952
83.68,367.6023,-3.2298,614.330756234189,,,,,,,,,164396.297211663,267.602257486509,5.58950176426673,12.0100352383072
83.70,367.5268,-3.6612,696.586782341921,,,,,,,,,186355.644944699,267.526817431379,5.58921981339108,12.1354121966123
83.72,367.4558,-2.9294,557.498869370786,,,,,,,,,149106.311796957,267.455810206834,5.58895435720131,11.9124148324991
83.74,367.4096,-2.8361,539.843574532541,,,,,,,,,144359.377260555,267.409642479413,5.58878172415013,11.8800611449524
83.76,367.3424,-3.4430,655.525245939954,,,,,,,,,175249.669976912,267.342365625632,5.5885301052572,12.0739669217391
83.78,367.2719,-3.4378,654.704367301875,,,,,,,,,174984.095122222,267.271922812055,5.58826657764296,12.0724503637595
83.80,367.2049,-3.1571,601.393218139157,,,,,,,,,160695.187446288,267.204854659841,5.58801561013457,11.9872646038365
83.82,367.1456,-3.0119,573.874481862073,,,,,,,,,153308.066173464,267.145640761059,5.58779398070022,11.9402046803933
83.84,367.0844,-3.3782,643.809448880281,,,,,,,,,171951.446054093,267.08437776605,5.58756463007164,12.054967425561
83.86,367.0105,-3.0094,573.693262628441,,,,,,,,,153182.132357682,267.010512997592,5.58728803214791,11.9393828999678
83.88,366.9640,-2.7306,520.634501206584,,,,,,,,,138990.668895325,266.963999837143,5.58711381723896,11.84216207961
83.90,366.9013,-3.3895,646.399585921648,,,,,,,,,172524.881661907,266.901287407104,5.58687887995487,12.05829674657
83.92,366.8284,-3.3509,639.221856183733,,,,,,,,,170562.558835605,266.828421440239,5.58660583550518,12.046857422401
83.94,366.7673,-2.8072,535.629240638582,,,,,,,,,142888.340133074,266.767251098393,5.58637655949992,11.8698187659988
83.96,366.7161,-2.9330,559.734495482217,,,,,,,,,149290.22006961,266.716132871165,5.58618492006401,11.9136474761547
83.98,366.6499,-3.1715,605.395050433416,,,,,,,,,161428.548802616,266.64993162241,5.58593668061459,11.9918179014724
84.00,366.5893,-3.1477,600.988567730537,,,,,,,,,160217.106259692,266.589274509342,5.58570917628771,11.984285088563
84.02,366.5240,-3.1988,610.89554937565,,,,,,,,,162818.340839575,266.524025270735,5.58546439065223,12.0003903849248
84.04,366.4613,-3.1865,608.692042310182,,,,,,,,,162192.887491105,266.461323981714,5.58522910730196,11.9965415694622
84.06,366.3966,-3.0472,582.233982745826,,,,,,,,,155105.133760229,266.396566254601,5.58498604914848,11.951858448296
84.08,366.3394,-2.9883,571.094698644219,,,,,,,,,152105.039291465,266.339434865291,5.58477156621732,11.9323266091349
84.10,366.2770,-3.1391,600.056286980902,,,,,,,,,159781.208784884,266.277034757523,5.58453725086429,11.9815607133152
84.12,366.2139,-3.3765,645.581272944404,,,,,,,,,171862.689756267,266.213871062935,5.58430001227789,12.0544511216016
84.14,366.1420,-3.3543,641.522273475937,,,,,,,,,170736.00598758,266.141976743048,5.58402991354367,12.0478738179256
84.16,366.0797,-3.3563,642.061242116269,,,,,,,,,170839.461689412,266.079698451063,5.5837958821422,12.048479573987
84.18,366.0077,-3.7023,708.434194450564,,,,,,,,,188448.966841183,266.007722830681,5.58352534155829,12.1465825162774
84.20,365.9316,-3.4249,655.54600988544,,,,,,,,,174330.403306054,265.931606137789,5.58323915593799,12.0687076471979
84.22,365.8707,-3.0268,579.475477465688,,,,,,,,,154065.565642398,265.870725567537,5.58301019654128,11.9451335417142
84.24,365.8105,-2.9521,565.304021805239,,,,,,,,,150263.763888203,265.810533964276,5.58278377666118,11.9201474547789
84.26,365.7526,-3.2626,624.899700418738,,,,,,,,,166068.745767468,265.752641033733,5.58256595521118,12.0201571127394
84.28,365.6800,-3.3068,633.538019487387,,,,,,,,,168318.399460484,265.680029111236,5.58229268664104,12.0336126995776
84.30,365.6204,-3.1260,599.028126940989,,,,,,,,,159114.071696535,265.620368294007,5.58206810251586,11.9773766560247
84.32,365.5550,-3.3192,636.206428705547,,,,,,,,,168947.791544023,265.554989577473,5.58182193628885,12.0373450204028
84.34,365.4876,-3.2679,626.535596924037,,,,,,,,,166337.432535596,265.487600947538,5.58156813882891,12.0217737302645
84.36,365.4243,-2.9515,566.015915466377,,,,,,,,,150234.363195895,265.424273577374,5.58132957806769,11.9199517750741
84.38,365.3695,-2.9478,565.413371745163,,,,,,,,,150043.486097458,265.36953951822,5.58112334333775,11.9186804383798
84.40,365.3064,-3.0316,581.62794469951,,,,,,,,,154309.594132144,265.306362148513,5.5808852418155,11.9467162148508
84.42,365.2483,-3.0673,588.603757188922,,,,,,,,,156126.131591514,265.248275575316,5.58066627634314,11.9584194953857
84.44,365.1837,-2.8935,555.391962737848,,,,,,,,,147280.879346441,265.183670682609,5.58042268282099,11.9000967864652
84.46,365.1325,-3.0292,581.548646403637,,,,,,,,,154187.466926175,265.132535136464,5.58022983355203,11.9459244587678
84.48,365.0625,-3.4543,663.344238296047,,,,,,,,,175827.683963112,265.06250271317,5.57996565747077,12.0772597260284
84.50,364.9944,-3.2738,628.829694199715,,,,,,,,,166636.323141788,264.994361237758,5.57970854741175,12.0235690110118
84.52,364.9316,-3.0273,581.61870388159,,,,,,,,,154089.145792921,264.931551830376,5.57947149764262,11.9452865827011
84.54,364.8733,-2.9754,571.770990435439,,,,,,,,,151446.852232997,264.873270533822,5.57925148719979,11.92799003204
84.56,364.8125,-3.1171,599.153797371972,,,,,,,,,158663.43747589,264.812537568525,5.57902217025517,11.9745404922956
84.58,364.7486,-3.2794,630.500011876658,,,,,,,,,166923.986068936,264.748585130226,5.57878064029434,12.0252938145362
84.60,364.6814,-3.3315,640.680164346538,,,,,,,,,169576.097625516,264.681360626289,5.57852668977705,12.041057058596
84.62,364.6153,-3.0613,588.861489215937,,,,,,,,,155821.773777928,264.615324030449,5.57827716395118,11.9564681573262
84.64,364.5589,-2.7972,538.173541344325,,,,,,,,,142378.604595245,264.558908339477,5.5780639423401,11.8662450180427
84.66,364.5034,-2.6510,510.158690362607,,,,,,,,,134938.726524645,264.503436036215,5.5778542418991,11.8125760767917
84.68,364.4529,-2.7184,523.21430324304,,,,,,,,,138365.522527777,264.452866961293,5.57766303867573,11.8376541764478
84.70,364.3947,-3.1925,614.609009271418,,,,,,,,,162499.365678271,264.394701715981,5.57744306888107,11.998429377226
84.72,364.3252,-3.1583,608.191529239327,,,,,,,,,160760.327594853,264.325167099775,5.57718003879384,11.9876698863494
84.74,364.2684,-2.7074,521.466855734343,,,,,,,,,137807.195178549,264.268368474705,5.57696513406472,11.833610850847
84.76,364.2169,-2.8042,540.219049222917,,,,,,,,,142734.987132088,264.216871540177,5.57677024902047,11.8687449530355
84.78,364.1562,-2.8243,544.206497785926,,,,,,,,,143755.520697828,264.156200417836,5.57654059642905,11.8758693627766
84.80,364.1039,-3.0475,587.349712330357,,,,,,,,,155121.350570569,264.10390149867,5.57634259200226,11.9519629964965
84.82,364.0343,-3.1231,602.07699536485,,,,,,,,,158968.977148741,264.034298557459,5.57607901348586,11.9764643498934
84.84,363.9790,-2.8365,546.928652571452,,,,,,,,,144377.665643883,263.978975987221,5.57586946356313,11.880187823422
84.86,363.9208,-2.7212,524.816405914682,,,,,,,,,138509.986487146,263.920839604361,5.57564920819884,11.8386977066105
84.88,363.8701,-2.4038,463.692891132783,,,,,,,,,122354.702600916,263.870128140219,5.57545704324189,11.7146795037751
84.90,363.8247,-2.5411,490.269682994654,,,,,,,,,129345.24583857,263.824687360855,5.57528481953174,11.770240432695
84.92,363.7685,-2.7657,533.716331709768,,,,,,,,,140777.546841689,263.76848238971,5.57507175774633,11.8549362415357
84.94,363.7141,-2.8941,558.595317637289,,,,,,,,,147309.437745491,263.714057555247,5.57486540083199,11.9002906719902
84.96,363.6527,-2.8146,543.376191557821,,,,,,,,,143262.610620275,263.652719508287,5.57463278076602,11.8724346629556
84.98,363.6015,-2.7426,529.591371416566,,,,,,,,,139601.066581884,263.60147486632,5.57443839770496,11.8465441095526
85.00,363.5430,-2.8877,557.736403421615,,,,,,,,,146987.532907867,263.543014237772,5.57421659654799,11.8981030520137
85.02,363.4860,-2.7980,540.515042522753,,,,,,,,,142418.127550876,263.485964953289,5.57400010262846,11.8665225700749
85.04,363.4311,-2.8261,546.05770696961,,,,,,,,,143848.579780935,263.431095184489,5.57379183543368,11.8765164960143
85.06,363.3729,-3.0180,583.267703532691,,,,,,,,,153616.919260163,263.372921781453,5.57357098137259,11.9422172450628
85.08,363.3104,-3.0207,583.938708664876,,,,,,,,,153757.120693667,263.310375579004,5.57333347164689,11.9431294980511
85.10,363.2521,-3.2960,637.286070900765,,,,,,,,,167766.891366386,263.2520919989,5.57311209779694,12.030330743454
85.12,363.1785,-3.2372,626.08710752557,,,,,,,,,164772.68851795,263.178536241014,5.57283264688957,12.0123221577112
85.14,363.1226,-3.0235,584.879090527556,,,,,,,,,153894.910290009,263.122605650336,5.57262010472906,11.9440252477402
85.16,363.0576,-2.9165,564.33395830643,,,,,,,,,148452.335641657,263.057598176731,5.57237301267405,11.9080192135923
85.18,363.0059,-2.7737,536.806971438242,,,,,,,,,141183.424604113,263.005944624465,5.57217663505717,11.8578152076613
85.20,362.9466,-2.9759,576.065503926877,,,,,,,,,151474.494099837,262.946649412745,5.57195115765619,11.9281725339815
85.22,362.8869,-2.9582,572.768497405006,,,,,,,,,150573.33964935,262.886908640298,5.57172393452906,11.9222055511159
85.24,362.8283,-2.8994,561.516176322321,,,,,,,,,147582.354173671,262.828321599333,5.57150104944665,11.9021416323327
85.26,362.7709,-2.9075,563.197271049585,,,,,,,,,147991.871412529,262.770931287945,5.57128266895505,11.9049126283496
85.28,362.7120,-2.8523,552.635612100518,,,,,,,,,145184.019320953,262.712022428526,5.57105846050357,11.8857573155428
85.30,362.6568,-2.8962,561.262883368404,,,,,,,,,147419.534604495,262.656838663125,5.57084838423263,11.9010377778023
85.32,362.5962,-3.4303,664.907665679689,,,,,,,,,174602.208424245,262.596173027666,5.57061738837205,12.0702655707856
85.34,362.5196,-3.5479,687.917592361932,,,,,,,,,180591.870305558,262.519627802372,5.57032585181681,12.1039949040324
85.36,362.4543,-3.3157,643.039662255564,,,,,,,,,168768.495621917,262.454255200891,5.57007680094424,12.0362832064142
85.38,362.3870,-3.5753,693.581274036179,,,,,,,,,181986.71069055,262.387001355312,5.56982051832505,12.1116889452092
85.40,362.3112,-3.5726,693.244073941302,,,,,,,,,181845.713518562,262.311241241075,5.56953174238256,12.1109138786144
85.42,362.2441,-3.3430,648.86414482163,,,,,,,,,170160.792511695,262.244098197893,5.56927574253469,12.0444991073133
85.44,362.1775,-3.3752,655.286674083643,,,,,,,,,171801.43553264,262.177520659775,5.56902183409124,12.0540946443335
85.46,362.1091,-3.3758,655.562127612106,,,,,,,,,171828.791605496,262.10908831995,5.56876078473754,12.0542538624159
85.48,362.0425,-3.2518,631.636356779043,,,,,,,,,165515.563252724,262.042489284106,5.5685066634526,12.0168205071588
85.50,361.9790,-2.8566,555.01536976807,,,,,,,,,145402.381649139,261.979018184487,5.56826441728894,11.8872602239277
85.52,361.9282,-2.7953,543.217841098247,,,,,,,,,142284.084939575,261.928225059606,5.56807051607572,11.865580936218
85.54,361.8672,-3.0080,584.674688693256,,,,,,,,,153107.126251518,261.867204468371,5.56783752209345,11.9388931269474
85.56,361.8079,-2.7694,538.424603169899,,,,,,,,,140963.817934703,261.807906074125,5.56761105192786,11.856258526038
85.58,361.7564,-2.9203,567.868214716724,,,,,,,,,148643.155619085,261.756428281928,5.56741440831032,11.9093037837677
85.60,361.6911,-3.0933,601.666981988597,,,,,,,,,157450.891397707,261.691095092686,5.56716478179891,11.9668688879784
85.62,361.6327,-3.0194,587.418545974176,,,,,,,,,153687.897720112,261.632695755691,5.5669415955488,11.9426791868046
85.64,361.5703,-2.7742,539.851419806747,,,,,,,,,141209.108474151,261.570319708894,5.56670315637606,11.8579971095681
85.66,361.5217,-2.7744,539.991772867034,,,,,,,,,141219.580902342,261.521726808077,5.56651736536172,11.8580712693726
85.68,361.4593,-2.9419,572.723755126237,,,,,,,,,149743.976467501,261.45934253154,5.56627879352618,11.9166822912455
85.70,361.4041,-3.0014,584.430850597588,,,,,,,,,152772.591728525,261.40405074837,5.56606729742954,11.9367057661208
85.72,361.3393,-3.1814,619.631928515544,,,,,,,,,161934.166053364,261.339286439468,5.56581951116571,11.9949451492322
85.74,361.2768,-3.1367,611.080061885143,,,,,,,,,159661.040087117,261.276795048055,5.56558036279686,11.9808083475661
85.76,361.2138,-3.0813,600.422857093663,,,,,,,,,156838.746358404,261.213817071488,5.56533929443922,11.9629734632501
85.78,361.1535,-2.9632,577.541657039476,,,,,,,,,150827.050298036,261.153543574999,5.56510852390761,11.9238890971038
85.80,361.0953,-2.9878,582.477360795683,,,,,,,,,152082.095365473,261.095289879977,5.56488543601719,11.932175755115
85.82,361.0340,-3.6558,712.869865219809,,,,,,,,,186083.293861136,261.034030108368,5.56465078238046,12.1339496689132
85.84,360.9491,-3.5709,696.526199493052,,,,,,,,,181757.854673671,260.949056626956,5.56432520293422,12.1104306113735
85.86,360.8912,-3.3616,655.864723323148,,,,,,,,,171109.332078496,260.89119599468,5.56410344682314,12.0500580000557
85.88,360.8146,-3.2996,643.940140083254,,,,,,,,,167948.984030793,260.814590637384,5.56380977418309,12.031415545786
85.90,360.7592,-2.9401,573.911848959652,,,,,,,,,149652.802387178,260.759213559467,5.56359742809638,11.9160732393813
85.92,360.6970,-3.2905,642.468863473525,,,,,,,,,167489.696452028,260.696986226679,5.5633587605607,12.028677114636
85.94,360.6276,-3.2028,625.497220249431,,,,,,,,,163021.834350486,260.627592054649,5.56309253803704,12.0016394238885
85.96,360.5689,-3.1331,612.027073227457,,,,,,,,,159475.206420255,260.568875784007,5.56286722464942,11.9796437434831
85.98,360.5023,-3.3116,647.070286835989,,,,,,,,,168563.277744504,260.502268723752,5.56261157026779,12.0350664938544
86.00,360.4364,-3.0424,594.6162382473,,,,,,,,,154859.718777812,260.436410607081,5.56235872623975,11.9502749459621
86.02,360.3806,-3.1215,610.199608577506,,,,,,,,,158884.123400119,260.380572466293,5.56214430104696,11.9759304318634
86.04,360.3116,-3.0651,599.339093794334,,,,,,,,,156014.889546711,260.311551777812,5.56187918972427,11.9577067274893
86.06,360.2580,-2.9170,570.505953533601,,,,,,,,,148478.720438038,260.257968419768,5.56167332535399,11.9081969302434
86.08,360.1949,-3.0258,591.911984144295,,,,,,,,,154012.461776221,260.194870017492,5.56143085034789,11.9447887987467
86.10,360.1369,-2.7902,545.961094223474,,,,,,,,,142024.647306327,260.136937977842,5.56120817689607,11.8637558941012
86.12,360.0833,-2.5729,503.539102208795,,,,,,,,,130962.091330582,260.083260180017,5.56100181121398,11.7826631811492
86.14,360.0340,-2.7188,532.182559778234,,,,,,,,,138385.571261514,260.03402163194,5.56081247488563,11.8377990628401
86.16,359.9745,-3.0052,588.379684835683,,,,,,,,,152963.720320607,259.974510104517,5.56058358814993,11.9379560501691
86.18,359.9138,-2.5242,494.321667007604,,,,,,,,,128481.030478053,259.913815341776,5.56035009660936,11.7635365496812
86.20,359.8735,-2.3980,469.688884084645,,,,,,,,,122059.714647871,259.87354349624,5.5601951415304,11.7122656682936
86.22,359.8179,-2.8343,555.267216551322,,,,,,,,,144268.359319161,259.817894914072,5.55998098144128,11.8794304505813
86.24,359.7602,-3.1012,607.693993187236,,,,,,,,,157854.695246494,259.760170441339,5.55975878394366,11.9694302385326
86.26,359.6938,-3.2035,627.898029126556,,,,,,,,,163061.253488993,259.693845059239,5.55950341819239,12.0018811974742
86.28,359.6320,-3.0022,588.57497518341,,,,,,,,,152812.915037972,259.632029021201,5.55926535557539,11.9369696746425
86.30,359.5738,-3.1819,623.945026597498,,,,,,,,,161959.754889558,259.57375727916,5.55904089065676,11.9951031567439
86.32,359.5048,-3.3550,658.071025590588,,,,,,,,,170772.559091815,259.504753211942,5.55877501924722,12.0480878863743
86.34,359.4396,-3.0825,604.769315548672,,,,,,,,,156901.082673349,259.43955594209,5.55852375039603,11.9633708391011
86.36,359.3815,-3.3250,652.496380453514,,,,,,,,,169245.45907745,259.381452751994,5.55829976875549,12.0391053607393
86.38,359.3066,-3.3594,659.431932014365,,,,,,,,,170995.022332715,259.306554674076,5.55801097056711,12.0493897258957
86.40,359.2471,-2.8516,559.884303339482,,,,,,,,,145148.368870817,259.247076592549,5.55778157064316,11.8855117318479
86.42,359.1925,-2.7081,531.821856494601,,,,,,,,,137844.231255882,259.192490065104,5.55757099054412,11.8338795675957
86.44,359.1388,-3.1038,609.653996547473,,,,,,,,,157984.975773358,259.13875192821,5.55736363998242,11.9702552174457
86.46,359.0683,-3.3327,654.782629536996,,,,,,,,,169633.447473799,259.068337829531,5.55709187952023,12.0413951967744
86.48,359.0054,-3.0687,603.05909091831,,,,,,,,,156195.588663007,259.005445760148,5.55684908757945,11.9588642743949
86.50,358.9456,-2.7027,531.264117195902,,,,,,,,,137568.501219251,258.945591780901,5.55661796928766,11.8318772627184
86.52,358.8973,-2.4512,481.915474508676,,,,,,,,,124766.633384225,258.897337777808,5.55643160388426,11.7342003384669
86.54,358.8475,-2.8024,551.074449236164,,,,,,,,,142644.267815106,258.847544125523,5.5562392556673,11.8681091722738
86.56,358.7852,-3.0357,597.095002891169,,,,,,,,,154519.37423059,258.785241012567,5.55599853245561,11.9480747670088
86.58,358.7261,-3.1176,613.334721430013,,,,,,,,,158685.709870921,258.72611532727,5.55577003240501,11.9746808575385
86.60,358.6605,-3.2572,640.969547483968,,,,,,,,,165793.52806192,258.660538106246,5.5555165383462,12.018498486313
86.62,358.5958,-2.9170,574.155027751135,,,,,,,,,148474.09408605,258.595826753616,5.55526632836383,11.9081657714076
86.64,358.5439,-2.8400,559.127530200376,,,,,,,,,144558.989879949,258.543859981537,5.55506535066443,11.8814429376929
86.66,358.4822,-2.9905,588.889320570264,,,,,,,,,152217.422040624,258.482225307162,5.55482693068362,11.9330651859312
86.68,358.4242,-3.1667,623.718548256359,,,,,,,,,161183.991912249,258.424240168659,5.55460257621093,11.9903017983682
86.70,358.3556,-3.4429,678.30906005408,,,,,,,,,175244.916473198,258.355559129973,5.55433677232624,12.0739397971905
86.72,358.2865,-2.9996,591.13513953148,,,,,,,,,152682.240543842,258.286524236835,5.55406952776459,11.9361141815212
86.74,358.2356,-2.8621,564.140468037984,,,,,,,,,145681.137603115,258.235574040233,5.55387224599509,11.8891755232886
86.76,358.1720,-3.2180,634.441239057931,,,,,,,,,163794.98955197,258.172040952423,5.55362618808934,12.0063708611174
86.78,358.1069,-3.3949,669.491730525979,,,,,,,,,172800.405693973,258.106856014807,5.55337366977668,12.0598924831154
86.80,358.0362,-3.4294,676.490070601608,,,,,,,,,174558.958298267,258.036246035408,5.55310006356336,12.0700178334635
86.82,357.9697,-3.2284,636.99119827801,,,,,,,,,164324.415036117,257.969679142095,5.55284205531023,12.009597893327
86.84,357.9071,-3.3395,659.077273963971,,,,,,,,,169980.716287722,257.907111961828,5.55259948893914,12.0434402759967
86.86,357.8361,-3.3130,654.028983703403,,,,,,,,,168632.282493056,257.836100073402,5.55232411201815,12.0354757800827
86.88,357.7746,-2.9445,581.432175224898,,,,,,,,,149878.442068496,257.774592557633,5.55208553079034,11.917579858328
86.90,357.7183,-3.1951,631.037026946408,,,,,,,,,162629.801397502,257.718318344121,5.55186719912158,11.9992317397295
86.92,357.6468,-3.1477,621.849837254256,,,,,,,,,160217.614550858,257.646790193418,5.55158961668545,11.9842882610729
86.94,357.5924,-2.9022,573.47183010601,,,,,,,,,147721.991697661,257.592411593005,5.55137853569461,11.9030873518005
86.96,357.5307,-2.8791,569.044333136166,,,,,,,,,146546.387211693,257.530703107144,5.55113894836337,11.8950972935779
86.98,357.4772,-2.9951,592.096509643175,,,,,,,,,152451.380062696,257.4772483536,5.55093136029183,11.9346010049349
87.00,357.4109,-3.0943,611.864265374311,,,,,,,,,157500.530884423,257.410899438737,5.55067363862737,11.9671841079369
87.02,357.3535,-2.8637,566.401992321928,,,,,,,,,145765.522000834,257.353476818253,5.55045053608426,11.8897545959751
87.04,357.2963,-2.9880,591.117216028431,,,,,,,,,152092.30201228,257.296349840984,5.55022853279369,11.9322428656075
87.06,357.2340,-3.4406,680.804750977577,,,,,,,,,175126.098901925,257.233955330745,5.54998600282056,12.0732615585771
87.08,357.1587,-3.3243,657.999954030061,,,,,,,,,169210.430729823,257.158727281754,5.54969351013134,12.0388983715935
87.10,357.1010,-3.3050,654.322577779238,,,,,,,,,168226.977023346,257.100981589701,5.54946893219416,12.0330694002439
87.12,357.0265,-3.3008,653.674608021942,,,,,,,,,168011.713886741,257.026526386201,5.54917929507938,12.031788981471
87.14,356.9689,-3.0627,606.658155946481,,,,,,,,,155892.30925656,256.968949858333,5.54895525992432,11.956920722569
87.16,356.9040,-3.0461,603.522122900962,,,,,,,,,155047.258729022,256.904018669197,5.54870254692536,11.9514852444563
87.18,356.8471,-2.9192,578.49993686667,,,,,,,,,148586.03473434,256.847106222909,5.54848099044105,11.908919427942
87.20,356.7873,-3.0623,607.003990733067,,,,,,,,,155870.88708308,256.787252576112,5.5482479310826,11.9567832966395
87.22,356.7246,-3.0638,607.455203802184,,,,,,,,,155948.703532692,256.724615340486,5.54800397475034,11.957282408649
87.24,356.6647,-2.8121,557.682353662421,,,,,,,,,143137.374300188,256.664700541759,5.54777056592337,11.8715601075459
87.26,356.6121,-2.7647,548.39530624098,,,,,,,,,140724.88820236,256.612131068317,5.54756572724611,11.8545621158914
87.28,356.5541,-2.7905,553.636272244407,,,,,,,,,142037.662261904,256.554112117856,5.54733960578361,11.8638475286134
87.30,356.5005,-2.9496,585.318481692852,,,,,,,,,150134.489653752,256.500511003061,5.5471306568235,11.9192867690665
87.32,356.4361,-2.9323,582.036404384107,,,,,,,,,149255.162578612,256.436129173998,5.54687962453469,11.9134126207981
87.34,356.3832,-2.5290,502.09544188488,,,,,,,,,128728.845674309,256.38321907695,5.54667327468686,11.7654634995841
87.36,356.3350,-2.8285,561.659641251334,,,,,,,,,143973.006066264,256.334967820553,5.54648505723029,11.8773811031126
87.38,356.2701,-2.9980,595.459642529296,,,,,,,,,152598.48911122,256.270078124921,5.54623188104136,11.9355654968085
87.40,356.2150,-3.0691,609.719470610401,,,,,,,,,156219.303762337,256.21504854674,5.54601712523469,11.9590160923776
87.42,356.1473,-2.9367,583.574685479482,,,,,,,,,149481.087877057,256.147313439819,5.54575272209995,11.9149251613162
87.44,356.0976,-2.6407,524.851984915477,,,,,,,,,134413.322710928,256.097579077602,5.54555854012527,11.8086748294718
87.46,356.0417,-2.8920,574.929215607546,,,,,,,,,147205.845090773,256.041684949365,5.54534026305736,11.8995871929857
87.48,355.9819,-2.9088,578.391520476762,,,,,,,,,148057.758969877,255.981897604298,5.54510672949611,11.9053577399233
87.50,355.9253,-3.1574,627.958830681571,,,,,,,,,160710.573481013,255.925334000928,5.54488573787845,11.9873603459582
87.52,355.8556,-3.4698,690.295336183108,,,,,,,,,176615.929806279,255.855603462211,5.54461323636836,12.0817327658375
87.54,355.7865,-3.0968,616.257856069514,,,,,,,,,157630.465158884,255.786540660511,5.5443432711088,11.9680087445703
87.56,355.7317,-2.8173,560.753331000562,,,,,,,,,143402.419338106,255.731729818226,5.54412896461905,11.8734100782613
87.58,355.6738,-2.7866,554.758729040877,,,,,,,,,141837.299022684,255.673848103132,5.54390260136515,11.8624358981435
87.60,355.6203,-2.8746,572.40345042999,,,,,,,,,146317.92294975,255.620267208095,5.54369301203631,11.8935370877053
87.62,355.5589,-3.2212,641.579490547716,,,,,,,,,163961.326027984,255.558864401994,5.54345277215718,12.0073858620946
87.64,355.4914,-2.9754,592.767373514053,,,,,,,,,151446.977080312,255.49141846742,5.54318882186803,11.9279908564035
87.66,355.4399,-2.6350,525.07285493649,,,,,,,,,134124.531326119,255.439850042032,5.54298696134885,11.8065239856202
87.68,355.3860,-2.6723,532.605569328115,,,,,,,,,136020.014941823,255.386016923205,5.54277619238625,11.8205573225798
87.70,355.3330,-2.5477,507.883906038263,,,,,,,,,129679.500524271,255.332958935109,5.54256841475982,11.7728213048003
87.72,355.2841,-2.8971,577.645719127782,,,,,,,,,147463.772435913,255.284108499197,5.5423770759301,11.9013378139908
87.74,355.2171,-3.3852,675.150628077673,,,,,,,,,172309.968327126,255.217074770021,5.54211445663847,12.0570502753238
87.76,355.1487,-3.4088,680.022915853226,,,,,,,,,173506.962264415,255.148698991586,5.54184650850261,12.0639730058891
87.78,355.0807,-3.2819,654.899348106109,,,,,,,,,167052.200259347,255.080724606677,5.54158006214665,12.0260616189603
87.80,355.0174,-2.9767,594.132373005956,,,,,,,,,151514.105670336,255.017421292438,5.54133186161868,11.9284340063323
87.82,354.9617,-3.1450,627.860697716762,,,,,,,,,160080.404165093,254.961657493822,5.54111317108349,11.9834314940239
87.84,354.8916,-3.4115,681.255101471186,,,,,,,,,173646.218060385,254.89162236788,5.5408384444939,12.0647752788414
87.86,354.8252,-3.2269,644.5715008099,,,,,,,,,164253.060252351,254.825197896538,5.54057781165199,12.0091635678467
87.88,354.7625,-3.3939,678.078033654407,,,,,,,,,172748.885134079,254.762544368342,5.54033191276819,12.0595942879713
87.90,354.6894,-3.5811,715.699656603115,,,,,,,,,182281.147229677,254.68944346687,5.54004493419623,12.113305539135
87.92,354.6193,-3.4439,688.466563138557,,,,,,,,,175296.873709214,254.619299026051,5.53976948460972,12.074236236804
87.94,354.5517,-3.1186,623.59779191605,,,,,,,,,158737.869757455,254.551686704536,5.53950390654732,11.9750095028588
87.96,354.4946,-3.3156,663.134636929302,,,,,,,,,168764.154416596,254.494555129969,5.53927944138045,12.0362574832415
87.98,354.4191,-3.5284,705.915509291519,,,,,,,,,179598.362903377,254.419063669005,5.53898276446426,12.0984783195714
88.00,354.3534,-3.2797,656.321143531697,,,,,,,,,166937.526195356,254.353418049366,5.53872470954831,12.0253749267694
88.02,354.2879,-3.4024,681.06219762775,,,,,,,,,173185.859717417,254.287876086283,5.53846699565759,12.0621206304232
88.04,354.2173,-3.3943,679.613884571588,,,,,,,,,172769.620522768,254.217320223935,5.53818949264164,12.0597143127363
88.06,354.1521,-3.2279,646.470792037219,,,,,,,,,164301.912851133,254.152105361744,5.53793292779228,12.0094609463869
88.08,354.0882,-2.8161,564.139472117113,,,,,,,,,143341.185181907,254.088203833661,5.53768146592566,11.8729829778401
88.10,354.0395,-2.5842,517.787799973962,,,,,,,,,131538.533578992,254.039460925126,5.53748961292467,11.7870551186937
88.12,353.9848,-2.9638,593.965400140571,,,,,,,,,150858.203848416,253.984834491559,5.53727455850987,11.9240956272544
88.14,353.9209,-2.9778,596.913020431524,,,,,,,,,151568.696892121,253.920909251649,5.53702283763042,11.928794245989
88.16,353.8657,-2.8062,562.637280357326,,,,,,,,,142834.320796402,253.865724478281,5.53680548345085,11.8694406417217
88.18,353.8087,-2.8969,580.959963863526,,,,,,,,,147452.671762336,253.808663133582,5.5365806883998,11.9012625338645
88.20,353.7498,-2.8453,570.743773778207,,,,,,,,,144826.146434822,253.749849036639,5.53634893542632,11.8832893119343
88.22,353.6949,-2.8239,566.575852251105,,,,,,,,,143737.376837773,253.694851742586,5.53613217370161,11.8757431415013
88.24,353.6369,-2.8504,572.031232438382,,,,,,,,,145088.224639616,253.636893253455,5.53590369011092,11.8850972821651
88.26,353.5808,-3.0533,612.882752040142,,,,,,,,,155415.319650395,253.580834397859,5.53568264556627,11.9538562941057
88.28,353.5148,-3.3085,664.27448040403,,,,,,,,,168403.385724819,253.514760377956,5.53542204767917,12.0341174858425
88.30,353.4485,-2.9265,587.72749558226,,,,,,,,,148958.649150106,253.448494871816,5.53516062634013,11.9114240239286
88.32,353.3977,-2.8051,563.467010603601,,,,,,,,,142781.245339119,253.39770146644,5.53496019707416,11.8690689851022
88.34,353.3363,-3.1506,633.02458405431,,,,,,,,,160368.099896209,253.336290463011,5.53471781742445,11.9852270761831
88.36,353.2717,-3.2326,649.655490272904,,,,,,,,,164539.335140692,253.271676456661,5.53446273258205,12.0109049399994
88.38,353.2070,-3.1683,636.909227300254,,,,,,,,,161269.86675235,253.206987494818,5.53420728663023,11.9908344317347
88.40,353.1449,-2.9991,603.027251630411,,,,,,,,,152653.299117728,253.14494279487,5.53396222110743,11.9359246102304
88.42,353.0870,-2.9168,586.61341195853,,,,,,,,,148464.243344884,253.08702514865,5.53373340250196,11.9080994226751
88.44,353.0283,-3.1162,626.87536098802,,,,,,,,,158617.18960804,253.028272411349,5.53350123114556,11.9742489657149
88.46,352.9624,-2.9776,599.151042636202,,,,,,,,,151562.671381375,252.962376088866,5.53324076655773,11.928754490877
88.48,352.9092,-3.0823,620.34453523131,,,,,,,,,156890.819740989,252.90916713321,5.53303040107437,11.9633054267543
88.50,352.8391,-3.2248,649.200171952169,,,,,,,,,164143.176610391,252.839083694027,5.5327532535429,12.0084943540511
88.52,352.7802,-3.0236,608.838583095183,,,,,,,,,153902.323877175,252.780175485551,5.53252023944119,11.9440734196296
88.54,352.7181,-3.0826,620.861949507105,,,,,,,,,156903.076954389,252.718139803789,5.53227479576632,11.9633835494555
88.56,352.6569,-3.0378,611.997667845516,,,,,,,,,154625.417321681,252.656873458401,5.53203233682363,11.9487608086188
88.58,352.5966,-3.1338,631.484246130746,,,,,,,,,159510.791000461,252.596627671746,5.53179385935913,11.9798668540938
88.60,352.5315,-3.2750,660.11142937426,,,,,,,,,166698.944057353,252.53152216342,5.53153608117469,12.0239447343298
88.62,352.4656,-2.8845,581.559419407756,,,,,,,,,146823.763794914,252.465627578408,5.53127511104676,11.8969882607736
88.64,352.4161,-3.0012,605.203735831582,,,,,,,,,152763.191485969,252.416140948079,5.53107907849588,11.9366442332786
88.66,352.3456,-3.2781,661.229420080437,,,,,,,,,166858.320778388,252.345578873502,5.53079949281311,12.0249003527496
88.68,352.2850,-3.1526,636.051682335386,,,,,,,,,160466.308605989,252.285015608804,5.53055946271723,11.9858392842894
88.70,352.2195,-3.1200,629.656499157027,,,,,,,,,158811.632709682,252.219476686569,5.53029964769634,11.9754740789516
88.72,352.1602,-3.0843,622.583471688138,,,,,,,,,156990.781295748,252.160213746226,5.53006465433027,11.963942364745
88.74,352.0961,-3.1567,637.356333837585,,,,,,,,,160675.049727333,252.096105737105,5.52981038678026,11.9871392797296
88.76,352.0339,-3.1104,628.173846254066,,,,,,,,,158321.1342005,252.033947520423,5.52956379082116,11.9723807442256
88.78,351.9717,-3.1113,628.505619381276,,,,,,,,,158365.622670142,251.97168933198,5.52931673727966,11.9726617062108
88.80,351.9095,-3.3152,669.864357077128,,,,,,,,,168745.192682894,251.909496154107,5.5290698807588,12.0361451205239
88.82,351.8391,-3.2297,652.763323958283,,,,,,,,,164391.315745077,251.839081197496,5.52879031686428,12.0100049362739
88.84,351.7803,-2.9167,589.653502906295,,,,,,,,,148463.141463466,251.780309506715,5.52855691961178,11.9080920007835
88.86,351.7224,-3.0130,609.249621120928,,,,,,,,,153361.783943618,251.722411679888,5.52832693941646,11.9405550100437
88.88,351.6598,-3.2147,650.195593587327,,,,,,,,,163628.086800476,251.659790398902,5.52807813728937,12.005351368125
88.90,351.5938,-3.2432,656.143936035262,,,,,,,,,165081.762496094,251.593824814717,5.52781598086339,12.0141961604275
88.92,351.5301,-3.2269,653.0042188773,,,,,,,,,164250.191115247,251.530061165056,5.5275625098922,12.0091460999093
88.94,351.4647,-3.2668,661.241695929523,,,,,,,,,166278.977141463,251.464749069885,5.52730281697208,12.0214222419251
88.96,351.3994,-3.4834,705.284378944875,,,,,,,,,177308.063420518,251.399391102034,5.52704287412471,12.0856439699933
88.98,351.3254,-3.3749,683.508806542061,,,,,,,,,171783.132285,251.325411817396,5.52674856087522,12.0539881014362
89.00,351.2644,-3.1775,643.691694542476,,,,,,,,,161736.804586891,251.264395607668,5.52650575368285,11.9937256299744
89.02,351.1983,-3.2881,666.27161729569,,,,,,,,,167366.305074011,251.198311213269,5.52624271169433,12.0279401328704
89.04,351.1329,-3.3102,670.911994702563,,,,,,,,,168488.055464796,251.132871069763,5.52598216587841,12.0346201388126
89.06,351.0659,-3.1871,646.151836366609,,,,,,,,,162226.69566149,251.065905149648,5.52571547498355,11.9967499919636
89.08,351.0054,-2.9009,588.271026703834,,,,,,,,,147659.195827767,251.005385485534,5.52547439501927,11.9026621664908
89.10,350.9499,-2.9890,606.252897845568,,,,,,,,,152139.084332127,250.949867411407,5.52525318775415,11.9325504099459
89.12,350.8858,-2.9706,602.686551569655,,,,,,,,,151205.51405349,250.885827234216,5.5249979640695,11.9263952106703
89.14,350.8310,-2.6634,540.483088639335,,,,,,,,,135569.936741747,250.83104280477,5.52477957623789,11.8172429244638
89.16,350.7793,-2.8571,579.898646916424,,,,,,,,,145426.570841577,250.779289820513,5.52457322887591,11.8874265704506
89.18,350.7168,-3.0802,625.333216040168,,,,,,,,,156781.517577849,250.716759571233,5.52432385403166,11.9626085073607
89.20,350.6561,-3.2712,664.280054112817,,,,,,,,,166505.836591915,250.6560833206,5.52408181359493,12.0227856423943
89.22,350.5859,-3.3510,680.66837274442,,,,,,,,,170565.904430338,250.585911231082,5.52380182073424,12.0468770372681
89.24,350.5220,-3.2871,667.865124465681,,,,,,,,,167314.936353088,250.522044382759,5.52354691818099,12.0276331618487
89.26,350.4544,-3.3673,684.33562788552,,,,,,,,,171394.887599636,250.454427061202,5.52327697607464,12.0517254573943
89.28,350.3874,-3.3399,678.947102129043,,,,,,,,,169999.768401165,250.387353989846,5.52300913471517,12.0435523536854
89.30,350.3208,-3.4547,702.488690488699,,,,,,,,,175847.554190566,250.320833020436,5.52274342717722,12.0773727293071
89.32,350.2492,-3.2788,666.896297935419,,,,,,,,,166890.241350578,250.249164476153,5.52245707943313,12.025091637902
89.34,350.1897,-3.1704,645.00515940027,,,,,,,,,161373.636103415,250.189682596432,5.52221936055759,11.9914776763916
89.36,350.1223,-3.1608,643.237547202681,,,,,,,,,160888.086443326,250.122349267386,5.5219501952161,11.9884642870031
89.38,350.0632,-2.8680,583.772714070484,,,,,,,,,145980.10153237,250.063248956073,5.52171388168849,11.8912256005278
89.40,350.0076,-2.6475,539.028579571407,,,,,,,,,134761.258242936,250.007631042658,5.52149144156703,11.8112600343939
89.42,349.9573,-2.7004,549.894919558827,,,,,,,,,137450.275244275,249.957347041049,5.52129029147059,11.8310174960961
89.44,349.8996,-2.8052,571.368086266309,,,,,,,,,142784.665334327,249.899615968009,5.52105930109707,11.8690929375074
89.46,349.8451,-2.8405,578.688868024137,,,,,,,,,144582.601215899,249.845139944646,5.52084128570847,11.8816062579258
89.48,349.7860,-2.8915,589.22104283117,,,,,,,,,147179.165028077,249.785995966625,5.52060453513772,11.8994059333301
89.50,349.7295,-2.8846,587.948829311546,,,,,,,,,146828.155080052,249.729479437826,5.52037824973987,11.8970181688712
89.52,349.6706,-2.6703,544.400169544695,,,,,,,,,135920.723122265,249.6706113004,5.52014249432537,11.8198270765367
89.54,349.6227,-2.6984,550.225104059705,,,,,,,,,137348.657573161,249.622666359217,5.51995044310627,11.8302779177091
89.56,349.5627,-2.9127,594.070084232412,,,,,,,,,148257.7200012,249.562676081831,5.51971009038525,11.9067073897112
89.58,349.5062,-3.0306,618.249756536555,,,,,,,,,154257.121605868,249.506158271729,5.51948359733879,11.9463761099457
89.60,349.4415,-3.3724,688.17357980909,,,,,,,,,171659.017921427,249.441453374377,5.51922423184147,12.0532653341876
89.62,349.3713,-3.3359,680.904922523891,,,,,,,,,169798.118682723,249.371260312434,5.51894279129082,12.042365473191
89.64,349.3080,-2.9909,610.647241568255,,,,,,,,,152239.253370244,249.308017799713,5.5186891512627,11.9332085976638
89.66,349.2516,-2.9054,593.320085886676,,,,,,,,,147885.994569524,249.251623343441,5.51846292173324,11.9041969489447
89.68,349.1918,-3.1328,639.919480655977,,,,,,,,,159462.688412093,249.19180183205,5.51822288842692,11.9795652453907
89.70,349.1263,-3.0683,626.901134216343,,,,,,,,,156177.566207972,249.126309849801,5.51796003632065,11.958748883845
89.72,349.0691,-2.9679,606.519747255265,,,,,,,,,151065.309352956,249.069069946337,5.51773024734212,11.9254675345618
89.74,349.0076,-3.0598,625.466975026202,,,,,,,,,155746.027467647,249.0075954228,5.5174833997055,11.9559819304987
89.76,348.9467,-2.8417,581.02701640899,,,,,,,,,144644.745089523,248.946677184639,5.51723872567893,11.8820359812931
89.78,348.8939,-2.5951,530.712276417355,,,,,,,,,132091.06236478,248.893926585755,5.51702680805436,11.7912468301199
89.80,348.8429,-2.7288,558.173018310222,,,,,,,,,138897.377863897,248.84287363869,5.51682166771826,11.8414906506945
89.82,348.7848,-2.8133,575.591668643928,,,,,,,,,143198.443377071,248.784774307872,5.51658816248067,11.8719866631778
89.84,348.7303,-3.0807,630.447172702844,,,,,,,,,156811.34048559,248.730341375488,5.51636934326942,11.9627987088086
89.86,348.6615,-3.1591,646.666247234351,,,,,,,,,160801.02773033,248.661544371676,5.51609271228197,11.9879230270644
89.88,348.6040,-3.4038,696.90475855772,,,,,,,,,173253.293975359,248.603976150077,5.51586117311635,12.0625099297162
89.90,348.5254,-3.5238,721.716887792544,,,,,,,,,179364.973572591,248.525393553143,5.51554502765251,12.0971779674743
89.92,348.4630,-3.1166,638.46017269765,,,,,,,,,158633.744240347,248.463022478099,5.5152940315594,11.974353328732
89.94,348.4007,-3.5825,734.108412484365,,,,,,,,,182353.066649621,248.400731483928,5.51504329483731,12.1137000134775
89.96,348.3197,-3.5973,737.361902545819,,,,,,,,,183101.501634572,248.31972061805,5.51471711190583,12.1177959318009
89.98,348.2568,-3.3534,687.557863166471,,,,,,,,,170690.943435829,248.256841467467,5.51446386132688,12.0476098519317
90.00,348.1856,-3.5311,724.196088790281,,,,,,,,,179735.028805819,248.18558341851,5.51417678654893,12.0992389831344
90.02,348.1156,-3.1824,652.864692159697,,,,,,,,,161985.912847713,248.115596988188,5.51389475445411,11.9952646527033
90.04,348.0583,-2.9524,605.827083803004,,,,,,,,,150280.428658525,248.058287053062,5.51366374698989,11.9202583520829
90.06,347.9975,-2.7843,571.474569241038,,,,,,,,,141724.264118697,247.997499358401,5.51341866288189,11.8616386468608
90.08,347.9469,-2.8543,585.956353674249,,,,,,,,,145286.069205192,247.946913271225,5.51321466386078,11.8864599688793
90.10,347.8833,-3.1660,650.110006591436,,,,,,,,,161151.431049426,247.883326537845,5.51295817795644,11.9900997674364
90.12,347.8203,-2.5120,515.937335053146,,,,,,,,,127859.731059663,247.820272681938,5.51270377651031,11.7586890909215
90.14,347.7828,-2.4867,510.834945070136,,,,,,,,,126576.137637668,247.782848176703,5.51255275040199,11.7485992846521
90.16,347.7208,-2.8887,593.558388074285,,,,,,,,,147036.760539306,247.720803030593,5.51230231775116,11.8984379061941
90.18,347.6673,-2.7114,557.243981709168,,,,,,,,,138011.112156123,247.667299578217,5.5120863115439,11.835089483768
90.20,347.6123,-2.7425,563.76953284099,,,,,,,,,139596.297319668,247.61234722317,5.51186440718894,11.8465099454606
90.22,347.5576,-2.9341,603.279388953275,,,,,,,,,149346.396485735,247.55759805562,5.51164327435043,11.9140236953701
90.24,347.4950,-3.1295,643.61465309613,,,,,,,,,159291.398013418,247.494983601043,5.51139031352473,11.9784904957799
90.26,347.4324,-3.2089,660.121604236694,,,,,,,,,163335.485482838,247.43241917026,5.51113749086522,12.0035615577574
90.28,347.3666,-3.3330,685.818617530857,,,,,,,,,169648.637930302,247.36662667614,5.51087155464299,12.0414847414758
90.30,347.2991,-3.7063,762.855242365998,,,,,,,,,188653.415679683,247.299101064802,5.51059853952199,12.1476668311373
90.32,347.2184,-3.7517,772.449047444134,,,,,,,,,190963.597272998,247.218373697081,5.51027205007497,12.1598380986704
90.34,347.1490,-3.4180,703.937832396302,,,,,,,,,173977.554310731,247.149032633304,5.50999152565793,12.0666815716615
90.36,347.0817,-3.5198,725.105402561487,,,,,,,,,179160.241986013,247.081653719744,5.50971886385914,12.0960358909902
90.38,347.0082,-3.8019,783.458245259375,,,,,,,,,193520.642156947,247.00823984931,5.50942169578536,12.173139463576
90.40,346.9296,-3.7914,781.530484886406,,,,,,,,,192982.99113801,246.929575838695,5.50910317791213,12.1703573351848
90.42,346.8566,-3.5456,731.088572708396,,,,,,,,,180474.028011472,246.856584480437,5.50880753836346,12.1033421572689
90.44,346.7878,-3.2560,671.545849237866,,,,,,,,,165729.289570331,246.787750618095,5.50852865797167,12.0181109504393
90.46,346.7263,-3.2076,661.737914701001,,,,,,,,,163268.17796092,246.726346388496,5.50827981308441,12.0031493913894
90.48,346.6594,-3.2347,667.50616304748,,,,,,,,,164646.700770502,246.659446586699,5.50800862650725,12.011557249769
90.50,346.5970,-3.1894,658.331261377147,,,,,,,,,162342.48710131,246.596959047198,5.50775525913433,11.9974635005213
90.52,346.5319,-3.1086,641.828610012672,,,,,,,,,158231.207451031,246.531870007955,5.50749127521863,11.9718125806706
90.54,346.4726,-3.0563,631.163941724451,,,,,,,,,155564.62614441,246.472613310862,5.50725088512327,11.9548165264776
90.56,346.4096,-2.8605,590.881907579533,,,,,,,,,145598.986193484,246.409619800191,5.50699527229415,11.8886114517636
90.58,346.3582,-2.7334,564.744719904911,,,,,,,,,139129.489597186,246.358194585002,5.50678655243106,11.8431603582975
90.60,346.3003,-2.8624,591.543500586329,,,,,,,,,145697.332853924,246.300285117681,5.50655146272908,11.8892866862774
90.62,346.2437,-2.8609,591.373365458294,,,,,,,,,145621.964748355,246.243698573579,5.50632169017586,11.8887692601551
90.64,346.1858,-2.7843,575.675145869348,,,,,,,,,141723.074150737,246.18584833416,5.50608673173339,11.8616302504654
90.66,346.1323,-2.4737,511.556822861369,,,,,,,,,125910.670552321,246.132325726877,5.50586930076978,11.7433279706294
90.68,346.0869,-2.4312,502.87076297433,,,,,,,,,123749.907985212,246.086901639039,5.50568473224648,11.7260179368768
90.70,346.0351,-2.6815,554.751975368101,,,,,,,,,136488.445010817,246.035077063495,5.50547411545642,11.8239952380886
90.72,345.9796,-2.9039,600.898318594887,,,,,,,,,147808.753537013,245.97964241711,5.50524877810604,11.9036745112974
90.74,345.9189,-2.8830,596.725926418016,,,,,,,,,146746.196432182,245.918921795572,5.50500189541003,11.896459818664
90.76,345.8643,-2.6146,541.298827512782,,,,,,,,,133086.069311325,245.864322157954,5.50477984783719,11.7987513355797
90.78,345.8143,-2.6213,542.797122572929,,,,,,,,,133427.314444404,245.814336325037,5.50457652059397,11.8013121474591
90.80,345.7595,-2.6917,557.480980264463,,,,,,,,,137006.229420076,245.759468520489,5.5043532873613,11.8277816739961
90.82,345.7067,-2.6384,546.559511486505,,,,,,,,,134293.317635168,245.706670203074,5.5041384269123,11.8077816242754
90.84,345.6539,-2.8212,584.556456698611,,,,,,,,,143598.593429425,245.653934335828,5.5039237745085,11.8747771404886
90.86,345.5938,-3.1221,647.075271860493,,,,,,,,,158917.690097265,245.593823482605,5.50367904727029,11.9761416748195
90.88,345.5290,-3.2160,666.715489007586,,,,,,,,,163698.020055091,245.529049128224,5.50341526662244,12.0057786683263
90.90,345.4652,-3.0501,632.468198763343,,,,,,,,,155248.921303933,245.4651816605,5.50315511094614,11.9527850516488
90.92,345.4070,-3.0718,637.122189914321,,,,,,,,,156354.275215619,245.407047016594,5.50291824831354,11.959879706392
90.94,345.3423,-3.1296,649.295295718248,,,,,,,,,159299.608313404,245.342310908301,5.50265442276747,11.9785420370966
90.96,345.2819,-3.0887,640.962697267227,,,,,,,,,157216.523652617,245.281861679184,5.50240800511094,11.9653792657473
90.98,345.2188,-3.1885,661.839559650796,,,,,,,,,162295.477830542,245.218762559574,5.50215072054558,11.9971738900864
91.00,345.1543,-3.3298,691.360883423487,,,,,,,,,169490.108662457,245.154322042599,5.50188789813803,12.0405498481262
91.02,345.0856,-3.3497,695.674407872171,,,,,,,,,170499.7581158,245.085569034083,5.50160741093078,12.046489157029
91.04,345.0203,-2.9459,611.989770113964,,,,,,,,,149949.938542363,245.020335085731,5.50134120745031,11.9180567743229
91.06,344.9677,-2.7799,577.622773905962,,,,,,,,,141498.940366646,244.967731119415,5.50112649215357,11.8600475074625
91.08,344.9091,-2.7127,563.793267319936,,,,,,,,,138078.123320499,244.909138374197,5.50088727797896,11.8355749149771
91.10,344.8592,-2.4869,516.965584145101,,,,,,,,,126583.791071285,244.859222651378,5.50068344397512,11.7486597478831
91.12,344.8097,-2.7054,562.498726041121,,,,,,,,,137705.123396039,244.809662708414,5.50048102170728,11.8328698909675
91.14,344.7510,-2.8084,584.051135647708,,,,,,,,,142947.103767245,244.751007304724,5.50024139704964,11.8702299370852
91.16,344.6973,-2.4916,518.278275324583,,,,,,,,,126821.30911166,244.697327960034,5.50002205073242,11.750534359797
91.18,344.6513,-2.4613,512.070592148049,,,,,,,,,125278.759096683,244.651344985776,5.49983411531158,11.7382966061363
91.20,344.5989,-2.7792,578.350287413381,,,,,,,,,141463.831306405,244.598877851499,5.49961963555448,11.8597993542498
91.22,344.5402,-2.7313,568.517457622323,,,,,,,,,139025.359069081,244.54017586464,5.49937961388091,11.8424116348187
91.24,344.4896,-2.7797,578.696809680105,,,,,,,,,141485.365987267,244.489624999795,5.49917287447593,11.8599515701325
91.26,344.4290,-2.8581,595.174777269963,,,,,,,,,145477.969574744,244.42898982051,5.49892483654995,11.8877799422723
91.28,344.3753,-2.9108,606.293253873543,,,,,,,,,148163.096636762,244.375301374647,5.49870516398551,11.9060689502877
91.30,344.3126,-3.2170,670.23343083791,,,,,,,,,163746.442666749,244.31255609264,5.49844837314697,12.006074429089
91.32,344.2466,-3.2273,672.570307344816,,,,,,,,,164273.025289994,244.246621499711,5.49817845868684,12.0092851109359
91.34,344.1835,-3.4038,709.536105133285,,,,,,,,,173256.982851817,244.183462403609,5.49791983785846,12.0625312213009
91.36,344.1105,-3.4007,709.095800226392,,,,,,,,,173097.707495716,244.110467782281,5.49762085965144,12.0616114972621
91.38,344.0474,-3.1984,667.09292146298,,,,,,,,,162802.315624179,244.047433852457,5.49736260743443,12.0002919561852
91.40,343.9825,-3.4975,729.661575033909,,,,,,,,,178024.67700968,243.982529848042,5.49709662374644,12.0896774545511
91.42,343.9075,-3.5230,735.198774893543,,,,,,,,,179320.519780002,243.907533450348,5.49678919220017,12.0969300968822
91.44,343.8416,-3.5405,739.048166419766,,,,,,,,,180210.695587691,243.841611110005,5.49651887971893,12.1018819763777
91.46,343.7659,-3.6096,753.725538650136,,,,,,,,,183732.595715376,243.765915169104,5.49620840074791,12.1212366953939
91.48,343.6972,-3.5440,740.218684865408,,,,,,,,,180389.239505357,243.69722514929,5.49592657422776,12.1028722368569
91.50,343.6242,-3.7992,793.762727968578,,,,,,,,,193379.77512552,243.624156579414,5.49562669585935,12.1724112811737
91.52,343.5453,-3.9362,822.647175012394,,,,,,,,,200351.818455342,243.545257968367,5.49530278959848,12.2078301924161
91.54,343.4667,-3.9673,829.420792786333,,,,,,,,,201936.351981608,243.46671042961,5.49498022036185,12.2157078375323
91.56,343.3866,-3.7254,779.110805536466,,,,,,,,,189625.103972538,243.386566615476,5.49465098846125,12.1528042649568
91.58,343.3177,-3.2955,689.401282120946,,,,,,,,,167743.530103515,243.31769385089,5.49436797156315,12.0301914854077
91.60,343.2547,-3.2477,679.578586599266,,,,,,,,,165310.716222807,243.254745635897,5.49410923017035,12.0155821106419
91.62,343.1878,-3.4504,722.192015129934,,,,,,,,,175628.27628324,243.187784694132,5.49383392142158,12.0761249738897
91.64,343.1167,-3.4424,720.727940512992,,,,,,,,,175221.018993819,243.11672844139,5.49354169195906,12.0738034217143
91.66,343.0501,-3.2097,672.19713342209,,,,,,,,,163377.572123789,243.050087542102,5.49326754367285,12.003819194483
91.68,342.9883,-3.0303,634.768661400871,,,,,,,,,154241.382329339,242.98833844277,5.49301345224155,11.9462740720017
91.70,342.9289,-2.8113,589.04392954312,,,,,,,,,143095.780427349,242.928877203332,5.49276871409348,11.8712694782289
91.72,342.8759,-2.7724,581.031924732114,,,,,,,,,141118.644011587,242.875886857078,5.49255055918688,11.857356262433
91.74,342.8180,-3.0693,643.394466842554,,,,,,,,,156227.744361794,242.817979347069,5.49231210647289,11.9590701213691
91.76,342.7531,-3.2282,676.885162681554,,,,,,,,,164315.982103032,242.753115538944,5.49204494144106,12.0095465732022
91.78,342.6889,-3.2089,673.01098247116,,,,,,,,,163332.262652351,242.688851900496,5.49178017801666,12.0035418262075
91.80,342.6248,-3.0265,634.927365689919,,,,,,,,,154049.100446019,242.624761146698,5.49151605703407,11.945026664644
91.82,342.5678,-3.1604,663.179451589199,,,,,,,,,160865.975713527,242.567792666131,5.49128122869476,11.9883268483042
91.84,342.4983,-3.2062,672.988919670946,,,,,,,,,163198.699144143,242.49834488202,5.49099488512546,12.0027237505499
91.86,342.4395,-3.0261,635.334669465505,,,,,,,,,154030.24706629,242.439543234549,5.49075237304629,11.9449042716313
91.88,342.3773,-3.3253,698.32656370769,,,,,,,,,169258.507353459,242.377300463553,5.49049560485786,12.0391824545243
91.90,342.3065,-3.3270,698.882523708661,,,,,,,,,169343.800394373,242.306531712569,5.49020358458902,12.0396862493347
91.92,342.2442,-3.2153,675.5896239418,,,,,,,,,163657.682785071,242.244221914175,5.48994639873895,12.0055322252684
91.94,342.1779,-3.0643,644.044829388909,,,,,,,,,155973.438191833,242.177921589442,5.48967266919939,11.9574410037334
91.96,342.1217,-2.8652,602.348187119425,,,,,,,,,145841.53720618,242.12165044213,5.48944028762891,11.8902759496575
91.98,342.0633,-2.8989,609.570047975649,,,,,,,,,147554.544864586,242.063312255264,5.48919931282943,11.9019531820965
92.00,342.0057,-3.0413,639.670523138423,,,,,,,,,154803.9094871,242.005694943677,5.48896125870491,11.9499144949035
92.02,341.9417,-3.2324,680.043357134925,,,,,,,,,164530.818598892,241.941659855444,5.48869662211594,12.010853178746
92.04,341.8764,-3.2245,678.565959988346,,,,,,,,,164129.090660808,241.876398668195,5.48842684637485,12.0084085353512
92.06,341.8127,-3.1207,656.897250156622,,,,,,,,,158846.084070202,241.812679277207,5.48816337384979,11.9756909876481
92.08,341.7516,-2.9563,622.435371453998,,,,,,,,,150474.728105769,241.751569732071,5.48791062751634,11.921550429508
92.10,341.6944,-2.8620,602.741090114152,,,,,,,,,145679.163584371,241.694428957516,5.48767423803344,11.8891619729268
92.12,341.6371,-3.2552,685.694850829962,,,,,,,,,165689.307010419,241.637087998939,5.4874369642086,12.017869669108
92.14,341.5642,-3.5306,743.93135056336,,,,,,,,,179707.198132866,241.564222285804,5.48713536852938,12.0990841283571
92.16,341.4959,-3.5977,758.301183358491,,,,,,,,,183126.600501685,241.495865390349,5.48685235240921,12.1179329986562
92.18,341.4203,-3.5290,744.053793258827,,,,,,,,,179629.699319165,241.420312545439,5.48653944988501,12.0986527848716
92.20,341.3547,-3.2297,681.132947376486,,,,,,,,,164394.640683512,241.354703684075,5.48626765097429,12.0100251618241
92.22,341.2911,-3.2710,690.019215847159,,,,,,,,,166495.511680099,241.291123285149,5.48600418490563,12.022723631163
92.24,341.2239,-3.3336,703.422101309985,,,,,,,,,169682.196919555,241.223863457738,5.4857253963511,12.0416825365826
92.26,341.1578,-3.3475,706.53999999876,,,,,,,,,170387.617038291,241.157778807414,5.48545140312687,12.0458312207737
92.28,341.0900,-3.1491,664.863677851248,,,,,,,,,160291.96057477,241.089964626753,5.48517016103903,11.984752184968
92.30,341.0318,-2.9683,626.837167298921,,,,,,,,,151087.699285752,241.031813631597,5.48492893154864,11.9256157371757
92.32,340.9712,-3.1134,657.638399369695,,,,,,,,,158471.935704271,240.97123260466,5.48467755958023,11.9733327948195
92.34,340.9073,-3.1363,662.659492512588,,,,,,,,,159639.495058758,240.907278719357,5.4844121238566,11.9806733961582
92.36,340.8458,-2.8140,594.710580738309,,,,,,,,,143233.533791966,240.845780167805,5.48415681234066,11.872231680619
92.38,340.7947,-2.9118,615.506405125116,,,,,,,,,148210.691791193,240.794718880408,5.4839447816344,11.9063901335819
92.40,340.7293,-3.1853,673.510106978231,,,,,,,,,162133.622682548,240.72930903736,5.48367310321481,11.9961761056018
92.42,340.6673,-2.9827,630.822558529913,,,,,,,,,151818.36600136,240.667306437427,5.48341550854844,11.9304401247764
92.44,340.6100,-3.1519,666.779641672636,,,,,,,,,160433.851464519,240.61000282202,5.48317737716524,11.985636996191
92.46,340.5412,-3.5933,760.37322556015,,,,,,,,,182901.110750449,240.541229756886,5.48289150835334,12.1167009073537
92.48,340.4663,-3.6801,778.983674489237,,,,,,,,,187319.298815312,240.466270282408,5.48257983140411,12.1405699200453
92.50,340.3940,-3.5645,754.748393905689,,,,,,,,,181437.004417725,240.394025191389,5.48227934873901,12.1086637893418
92.52,340.3237,-3.4811,737.2907514564,,,,,,,,,177188.432745652,240.32368830837,5.48198671594622,12.0849690370633
92.54,340.2548,-3.6718,777.897640808853,,,,,,,,,186893.628072317,240.254781950471,5.48169995171255,12.1382949001515
92.56,340.1768,-3.9106,828.762441789136,,,,,,,,,199049.5263586,240.176818255532,5.48137539481167,12.201308948916
92.58,340.0984,-3.8954,825.817146181345,,,,,,,,,198277.341801321,240.098359204787,5.48104866940455,12.1974220457572
92.60,340.0210,-3.5892,761.139833989726,,,,,,,,,182689.54586737,240.021002329824,5.48072642922084,12.1155435205175
92.62,339.9548,-3.3394,708.362754327574,,,,,,,,,169975.038029106,239.954792923094,5.48045054277905,12.0434068701282
92.64,339.8874,-3.3544,711.751386988954,,,,,,,,,170740.209403328,239.88742772338,5.48016976215051,12.0478984370092
92.66,339.8206,-3.3285,706.460714649571,,,,,,,,,169423.844479154,239.820617007974,5.47989121474413,12.0401588097311
92.68,339.7543,-3.3147,703.728646174983,,,,,,,,,168721.959292484,239.754286271489,5.47961459169128,12.0360074277718
92.70,339.6880,-3.2692,694.242205123687,,,,,,,,,166401.544497458,239.688027131412,5.47933819080364,12.0221590891619
92.72,339.6235,-3.2059,680.997261437977,,,,,,,,,163182.960820613,239.62351988911,5.47906902456681,12.0026273093249
92.74,339.5598,-3.1311,665.271884899278,,,,,,,,,159372.393084458,239.559790067766,5.47880303107164,11.9789988376439
92.76,339.4983,-3.0215,642.150314267665,,,,,,,,,153793.894069374,239.498277353905,5.4785462241483,11.9433686348064
92.78,339.4389,-3.5452,753.650946860083,,,,,,,,,180453.377354916,239.438931386916,5.47829840056638,12.1032277261879
92.80,339.3565,-3.6563,777.537676018686,,,,,,,,,186108.672149912,239.356468361591,5.47795394017188,12.1340860409531
92.82,339.2927,-3.1319,666.188558019647,,,,,,,,,159414.044228328,239.292678190409,5.47768739766566,11.9792601482847
92.84,339.2312,-3.1685,674.154108589128,,,,,,,,,161278.691727608,239.231193094903,5.47743041948951,11.9908891520243
92.86,339.1659,-3.1191,663.816133670529,,,,,,,,,158762.207999021,239.165937593525,5.47715761057158,11.9751628145795
92.88,339.1064,-3.1920,679.515693491768,,,,,,,,,162476.57164916,239.106430072653,5.47690876692013,11.9982890958911
92.90,339.0383,-3.4591,736.584346516052,,,,,,,,,176071.837326357,239.038255644658,5.47662360458122,12.07864735737
92.92,338.9681,-3.3319,709.700435398137,,,,,,,,,169595.739284519,238.968064306424,5.47632992085442,12.0411728798812
92.94,338.9050,-3.2302,688.223215028405,,,,,,,,,164419.952809044,238.904979109514,5.4760658959292,12.0101791216914
92.96,338.8389,-2.9382,626.183857178593,,,,,,,,,149557.035564853,238.838855154642,5.47578907831042,11.9154331078519
92.98,338.7874,-3.0201,643.775195878529,,,,,,,,,153725.437369409,238.78744995701,5.47557382551852,11.9429234159593
93.00,338.7181,-3.5115,748.730796209806,,,,,,,,,178735.555848592,238.718050270377,5.47528314954897,12.0936626508498
93.02,338.6470,-3.4506,735.966720732309,,,,,,,,,175636.243314082,238.646990911924,5.47498543458098,12.0761703358912
93.04,338.5800,-3.3141,707.051929324156,,,,,,,,,168688.46825775,238.580026814993,5.47470479624793,12.0358089096935
93.06,338.5144,-3.2152,686.14294296645,,,,,,,,,163654.991124794,238.514427354238,5.47442980055014,12.0055157782409
93.08,338.4514,-3.1528,672.997689827061,,,,,,,,,160477.253993165,238.451418807103,5.47416559485068,11.9859074918403
93.10,338.3883,-3.2230,688.177015435141,,,,,,,,,164053.360208922,238.38831656589,5.47390092629686,12.0079470210135
93.12,338.3225,-3.3047,705.801762187996,,,,,,,,,168208.438875007,238.322497741517,5.47362478897077,12.0329591969331
93.14,338.2561,-3.3349,712.451905212719,,,,,,,,,169746.033917037,238.256130238511,5.47334627248036,12.042058680889
93.16,338.1891,-3.1988,683.583465412598,,,,,,,,,162822.132518964,238.189103097582,5.47306490901324,12.000413672444
93.18,338.1282,-3.0836,659.130319053027,,,,,,,,,156957.50110435,238.128176731198,5.47280908639544,11.9637303540835
93.20,338.0658,-3.0192,645.530668505451,,,,,,,,,153678.748104497,238.065758301302,5.47254693089256,11.9426196512907
93.22,338.0074,-3.0899,660.813043148127,,,,,,,,,157278.399927542,238.007408537616,5.47230180149631,11.9657727619286
93.24,337.9422,-3.0787,658.598247553139,,,,,,,,,156708.290469103,237.942161327205,5.47202762450383,11.9621413335758
93.26,337.8843,-2.8895,618.264994068887,,,,,,,,,147075.510340231,237.884259583107,5.47178425111454,11.8987014096585
93.28,337.8266,-3.0637,655.705605943198,,,,,,,,,155944.223241505,237.826582277252,5.47154176218613,11.9572536789741
93.30,337.7617,-3.0854,660.529572843005,,,,,,,,,157048.641451214,237.761711069584,5.4712689581286,11.9643108545073
93.32,337.7032,-2.9805,638.226726097981,,,,,,,,,151708.513328982,237.703165858479,5.47102269299213,11.9297162832675
93.34,337.6425,-3.1697,678.913379923375,,,,,,,,,161338.666901638,237.642491181787,5.47076740643961,11.9912609557919
93.36,337.5764,-3.4886,747.425023778069,,,,,,,,,177570.530073074,237.576378130202,5.4704891639022,12.0871231614984
93.38,337.5029,-3.5993,771.386789424502,,,,,,,,,183206.636282254,237.502947670307,5.47018003464108,12.1183699548142
93.40,337.4324,-3.5727,765.90252956782,,,,,,,,,181850.079969111,237.432405493849,5.46988297451907,12.1109378901682
93.42,337.3600,-3.8064,816.267049438372,,,,,,,,,193749.180388184,237.360041081521,5.4695781490594,12.1743197169521
93.44,337.2801,-4.0123,860.710387686498,,,,,,,,,204229.488189508,237.280148016403,5.46924150219423,12.2269995826586
93.46,337.1995,-3.7819,811.544626223753,,,,,,,,,192498.018255332,237.19954767128,5.46890176017099,12.1678411378795
93.48,337.1289,-3.7617,807.468110711836,,,,,,,,,191474.003692376,237.128873762679,5.46860376449572,12.1625073274342
93.50,337.0491,-4.1580,892.822851488513,,,,,,,,,211642.833885651,237.04907813773,5.46826720044679,12.2626553870515
93.52,336.9626,-3.9425,846.856405158919,,,,,,,,,200673.257134663,236.962554586813,5.46790213112821,12.2094332779473
93.54,336.8914,-3.6033,774.241478661224,,,,,,,,,183411.131857809,236.891379385865,5.46760172124922,12.1194855341152
93.56,336.8184,-3.8568,828.95086852353,,,,,,,,,196310.835975855,236.818421247945,5.46729369241638,12.1874545798406
93.58,336.7371,-4.1467,891.573331499206,,,,,,,,,211068.492814004,236.737108835553,5.4669502800475,12.2599379702765
93.60,336.6526,-3.9401,847.451756122497,,,,,,,,,200551.621984172,236.652553417073,5.46659304614012,12.2088269588452
93.62,336.5795,-3.4238,736.627319121662,,,,,,,,,174270.927021168,236.579505670472,5.46628432763393,12.0683664190941
93.64,336.5156,-3.6706,789.944523513309,,,,,,,,,186834.205230988,236.515602893271,5.46601417993452,12.1379768995289
93.66,336.4327,-3.9512,850.638857673217,,,,,,,,,201118.826801026,236.432682314976,5.46566352603963,12.2116511904788
93.68,336.3576,-3.7688,811.622853253457,,,,,,,,,191833.192358354,236.35755399121,5.46534571776599,12.1643814835931
93.70,336.2819,-3.9120,842.731166412617,,,,,,,,,199122.14690395,236.281930513599,5.46502571285427,12.2016737189437
93.72,336.2011,-3.8695,833.871648755916,,,,,,,,,196961.379161718,236.20107417679,5.46468345149547,12.1907629436364
93.74,336.1271,-3.6077,777.687962490781,,,,,,,,,183633.241188468,236.127148734985,5.46437042576962,12.1206957930053
93.76,336.0568,-3.3132,714.423739194663,,,,,,,,,168644.557637722,236.056766293667,5.46407231124433,12.0355485698103
93.78,335.9946,-3.3990,733.114703615322,,,,,,,,,173011.125664731,235.994619684388,5.46380900681823,12.0611111816129
93.80,335.9208,-3.9137,844.396891214605,,,,,,,,,199210.794975762,235.920805782706,5.46349617999248,12.2021188143097
93.82,335.8381,-3.7118,801.112602518173,,,,,,,,,188932.850195612,235.838070206025,5.46314542632683,12.149146940941
93.84,335.7723,-3.2526,702.196282302145,,,,,,,,,165558.455850107,235.772333210488,5.46286664962688,12.0170796189897
93.86,335.7080,-3.2967,711.922748286038,,,,,,,,,167805.863206405,235.707966363484,5.4625936081129,12.0305630140401
93.88,335.6405,-3.3624,726.309648835787,,,,,,,,,171147.942112097,235.640463246541,5.46230718255947,12.0502836200011
93.90,335.5735,-3.5376,764.359637081834,,,,,,,,,180062.852059982,235.57347003228,5.46202283946186,12.1010612470349
93.92,335.4990,-3.6944,798.501027022765,,,,,,,,,188046.162339387,235.498961147893,5.46170650218514,12.1444427560294
93.94,335.4257,-3.8244,826.855006980919,,,,,,,,,194662.914072714,235.425694262267,5.46139534036605,12.1790246959327
93.96,335.3460,-3.7780,817.100144291518,,,,,,,,,192301.238803891,235.345985614321,5.4610567106136,12.166818373594
93.98,335.2746,-3.7633,814.174017551945,,,,,,,,,191554.445668461,235.274574647354,5.46075323484758,12.1629273587786
94.00,335.1955,-3.7804,818.147830016621,,,,,,,,,192424.649391747,235.195452865575,5.46041688278306,12.1674599243494
94.02,335.1234,-3.8367,830.593927794268,,,,,,,,,195292.033479286,235.123358050432,5.4601103042919,12.1822513248361
94.04,335.0420,-3.9209,849.104077581579,,,,,,,,,199575.106116826,235.041982939543,5.45976414899457,12.2039459162279
94.06,334.9665,-3.8798,840.46765882741,,,,,,,,,197481.762882442,234.966522278753,5.45944304560771,12.193401519224
94.08,334.8868,-3.9353,852.797445157929,,,,,,,,,200310.856305049,234.886792218231,5.45910366283089,12.20762572041
94.10,334.8091,-3.7133,804.944949077096,,,,,,,,,189008.405738666,234.809108318988,5.45877287902008,12.1495467678606
94.12,334.7383,-3.6786,797.672355298352,,,,,,,,,187244.220948857,234.738260270813,5.45847110734185,12.1401690381468
94.14,334.6620,-3.7575,815.039109328573,,,,,,,,,191258.677115752,234.661962753309,5.4581460222037,12.1613821211995
94.16,334.5880,-3.4606,750.880549608899,,,,,,,,,176147.536299864,234.587959951302,5.45783061329667,12.0790771972956
94.18,334.5235,-3.6343,788.771900690594,,,,,,,,,184985.576429899,234.523537499166,5.45755595598006,12.1280331357772
94.20,334.4426,-3.9163,850.285683121868,,,,,,,,,199343.177227895,234.442589337735,5.45721073632515,12.2027831271317
94.22,334.3669,-3.7205,808.03534851568,,,,,,,,,189376.726784122,234.366883988426,5.45688776780905,12.1514935735362
94.24,334.2938,-3.8720,841.202189382523,,,,,,,,,197088.430554707,234.293767945823,5.45657574655062,12.1914077930654
94.26,334.2120,-3.9007,847.729687014173,,,,,,,,,198548.46746127,234.212002366682,5.45622669821375,12.1987885178757
94.28,334.1377,-4.0014,869.882868909046,,,,,,,,,203672.40808332,234.137738956457,5.45590957020323,12.2242681393501
94.30,334.0519,-4.3110,937.523079867044,,,,,,,,,219429.101953688,234.051946736934,5.45554308532283,12.2987844613892
94.32,333.9653,-4.1794,909.241881528147,,,,,,,,,212731.050452194,233.965300954528,5.45517281784306,12.2677839729138
94.34,333.8848,-4.1991,913.850676440066,,,,,,,,,213735.757455671,233.884772387854,5.45482856838342,12.2724957527927
94.36,333.7973,-4.1077,894.286004362219,,,,,,,,,209081.686388204,233.797337058087,5.45445465914456,12.25048029855
94.38,333.7205,-4.0408,880.010027331852,,,,,,,,,205676.353571975,233.720465885572,5.45412581103344,12.2340591131361
94.40,333.6357,-4.4273,964.551776810836,,,,,,,,,225353.73595743,233.635706631045,5.45376309300192,12.3254266064479
94.42,333.5434,-4.2723,931.138105066783,,,,,,,,,217461.132873304,233.543372019672,5.45336780726763,12.2897754141091
94.44,333.4648,-3.8960,849.414708666704,,,,,,,,,198308.447948307,233.464815154407,5.45303138119133,12.1975789154578
94.46,333.3875,-4.0822,890.302780014287,,,,,,,,,207785.568247999,233.387531649249,5.4527002978996,12.2442619050334
94.48,333.3015,-4.0526,884.174324914318,,,,,,,,,206279.220317476,233.301527204452,5.45233172510305,12.2369859684286
94.50,333.2254,-4.1937,915.263513218865,,,,,,,,,213462.724109339,233.225427460358,5.45200548566926,12.2712175020718
94.52,333.1338,-4.4048,961.713486710308,,,,,,,,,224207.898386094,233.133777870821,5.45161244275441,12.3203290181972
94.54,333.0492,-4.5637,996.769611928911,,,,,,,,,232296.394583397,233.049234049045,5.45124973617548,12.3557693981189
94.56,332.9512,-4.6228,1010.10346957925,,,,,,,,,235304.843774802,232.951228127962,5.45082911031571,12.3686371600318
94.58,332.8643,-4.3740,956.095265600033,,,,,,,,,222640.473995141,232.864320121295,5.45045596687728,12.3133135251732
94.60,332.7763,-4.5067,985.465773137751,,,,,,,,,229393.043409462,232.77626647455,5.45007776252684,12.3431921580627
94.62,332.6841,-4.7471,1038.44968024172,,,,,,,,,241630.679367901,232.684051972221,5.44968153324636,12.3951657211197
94.64,332.5864,-4.5285,991.041789482114,,,,,,,,,230502.823631048,232.586381399215,5.449261688926,12.34801839137
94.66,332.5029,-4.3610,954.726933038527,,,,,,,,,221976.791813849,232.502911704169,5.44890274840778,12.3103281140105
94.68,332.4119,-4.1399,906.679839786238,,,,,,,,,210723.221701715,232.411941299363,5.4485114061851,12.2583008058775
94.70,332.3373,-4.2018,920.518953343629,,,,,,,,,213870.90221429,232.337315204038,5.4481902605569,12.2731278512882
94.72,332.2439,-4.2268,926.369185171187,,,,,,,,,215143.565724207,232.243871199634,5.44778798853901,12.27906083182
94.74,332.1682,-3.8933,853.574791883565,,,,,,,,,198172.96139399,232.168244983765,5.44746230273582,12.1968954707545
94.76,332.0881,-3.9553,867.46077182384,,,,,,,,,201327.354714369,232.088137301099,5.44711720168167,12.2126874926806
94.78,332.0100,-3.7975,833.12955435648,,,,,,,,,193294.414741669,232.010032210383,5.44678061301752,12.17196977053
94.80,331.9362,-3.7527,823.555001605431,,,,,,,,,191012.248200011,231.936237200495,5.44646249423793,12.1600928316744
94.82,331.8599,-3.9368,864.24972053478,,,,,,,,,200384.875856893,231.859925546634,5.44613342012875,12.2079951755689
94.84,331.7788,-3.9149,859.739748795581,,,,,,,,,199269.417259655,231.778765072586,5.44578331787663,12.2024130436467
94.86,331.7033,-4.0870,897.831195852636,,,,,,,,,208030.477856978,231.703330000045,5.44545780336805,12.2454398761078
94.88,331.6153,-4.1672,915.795277589762,,,,,,,,,212112.183909982,231.615284660814,5.445077739466,12.2648705830801
94.90,331.5366,-4.0853,898.110223722814,,,,,,,,,207945.42533428,231.536641986228,5.44473814171927,12.2450309460557
94.92,331.4519,-4.3464,955.856576539956,,,,,,,,,221234.793131396,231.451871087428,5.44437195164174,12.3069798288985
94.94,331.3628,-4.4513,979.296695519305,,,,,,,,,226572.810801788,231.36278498483,5.44398697634967,12.3308216327414
94.96,331.2738,-4.3930,966.849542236246,,,,,,,,,223606.986237849,231.27381921355,5.44360237309273,12.3176452641303
94.98,331.1871,-4.5819,1008.79452777641,,,,,,,,,233220.244853479,231.187063799349,5.44322718280787,12.3597385429558
95.00,331.0905,-4.6695,1028.51188157243,,,,,,,,,237679.36967223,231.090543464462,5.44280959677396,12.3786778581312
95.02,331.0003,-4.7319,1042.65321430099,,,,,,,,,240853.188465121,231.000283854294,5.44241893932751,12.3919428503561
95.04,330.9013,-5.0086,1104.10853933639,,,,,,,,,254940.063265059,230.901269379085,5.44199021387277,12.4487837504935
95.06,330.7999,-5.1442,1134.50151476916,,,,,,,,,261842.881109028,230.799939621328,5.44155127302788,12.4754999124335
95.08,330.6955,-4.8310,1065.90750072195,,,,,,,,,245900.064448867,230.695500577974,5.44109866164307,12.4126804902981
95.10,330.6067,-4.7191,1041.61081869046,,,,,,,,,240202.433016587,230.60669945669,5.44071365969695,12.3892373177049
95.12,330.5067,-4.6630,1029.67169671895,,,,,,,,,237346.263905983,230.506737887705,5.44028009362641,12.3772753829918
95.14,330.4202,-4.6814,1034.13881113916,,,,,,,,,238286.452333704,230.420181282259,5.43990451735666,12.3812288101644
95.16,330.3195,-4.9617,1096.52955183994,,,,,,,,,252552.117135902,230.319480867731,5.4394673923405,12.4393729108977
95.18,330.2217,-4.8730,1077.3900685706,,,,,,,,,248038.587815806,230.221713612864,5.43904281683018,12.4213396090748
95.20,330.1246,-4.7300,1046.21587827902,,,,,,,,,240759.968808805,230.124560147992,5.43862072819016,12.3915557361086
95.22,330.0325,-4.5046,996.744012423522,,,,,,,,,229283.529780191,230.032512784002,5.43822065886327,12.3427146380071
95.24,329.9444,-4.3919,972.200370140069,,,,,,,,,223552.009461584,229.944378060025,5.43783744515488,12.3173993704904
95.26,329.8568,-4.8801,1080.66240998617,,,,,,,,,248397.641048847,229.856834801931,5.43745665773326,12.4227861324136
95.28,329.7492,-4.9743,1102.03879107415,,,,,,,,,253192.503264424,229.749175178888,5.43698817114834,12.4419053608534
95.30,329.6579,-4.8488,1074.6694883558,,,,,,,,,246806.299079405,229.657863886141,5.43659065310362,12.4163590936998
95.32,329.5552,-4.8979,1086.04569360247,,,,,,,,,249307.461221548,229.555222851243,5.43614362300117,12.4264421977503
95.34,329.4619,-4.5418,1007.4777634288,,,,,,,,,231177.808172588,229.461946024306,5.43573720322193,12.3509424257608
95.36,329.3736,-4.6103,1023.06572262945,,,,,,,,,234664.218880061,229.373552147691,5.43535190662626,12.3659109155088
95.38,329.2775,-4.5324,1006.21665368471,,,,,,,,,230702.874566661,229.277535530584,5.43493321528947,12.3488859042778
95.40,329.1923,-4.4316,984.189552258632,,,,,,,,,225568.622504753,229.192254669938,5.43456119138102,12.3263797042908
95.42,329.1003,-4.6359,1029.97756843758,,,,,,,,,235968.141903264,229.100272796441,5.43415978018961,12.3714520829602
95.44,329.0068,-4.4574,990.720601026165,,,,,,,,,226881.773844654,229.006819490435,5.43375178254506,12.3321843407221
95.46,328.9220,-4.2547,946.02062031989,,,,,,,,,216564.911750158,228.92197812446,5.43338123862038,12.285645604813
95.48,328.8366,-4.3138,959.523303793945,,,,,,,,,219574.08146097,228.836632307706,5.43300835292998,12.2994449555179
95.50,328.7494,-4.5140,1004.44199273227,,,,,,,,,229765.52947927,228.74942619062,5.43262719569618,12.3448146308793
95.52,328.6561,-4.5848,1020.61678566769,,,,,,,,,233370.224657578,228.656071441061,5.43221900317843,12.3603814185354
95.54,328.5660,-4.2375,943.673016342613,,,,,,,,,215691.597398372,228.566032580148,5.43182515143205,12.2816048765808
95.56,328.4866,-4.2048,936.702156541997,,,,,,,,,214023.863375998,228.486570550991,5.43147743640138,12.2738427988899
95.58,328.3978,-4.3544,970.406080117721,,,,,,,,,221638.654830534,228.39784227614,5.43108903061,12.3088036537991
95.60,328.3124,-4.1527,925.818031511008,,,,,,,,,211375.733196796,228.312396175536,5.43071484980823,12.2613925548964
95.62,328.2317,-3.9776,887.079146761217,,,,,,,,,202459.610974285,228.231733000914,5.43036148560833,12.2182956936567
95.64,328.1533,-4.3529,971.121159982788,,,,,,,,,221564.491154555,228.153293620419,5.4300177434753,12.3084689825435
95.66,328.0576,-4.6579,1039.59711349117,,,,,,,,,237088.040246049,228.057616906863,5.42959830276158,12.3761868289679
95.68,327.9670,-4.3326,967.371558469468,,,,,,,,,220528.771145972,227.96697837063,5.42920078675755,12.3037834467447
95.70,327.8843,-4.2509,949.484711024021,,,,,,,,,216372.672719928,227.884314731692,5.42883810866013,12.2847575366491
95.72,327.7969,-4.4733,999.542218784666,,,,,,,,,227692.661097553,227.796942258629,5.42845462800214,12.3357520209551
95.74,327.7054,-4.5250,1011.5123891694,,,,,,,,,230326.815808338,227.705382825285,5.42805261277835,12.3472545176249
95.76,327.6159,-4.7409,1060.18576711673,,,,,,,,,241315.180281353,227.615940306038,5.42765973629375,12.3938591600419
95.78,327.5157,-4.5300,1013.46423186754,,,,,,,,,230579.070437803,227.515745684392,5.42721944779551,12.3483491213702
95.80,327.4347,-4.2320,947.129689806591,,,,,,,,,215410.19486068,227.434740119558,5.42686334062245,12.2802993724854
95.82,327.3465,-4.3744,979.372687826737,,,,,,,,,222656.919409737,227.346465934047,5.42647513554517,12.3133873877865
95.84,327.2598,-4.2831,959.295556972252,,,,,,,,,218009.283363518,227.259765542544,5.42609370481875,12.2922929251009
95.86,327.1751,-4.6095,1032.79739362929,,,,,,,,,234625.896304771,227.175143694241,5.42572127810786,12.3657475940404
95.88,327.0754,-4.4174,990.192690379603,,,,,,,,,224848.386555076,227.075385164556,5.42528205558658,12.323181616523
95.90,326.9984,-4.2650,956.3558555974,,,,,,,,,217091.293958216,226.998446956345,5.42494317585599,12.288073253534
95.92,326.9048,-4.8052,1077.92986378879,,,,,,,,,244587.443260716,226.904784325226,5.4245304771749,12.4073281651068
95.94,326.8062,-4.5211,1014.63693810909,,,,,,,,,230125.98718587,226.806238312927,5.42409607726424,12.3463822083073
95.96,326.7239,-4.3146,968.641658720092,,,,,,,,,219614.253500568,226.723940193481,5.42373315490868,12.2996278931622
95.98,326.6337,-4.6782,1050.69058739926,,,,,,,,,238121.847896713,226.633654809955,5.42333485835111,12.3805377875963
96.00,326.5368,-4.3252,971.830200646059,,,,,,,,,220155.315972451,226.536812527636,5.42290745943272,12.3020885579396
96.02,326.4606,-4.1154,924.998721759302,,,,,,,,,209475.808184164,226.460646113923,5.42257118198578,12.2523635376154
96.04,326.3722,-3.9595,890.302157009623,,,,,,,,,201539.654657688,226.372196305383,5.42218053094911,12.2137414383155
96.06,326.3023,-4.0124,902.483933772497,,,,,,,,,204234.159697044,226.302266504977,5.42187156807753,12.227022456212
96.08,326.2117,-4.3111,970.043471153989,,,,,,,,,219435.181930936,226.211699224046,5.42147128305209,12.298812169168
96.10,326.1298,-3.8865,874.82379341296,,,,,,,,,197823.750195002,226.129823725107,5.4211092756056,12.1951317627271
96.12,326.0562,-3.8517,867.275192161869,,,,,,,,,196052.968770793,226.056239752562,5.42078381677731,12.1861401505326
96.14,325.9758,-4.1257,929.292054442015,,,,,,,,,209997.47437942,225.975755819317,5.42042771838213,12.2548507828626
96.16,325.8912,-4.0921,922.081196137419,,,,,,,,,208290.040414577,225.89121357978,5.42005352754169,12.2466868124457
96.18,325.8121,-4.0328,909.034309257861,,,,,,,,,205270.920375123,225.812071430733,5.41970311100728,12.2320859484305
96.20,325.7299,-4.1768,941.827595933089,,,,,,,,,212598.650706486,225.729901761755,5.41933915959296,12.26716139824
96.22,325.6450,-4.4181,996.62966596755,,,,,,,,,224884.502101223,225.645001127776,5.41896297281591,12.3233422253961
96.24,325.5532,-4.6153,1041.52103582018,,,,,,,,,234918.378169245,225.553176642515,5.41855594773889,12.3669934058549
96.26,325.4604,-4.4388,1002.10397163234,,,,,,,,,225934.75317007,225.460390903392,5.41814449341863,12.3280015337844
96.28,325.3756,-4.2415,957.924745799894,,,,,,,,,215892.889422936,225.375626185186,5.4177684599342,12.2825376813748
96.30,325.2907,-4.4410,1003.36110464104,,,,,,,,,226047.957552643,225.290731828312,5.41739170956725,12.3285024573032
96.32,325.1980,-4.7325,1069.66416423767,,,,,,,,,240886.216302463,225.197986766378,5.41697995646704,12.3920799694586
96.34,325.1014,-4.6869,1059.81936266653,,,,,,,,,238566.855972947,225.101431788063,5.41655110856799,12.3824048685735
96.36,325.0105,-4.7315,1070.32888016365,,,,,,,,,240835.246542228,225.010509391661,5.416147109521,12.391868354389
96.38,324.9122,-4.7313,1070.74865590462,,,,,,,,,240824.405653921,224.912171802317,5.41570997845373,12.3918233396644
96.40,324.8213,-4.5836,1037.74851031518,,,,,,,,,233307.925499073,224.82125792521,5.41530567727291,12.3601144287101
96.42,324.7288,-4.2965,973.145928808254,,,,,,,,,218693.943226426,224.728827149537,5.41489446268284,12.2954285118434
96.44,324.6494,-4.1808,947.283606200115,,,,,,,,,212806.691533324,224.649397646567,5.4145409542153,12.2681394811306
96.46,324.5616,-4.5127,1022.88096763504,,,,,,,,,229699.779907736,224.561593358037,5.41415002749531,12.3445284305041
96.48,324.4689,-4.7095,1067.92228760678,,,,,,,,,239715.328849132,224.468888449116,5.41373711606059,12.3872073685201
96.50,324.3732,-4.6722,1059.90998434747,,,,,,,,,237815.409164031,224.373213457783,5.4133107969057,12.379250059979
96.52,324.2820,-4.5368,1029.61340846326,,,,,,,,,230923.756121917,224.282001597648,5.41290419576375,12.3498428749438
96.54,324.1917,-4.6820,1062.99586144557,,,,,,,,,238314.894342131,224.19174240062,5.412501678562,12.3813481636185
96.56,324.0947,-4.5535,1034.27626179597,,,,,,,,,231775.851592703,224.094722226569,5.41206882955485,12.35352602669
96.58,324.0096,-4.5544,1034.86135573491,,,,,,,,,231818.880139413,224.009601725621,5.41168891578289,12.3537116566978
96.60,323.9125,-5.0560,1149.34419218868,,,,,,,,,257352.586300445,223.912547737656,5.41125556373901,12.4582023547698
96.62,323.8074,-5.2700,1198.55049448147,,,,,,,,,268244.423932685,223.807361615362,5.41078568906053,12.4996538734463
96.64,323.7017,-5.1095,1162.59656796172,,,,,,,,,260074.884814287,223.701748294556,5.41031368381895,12.4687248870448
96.66,323.6030,-4.9075,1117.13260563573,,,,,,,,,249794.182123237,223.602982191256,5.4098720783622,12.4283925862632
96.68,323.5054,-4.9108,1118.36381063703,,,,,,,,,249960.404460669,223.505447943894,5.40943578934444,12.4290578021433
96.70,323.4066,-4.9791,1134.43265848831,,,,,,,,,253439.687818584,223.406551215041,5.40899321125008,12.442881155831
96.72,323.3063,-4.9844,1136.15201207593,,,,,,,,,253709.88248802,223.306282778526,5.40854429449386,12.4439466982699
96.74,323.2072,-5.3929,1229.81085848565,,,,,,,,,274502.605929838,223.207173717632,5.40810037030264,12.5227160332558
96.76,323.0906,-5.4270,1238.22562248805,,,,,,,,,276236.454155812,223.090565353309,5.40757781167521,12.5290124958818
96.78,322.9901,-4.9584,1131.82370586039,,,,,,,,,252385.474278975,222.990093750614,5.40712734783042,12.4387128575928
96.80,322.8922,-4.7776,1091.03911140178,,,,,,,,,243184.139073674,222.892228639932,5.40668837500131,12.4015742093227
96.82,322.7990,-4.9457,1129.89778831651,,,,,,,,,251740.083657767,222.798987891503,5.40626996536554,12.4361524201636
96.84,322.6944,-5.0089,1144.86961365662,,,,,,,,,254956.050667659,222.694399105721,5.4058004239952,12.4488464589636
96.86,322.5986,-4.8471,1108.36577960854,,,,,,,,,246720.705293251,222.598631094863,5.40537028920377,12.4160122280319
96.88,322.5005,-4.7996,1097.97927701754,,,,,,,,,244300.953543662,222.500514041814,5.40492941190391,12.4061561604051
96.90,322.4066,-4.7943,1097.24193665561,,,,,,,,,244033.900725549,222.406647588921,5.40450745216768,12.4050624320242
96.92,322.3087,-4.7963,1098.16849273638,,,,,,,,,244132.454365976,222.308740398894,5.40406713823093,12.4054662027501
96.94,322.2148,-4.7849,1096.03629705406,,,,,,,,,243555.482704054,222.214796497784,5.40364446588757,12.4031000505972
96.96,322.1173,-5.0355,1153.93640446236,,,,,,,,,256309.287827047,222.117342719996,5.40320581303873,12.4541401498034
96.98,322.0134,-5.2589,1205.69970402808,,,,,,,,,267681.462049283,222.013376261929,5.40273763348923,12.4975529781352
97.00,321.9070,-5.0137,1150.03342469392,,,,,,,,,255200.450704584,221.906985679574,5.40225831064886,12.449804596535
97.02,321.8128,-4.8106,1103.90696901926,,,,,,,,,244860.725989052,221.812827403918,5.4018339064447,12.4084448625384
97.04,321.7146,-4.8392,1110.96069886547,,,,,,,,,246316.165056319,221.714562277369,5.40139079907211,12.4143712135275
97.06,321.6193,-5.0663,1163.61320509611,,,,,,,,,257879.097727385,221.619260247296,5.40096086556964,12.4602461406104
97.08,321.5119,-5.2249,1200.61263550709,,,,,,,,,265949.996151091,221.511908408964,5.40047635060872,12.4910635856982
97.10,321.4103,-4.8300,1110.37656812318,,,,,,,,,245848.768950464,221.410263876526,5.40001737817256,12.4124718655079
97.12,321.3187,-4.7766,1098.54417134622,,,,,,,,,243128.377292758,221.318708554809,5.39960378281864,12.4013448844368
97.14,321.2192,-5.1561,1186.37451206874,,,,,,,,,262448.822640461,221.219201837719,5.39915407346524,12.4778113806367
97.16,321.1125,-4.9416,1137.55942254604,,,,,,,,,251528.566382715,221.112463575533,5.39867145703688,12.4353118460985
97.18,321.0215,-4.9468,1139.24035705358,,,,,,,,,251796.656464631,221.021538524015,5.39826015615358,12.4363771219682
97.20,320.9146,-5.2437,1208.19794677119,,,,,,,,,266908.553546795,220.914589583675,5.39777615434596,12.4946613826378
97.22,320.8118,-5.2120,1201.43661244396,,,,,,,,,265291.367610642,220.811788872479,5.39731070461026,12.488584001378
97.24,320.7061,-5.2831,1218.40507071227,,,,,,,,,268909.444529898,220.70611079507,5.39683200112165,12.5021299644736
97.26,320.6005,-5.1340,1184.60443227253,,,,,,,,,261324.290761131,220.600466824027,5.39635322297322,12.4735174083864
97.28,320.5007,-5.2161,1204.08856166858,,,,,,,,,265502.430345215,220.500749527337,5.39590109409807,12.4893792734649
97.30,320.3918,-5.4128,1250.11210169609,,,,,,,,,275514.484012216,220.391822172116,5.39540697210814,12.5263954797402
97.32,320.2842,-5.1764,1196.08430604388,,,,,,,,,263478.518648122,220.28423691938,5.39491869845381,12.4817271204833
97.34,320.1848,-5.2613,1216.27007370748,,,,,,,,,267804.144014247,220.184768007911,5.39446704845326,12.4980111864072
97.36,320.0738,-5.1839,1198.96750482328,,,,,,,,,263861.315043487,220.073783469535,5.39396286953224,12.4831789222936
97.38,319.9774,-4.8647,1125.64431545564,,,,,,,,,247616.324498859,219.977413023784,5.39352487300793,12.4196357485516
97.40,319.8792,-5.0240,1163.00895983789,,,,,,,,,255721.473383986,219.879194584735,5.39307828000929,12.4518441365721
97.42,319.7765,-5.2351,1212.44954211312,,,,,,,,,266467.861893662,219.77645472095,5.39261091485286,12.4930089220465
97.44,319.6698,-5.3520,1240.13851656141,,,,,,,,,272420.96905415,219.669791250016,5.39212546993665,12.5151038292013
97.46,319.5624,-5.1952,1204.3863423597,,,,,,,,,264437.923513943,219.562373146678,5.39163635227093,12.4853618090265
97.48,319.4620,-4.9641,1151.34285694439,,,,,,,,,252675.98665801,219.461983139063,5.39117901997067,12.4398632617854
97.50,319.3638,-5.0062,1161.630447592,,,,,,,,,254819.678628906,219.363808134621,5.39073157586856,12.4483114313655
97.52,319.2617,-5.0926,1182.22668845879,,,,,,,,,259217.073113459,219.261733510167,5.39026614640034,12.4654211097843
97.54,319.1601,-5.2884,1228.24888058006,,,,,,,,,269183.150957017,219.160102820441,5.38980252582707,12.5031472854812
97.56,319.0502,-5.3001,1231.56795334443,,,,,,,,,269775.202023054,219.050196369966,5.38930091072135,12.5053443060892
97.58,318.9481,-5.2704,1225.25223969698,,,,,,,,,268266.650414398,218.948100417874,5.38883471733799,12.499736729077
97.60,318.8394,-5.1597,1200.11034695867,,,,,,,,,262631.403612225,218.839379460221,5.38833803360497,12.4785068209523
97.62,318.7417,-4.9353,1148.41609631281,,,,,,,,,251206.502947174,218.74171195764,5.3878916363263,12.4340306007697
97.64,318.6420,-5.2445,1220.93824734905,,,,,,,,,266948.342720272,218.641969239542,5.38743554834628,12.4948104457063
97.66,318.5319,-5.2469,1222.09927012728,,,,,,,,,267067.713420859,218.531931037847,5.38693214133159,12.4952575135471
97.68,318.4321,-4.7770,1113.1758759713,,,,,,,,,243153.338149174,218.432094512479,5.3864751859702,12.4014475445025
97.70,318.3408,-4.7416,1105.3771267231,,,,,,,,,241348.980737914,218.340849383591,5.3860573710323,12.3939992179097
97.72,318.2424,-5.0229,1171.4861422226,,,,,,,,,255667.983338365,218.242430809553,5.38560651283332,12.4516349416225
97.74,318.1399,-5.4585,1273.66558135118,,,,,,,,,277837.324727873,218.139933115823,5.38513675188931,12.5347910585488
97.76,318.0241,-5.4461,1271.46233504383,,,,,,,,,277209.422128581,218.024092801007,5.3846055741183,12.5325285360831
97.78,317.9221,-5.2202,1219.30199120832,,,,,,,,,265712.836489378,217.92208854351,5.3841376069071,12.490171442547
97.80,317.8153,-5.2391,1224.29596791854,,,,,,,,,266670.372485244,217.81528280177,5.38364737700761,12.4937686147051
97.82,317.7125,-5.2308,1222.93064095928,,,,,,,,,266247.319046969,217.712526066173,5.38317550478539,12.4921809266479
97.84,317.6061,-5.5712,1303.17255188607,,,,,,,,,283578.235107544,217.606052780288,5.38268633068081,12.5552433256582
97.86,317.4897,-5.7930,1355.77499601261,,,,,,,,,294867.065387957,217.489676572568,5.38215138536812,12.5942799079561
97.88,317.3743,-5.9612,1395.87913708149,,,,,,,,,303428.294944858,217.374331977816,5.38162089953719,12.6229006010896
97.90,317.2512,-5.7894,1356.42183297772,,,,,,,,,294684.308821491,217.25122794181,5.38105441633579,12.5936599227256
97.92,317.1428,-5.1708,1212.07751601276,,,,,,,,,263193.850851235,217.142754794293,5.38055499344283,12.4806461151332
97.94,317.0444,-4.8953,1148.03481851825,,,,,,,,,249174.525475177,217.044397483329,5.38010192931078,12.4259088354501
97.96,316.9469,-5.0962,1195.68782847931,,,,,,,,,259400.81725755,216.946941399797,5.37965281396474,12.4661297014283
97.98,316.8405,-5.4757,1285.3414418268,,,,,,,,,278714.142322492,216.840547774113,5.37916228055623,12.5379419560739
98.00,316.7279,-5.2223,1226.49755872959,,,,,,,,,265816.257853403,216.727914345574,5.37864271586962,12.4905605891296
98.02,316.6317,-4.7662,1119.88980155137,,,,,,,,,242603.58280906,216.631656501366,5.37819847578694,12.3991840437633
98.04,316.5373,-4.8556,1141.38939515532,,,,,,,,,247153.337602392,216.537264715657,5.37776265602897,12.4177642230032
98.06,316.4374,-4.8009,1129.03602333818,,,,,,,,,244365.656910426,216.437431454064,5.37730150546176,12.4064209763993
98.08,316.3452,-4.9628,1167.62097233037,,,,,,,,,252609.228235109,216.34523036268,5.37687542049619,12.4395990212285
98.10,316.2389,-5.1233,1205.97789344954,,,,,,,,,260779.355901658,216.238918904005,5.37638390243667,12.4714299490828
98.12,316.1403,-5.3028,1248.80341661157,,,,,,,,,269916.74177454,216.140297331118,5.37592772151541,12.5058688266286
98.14,316.0268,-5.2933,1247.20360278821,,,,,,,,,269429.409834885,216.026805272656,5.3754024984691,12.5040617049098
98.16,315.9286,-4.8511,1143.54220735488,,,,,,,,,246923.429759391,215.928566668779,5.37494764312083,12.4168335665758
98.18,315.8328,-4.8702,1148.5440083336,,,,,,,,,247893.424331561,215.832760898057,5.37450385269229,12.4207541921836
98.20,315.7338,-4.9260,1162.24208094898,,,,,,,,,250734.854183017,215.733760025527,5.37404505494285,12.4321513019382
98.22,315.6357,-5.0579,1193.91410561471,,,,,,,,,257450.529360488,215.63572132179,5.37359050862159,12.4585828616403
98.24,315.5314,-5.2868,1248.55239632312,,,,,,,,,269102.2995743,215.531442946874,5.37310680584647,12.5028468821051
98.26,315.4242,-5.1915,1226.6383915528,,,,,,,,,264247.652722912,215.424247718516,5.37260932903904,12.4846420209037
98.28,315.3238,-5.3401,1262.35794515146,,,,,,,,,271815.689966815,215.323784359912,5.37214286905341,12.5128795051803
98.30,315.2106,-5.4367,1285.84782910907,,,,,,,,,276728.136562049,215.210641801827,5.37161727781697,12.530790846771
98.32,315.1063,-5.1711,1223.63911339006,,,,,,,,,263212.504248334,215.106318005077,5.37113240825086,12.4807169858471
98.34,315.0038,-5.0671,1199.58545918461,,,,,,,,,257915.428172336,215.003796684605,5.37065568696991,12.4603870123847
98.36,314.9036,-5.1632,1222.90648773723,,,,,,,,,262807.050196989,214.903635586451,5.37018972107843,12.4791753924663
98.38,314.7973,-5.6582,1340.83050501396,,,,,,,,,288006.732268216,214.797270192788,5.36969465395427,12.5707391347762
98.40,314.6773,-5.5882,1324.98309647347,,,,,,,,,284443.801600847,214.677305965573,5.36913599815952,12.5582909791199
98.42,314.5737,-5.0503,1198.02110682758,,,,,,,,,257063.870084152,214.573740495165,5.36865345782201,12.4570798547292
98.44,314.4753,-5.1203,1215.1728592246,,,,,,,,,260624.554714915,214.475292742482,5.368194546384,12.4708361630058
98.46,314.3689,-5.1460,1221.88559118558,,,,,,,,,261934.305682112,214.368929113863,5.36769849851683,12.475849009631
98.48,314.2695,-4.7418,1126.43270009816,,,,,,,,,241360.117472508,214.269452095518,5.36723434493426,12.3940453605436
98.50,314.1793,-4.4618,1060.35895478086,,,,,,,,,227106.89272684,214.179256659153,5.36681331233057,12.333176078698
98.52,314.0910,-4.6364,1102.31519711235,,,,,,,,,235995.74138552,214.09098051423,5.36640106726421,12.3715690388683
98.54,313.9938,-4.7593,1132.05252527456,,,,,,,,,242252.221446094,213.993799790642,5.3659470416612,12.3977346997671
98.56,313.9006,-4.3880,1044.18836530935,,,,,,,,,223352.52516312,213.900607001066,5.36551145386398,12.3165066325732
98.58,313.8183,-4.2079,1001.70051786833,,,,,,,,,214181.880376269,213.818278572981,5.36512648872974,12.2745808413368
98.60,313.7323,-4.3188,1028.52175417135,,,,,,,,,219828.31242538,213.732292519656,5.36472426237198,12.300602122599
98.62,313.6455,-4.2050,1001.83265998069,,,,,,,,,214037.066459269,213.645526852153,5.36431822506839,12.2739044867589
98.64,313.5641,-4.1603,991.555934023845,,,,,,,,,211760.742558391,213.564091840026,5.3639369835909,12.2632123434985
98.66,313.4791,-4.3623,1040.12448909207,,,,,,,,,222044.855439871,213.479115017948,5.36353900595382,12.3106346919757
98.68,313.3896,-4.6914,1119.0483196244,,,,,,,,,238793.271349769,213.389598252485,5.36311959472037,12.3833534831763
98.70,313.2915,-4.8294,1152.50405624163,,,,,,,,,245819.272483325,213.291459715077,5.36265958583408,12.4123518802142
98.72,313.1964,-4.9514,1182.14351661972,,,,,,,,,252028.767535053,213.196421578081,5.36221390780787,12.4372985168633
98.74,313.0934,-4.6925,1120.88021635807,,,,,,,,,238852.180016804,213.093403319113,5.36173058282587,12.383600145914
98.76,313.0087,-4.5071,1077.01193169823,,,,,,,,,229412.932976305,213.00871998193,5.36133310375375,12.3432788594915
98.78,312.9131,-4.7278,1130.25578346331,,,,,,,,,240646.284735136,212.913119539855,5.36088419301563,12.3910834361543
98.80,312.8196,-4.6872,1121.05287001284,,,,,,,,,238582.032894417,212.819608491511,5.36044489838926,12.3824684836078
98.82,312.7256,-4.6404,1110.34490244942,,,,,,,,,236198.819155525,212.72563023838,5.36000321442194,12.3724291833913
98.84,312.6340,-4.7828,1144.9065136806,,,,,,,,,243446.042510398,212.633992034666,5.35957234040224,12.4026506056167
98.86,312.5343,-4.8715,1166.69259989722,,,,,,,,,247962.216691509,212.534318562879,5.35910347444432,12.42103166149
98.88,312.4391,-4.8895,1171.51359469861,,,,,,,,,248875.330400289,212.439131331051,5.35865550653742,12.4247073689409
98.90,312.3387,-4.5530,1091.41845704296,,,,,,,,,231750.420298134,212.338740290345,5.35818283105556,12.3534162970106
98.92,312.2570,-4.6625,1118.08807045965,,,,,,,,,237322.031469346,212.257010641193,5.3577978547576,12.3771732803787
98.94,312.1522,-5.1282,1230.38000732248,,,,,,,,,261027.876030611,212.152241158935,5.3573041356224,12.4723824853166
98.96,312.0519,-4.9773,1194.72819865715,,,,,,,,,253344.363374673,212.051882310493,5.35683097261071,12.4425049622834
98.98,311.9532,-4.9424,1186.91321010453,,,,,,,,,251569.994731386,211.953150904125,5.35636526394965,12.4354765388723
99.00,311.8542,-5.2065,1250.91074705647,,,,,,,,,265010.678627187,211.854186440389,5.35589823821972,12.4875254008628
99.02,311.7449,-5.1795,1245.06714983665,,,,,,,,,263636.610039609,211.7448926945,5.35538221373479,12.4823269567909
99.04,311.6470,-4.9105,1180.94834762452,,,,,,,,,249944.184424892,211.647008040322,5.35491983051134,12.4289929096172
99.06,311.5485,-4.8131,1158.06397714319,,,,,,,,,244986.667697249,211.548474464773,5.35445416591234,12.4089590704839
99.08,311.4545,-5.0200,1208.39163621067,,,,,,,,,255519.831919268,211.454485667031,5.35400977753615,12.4510553056499
99.10,311.3477,-4.9977,1203.62299331081,,,,,,,,,254382.920757276,211.347674621556,5.35350452445194,12.4465959728064
99.12,311.2546,-4.6435,1118.83185758105,,,,,,,,,236358.353339993,211.254579263596,5.35306394298978,12.3731043786897
99.14,311.1619,-4.8031,1157.78311608887,,,,,,,,,244479.720550782,211.161932795032,5.35262529313872,12.4068876419246
99.16,311.0625,-4.9292,1188.73985932111,,,,,,,,,250898.353390257,211.062455273894,5.35215408623647,12.4328031695201
99.18,310.9648,-4.5847,1106.17751681274,,,,,,,,,233364.479587534,210.96476473318,5.35169112774551,12.3603568003958
99.20,310.8791,-4.4336,1070.14684740765,,,,,,,,,225671.567854844,210.879066178176,5.35128482309007,12.3268359816973
99.22,310.7874,-5.0045,1208.47455174314,,,,,,,,,254731.234226434,210.787421099602,5.35085014268372,12.4479642848837
99.24,310.6789,-5.1349,1240.60291411218,,,,,,,,,261368.839979469,210.678886053169,5.35033510721356,12.4736878687037
99.26,310.5820,-4.7510,1148.36861206366,,,,,,,,,241825.787571475,210.582024822939,5.3498752438394,12.3959728598281
99.28,310.4888,-4.9865,1205.84472992833,,,,,,,,,253816.867650298,210.488847652371,5.34943267144516,12.4443682924571
99.30,310.3826,-5.1948,1256.85114965618,,,,,,,,,264419.566490155,210.382563251415,5.34892760314895,12.4852923875883
99.32,310.2811,-5.2456,1269.73413373343,,,,,,,,,267001.031899665,210.281053967254,5.34844498814743,12.4950078021677
99.34,310.1727,-5.3233,1289.20943406847,,,,,,,,,270956.680385719,210.172740925916,5.34792976842507,12.5097142361091
99.36,310.0681,-5.0684,1228.1064708764,,,,,,,,,257986.021306235,210.068123101844,5.34743187383562,12.4606606814523
99.38,309.9700,-5.2187,1265.11385848818,,,,,,,,,265635.960702324,209.970003031791,5.34696467780872,12.48988208163
99.40,309.8594,-5.0172,1216.89368209571,,,,,,,,,255376.545759356,209.859373515319,5.34643765647476,12.4504943850017
99.42,309.7693,-4.8885,1186.19835062097,,,,,,,,,248828.016400711,209.769315789768,5.34600843068906,12.4245172396198
99.44,309.6638,-5.0132,1217.05310875701,,,,,,,,,255172.019046042,209.663832424414,5.34550545009238,12.449693181205
99.46,309.5688,-4.5362,1101.76590149728,,,,,,,,,230895.746040967,209.56878927473,5.34505203522726,12.3497215717903
99.48,309.4824,-4.4365,1077.99103219976,,,,,,,,,225820.130686317,209.482383378928,5.34463964694313,12.3274940794533
99.50,309.3913,-4.3019,1045.74060388005,,,,,,,,,218969.014724119,209.391328893293,5.34420488828245,12.2966855135107
99.52,309.3103,-4.2070,1023.06886993617,,,,,,,,,214138.859182799,209.310306935797,5.34381787303544,12.2743799582618
99.54,309.2230,-4.6378,1128.29719872414,,,,,,,,,236065.779215171,209.223048220017,5.34340089925799,12.371865770659
99.56,309.1248,-4.5933,1117.98798865136,,,,,,,,,233799.008970673,209.124795028172,5.34293117916627,12.3622170892202
99.58,309.0393,-4.3604,1061.74755636705,,,,,,,,,221946.98469962,209.039317650092,5.34252235699966,12.310193824676
99.60,308.9504,-4.2819,1043.06232326562,,,,,,,,,217948.267091269,208.950378352192,5.34209679962304,12.2920130066887
99.62,308.8680,-4.7051,1146.62563951555,,,,,,,,,239493.45379182,208.868043359824,5.34170268108181,12.3862813626488
99.64,308.7622,-5.1395,1253.12281243576,,,,,,,,,261604.641124487,208.762172812091,5.34119567490313,12.4745896397094
99.66,308.6625,-4.8081,1172.86644274524,,,,,,,,,244733.199281453,208.662461779216,5.34071793101114,12.4079239136299
99.68,308.5698,-4.7047,1148.15375962017,,,,,,,,,239470.256992127,208.569849626541,5.34027399533471,12.3861845001968
99.70,308.4743,-4.6565,1136.92586537115,,,,,,,,,237019.794907474,208.474274468282,5.33981564978127,12.3758989394458
99.72,308.3836,-4.4889,1096.46264016203,,,,,,,,,228484.819072854,208.38358800724,5.33938055441359,12.3392250497914
99.74,308.2947,-4.4823,1095.31843205318,,,,,,,,,228149.046165544,208.294720045821,5.33895400010995,12.3377544056128
99.76,308.2043,-4.5003,1100.19839472252,,,,,,,,,229066.033830329,208.204297451371,5.33851979694465,12.3417655983071
99.78,308.1147,-4.5842,1121.19028599667,,,,,,,,,233336.189965572,208.114708876692,5.33808941267346,12.3602355679921
99.80,308.0209,-4.2248,1033.75395893596,,,,,,,,,215042.46053586,208.020930587007,5.33763870246083,12.2785907784755
99.82,307.9457,-3.7965,929.308528810696,,,,,,,,,193245.729369071,207.945718109767,5.33727707501644,12.1717178672097
99.84,307.8691,-4.1080,1005.91067739133,,,,,,,,,209097.715750715,207.869068745723,5.33690840431335,12.2505569611615
99.86,307.7814,-4.3378,1062.63070539289,,,,,,,,,220794.894598406,207.781399010836,5.33648656075494,12.3049894708279
99.88,307.6956,-4.2707,1046.6401080227,,,,,,,,,217382.500672609,207.695557437871,5.33607334133156,12.2894137567432
99.90,307.6106,-4.2167,1033.82818179876,,,,,,,,,214633.657409729,207.610569327185,5.33566406197642,12.2766879347641
99.92,307.5269,-4.1663,1021.86843522047,,,,,,,,,212065.176233379,207.526887928215,5.33526091165288,12.2646489414688
99.94,307.4439,-4.3038,1056.02692922251,,,,,,,,,219066.363979947,207.443918254274,5.33486102966692,12.2971299947657
99.96,307.3547,-4.2104,1033.55160655608,,,,,,,,,214311.819469031,207.35473498333,5.33443102213617,12.275187333786
99.98,307.2755,-4.3376,1065.17423950879,,,,,,,,,220784.524849962,207.275501660439,5.33404883426441,12.3049425041986
100.00,307.1812,-4.7946,1177.94915376436,,,,,,,,,244048.956703561,207.181231824528,5.33359392628526,12.4051241263771
100.02,307.0837,-4.6949,1153.99429786029,,,,,,,,,238973.427658137,207.083716185804,5.33312313752559,12.3841076433858
100.04,306.9934,-4.3842,1078.08465395484,,,,,,,,,223156.445684807,206.993434946116,5.33268707752628,12.3156283546271
100.06,306.9083,-4.3922,1080.50167236409,,,,,,,,,223564.817182053,206.908349056881,5.33227593703971,12.3174566607542
100.08,306.8177,-4.5227,1113.08598411954,,,,,,,,,230205.935340592,206.817746899118,5.33183795567911,12.3467295583458
100.10,306.7274,-4.6072,1134.37451634798,,,,,,,,,234506.342145783,206.727442098009,5.33140122080733,12.3652379119005
100.12,306.6335,-4.7361,1166.64506797369,,,,,,,,,241067.907538661,206.633460472571,5.33094650132867,12.3928339468013
100.14,306.5380,-4.6915,1156.20941127816,,,,,,,,,238801.17854947,206.537999275998,5.33048441133664,12.3833865957877
100.16,306.4458,-4.6232,1139.88513189906,,,,,,,,,235324.496772784,206.445798955839,5.33003790315843,12.3687206779781
100.18,306.3531,-5.0567,1247.31115609937,,,,,,,,,257386.486186576,206.353069903971,5.32958863325764,12.4583340715483
100.20,306.2435,-5.0159,1237.90158170247,,,,,,,,,255309.194732982,206.24353220541,5.32905766571901,12.4502306179864
100.22,306.1524,-4.5896,1133.21354454824,,,,,,,,,233614.732251792,206.152435589643,5.32861587373091,12.361428594094
100.24,306.0599,-4.7706,1178.43351545191,,,,,,,,,242827.94708778,206.059946449044,5.32816712863648,12.4001084348705
100.26,305.9616,-4.9723,1228.82434679512,,,,,,,,,253090.640434952,205.961609643423,5.32768979046796,12.4415029661377
100.28,305.8611,-4.8560,1200.68169837944,,,,,,,,,247173.601846372,205.861055581993,5.32720145375452,12.417846210216
100.30,305.7674,-4.6402,1147.84017075444,,,,,,,,,236188.051591583,205.767368671497,5.32674625238069,12.3723835954861
100.32,305.6754,-4.8056,1189.28797927256,,,,,,,,,244607.337446508,205.67544758682,5.32629942923748,12.4074094995224
100.34,305.5751,-4.8639,1204.30933050002,,,,,,,,,247576.064512903,205.575144394265,5.32581163324886,12.4194731451395
100.36,305.4809,-4.2687,1057.41448440407,,,,,,,,,217278.46971404,205.480890340265,5.32535303856742,12.2889350804063
100.38,305.4044,-4.3813,1085.7094681072,,,,,,,,,223009.498030913,205.404396463174,5.32498070166253,12.3149696416021
100.40,305.3056,-4.8154,1193.86089368791,,,,,,,,,245106.37328551,205.305638689916,5.32449978925861,12.409447571975
100.42,305.2118,-4.4776,1110.61157352211,,,,,,,,,227910.577912665,205.211780019442,5.32404251915102,12.3367086288678
100.44,305.1265,-4.1848,1038.42084262695,,,,,,,,,213007.669874296,205.126535533935,5.32362703522714,12.2690834528428
100.46,305.0444,-4.3691,1084.59959792143,,,,,,,,,222391.061094771,205.044388289439,5.32322648394072,12.3121926476316
100.48,304.9518,-4.5488,1129.71477720401,,,,,,,,,231537.043048958,204.951769881245,5.32277468258637,12.3524951528781
100.50,304.8624,-4.5042,1119.12115315715,,,,,,,,,229265.884811089,204.862435281745,5.3223387064792,12.3426376780611
100.52,304.7716,-4.4390,1103.39870295732,,,,,,,,,225944.719673639,204.771601659548,5.32189521977891,12.3280456451202
100.54,304.6849,-4.4819,1114.54354020637,,,,,,,,,228130.207429654,204.684876992256,5.32147161105314,12.3376718301473
100.56,304.5923,-4.7723,1187.30465655825,,,,,,,,,242913.421246734,204.592325908069,5.32101934503339,12.4004603676702
100.58,304.4940,-4.9187,1224.31121935649,,,,,,,,,250364.278750667,204.493983876307,5.32053855635235,12.4306722512851
100.60,304.3956,-4.8715,1213.13457649474,,,,,,,,,247959.342405972,204.395577547902,5.32005722183277,12.4210200697958
100.62,304.2991,-5.0654,1262.03841233434,,,,,,,,,257833.343900793,204.299125431444,5.31958522100895,12.4600687013128
100.64,304.1930,-5.1282,1278.33058583362,,,,,,,,,261026.105713396,204.192959635067,5.31906542734514,12.4723757031934
100.66,304.0940,-5.0279,1253.94043679556,,,,,,,,,255921.717616341,204.093998491945,5.31858066464043,12.4526268861371
100.68,303.9918,-4.8308,1205.38930845514,,,,,,,,,245889.587734247,203.99184397063,5.31808001250885,12.4126378838114
100.70,303.9008,-4.6944,1171.88908259688,,,,,,,,,238949.082265287,203.900766560416,5.31763343706533,12.3840057633012
100.72,303.8041,-4.7734,1192.17541403269,,,,,,,,,242970.19703215,203.804066224005,5.31715907262101,12.4006940688428
100.74,303.7098,-4.2988,1074.13712295214,,,,,,,,,218812.289453638,203.709828827309,5.31669657355278,12.2959695154738
100.76,303.6321,-4.1998,1049.78984379024,,,,,,,,,213770.924037289,203.632112943172,5.31631499789307,12.272660272241
100.78,303.5418,-4.4681,1117.36038264972,,,,,,,,,227429.585205466,203.541837295267,5.31587157242673,12.3345959538829
100.80,303.4534,-4.2005,1050.88449827901,,,,,,,,,213806.011334597,203.453387774526,5.31543692594104,12.2728243938036
100.82,303.3738,-3.8337,959.489879594341,,,,,,,,,195135.120327697,203.37381818993,5.31504575453242,12.1814475223418
100.84,303.3000,-3.8674,968.275352086501,,,,,,,,,196850.418931887,203.300041158438,5.31468292308602,12.1901994245479
100.86,303.2191,-4.1618,1042.41058333377,,,,,,,,,211837.765186077,203.219123609232,5.3142848235262,12.2635760021381
100.88,303.1336,-4.4321,1110.57179618068,,,,,,,,,225594.412362507,203.133568796127,5.31386373703672,12.3264940304026
100.90,303.0418,-4.3852,1099.32014386252,,,,,,,,,223207.985427486,203.041840608171,5.31341206917406,12.3158592858542
100.92,302.9582,-4.4557,1117.44550975707,,,,,,,,,226794.685862137,202.958161164782,5.31299985516318,12.3318004196183
100.94,302.8636,-4.5060,1130.61005129055,,,,,,,,,229359.641452531,202.863614374139,5.31253390287549,12.3430465373041
100.96,302.7779,-4.2808,1074.55571853001,,,,,,,,,217896.172737372,202.777919264581,5.31211138642327,12.2917739564708
100.98,302.6924,-4.2357,1063.68369113991,,,,,,,,,215600.580011561,202.692381022134,5.31168946529289,12.281182808234
101.00,302.6085,-4.3824,1100.97991403442,,,,,,,,,223067.87779316,202.608489900376,5.31127549567686,12.3152313888493
101.02,302.5171,-4.4280,1112.92768496287,,,,,,,,,225386.868898569,202.517083494144,5.31082424592229,12.3255736220078
101.04,302.4314,-4.3742,1099.85925724364,,,,,,,,,222646.016247721,202.431369997008,5.31040091550738,12.3133384181475
101.06,302.3421,-4.2663,1073.21519651734,,,,,,,,,217156.635380787,202.342117485362,5.30995991570946,12.2883741941656
101.08,302.2607,-4.1476,1043.76931066171,,,,,,,,,211113.530001682,202.260717809229,5.30955754741082,12.2601513246375
101.10,302.1762,-4.3792,1102.52434826679,,,,,,,,,222904.198864357,202.17621426209,5.3091396649591,12.314497356632
101.12,302.0855,-4.4443,1119.40903523192,,,,,,,,,226216.389337483,202.085548908059,5.30869111719223,12.3292472951123
101.14,301.9984,-4.5093,1136.26558588261,,,,,,,,,229523.878593546,201.998442481438,5.30825998688355,12.3437623492296
101.16,301.9052,-4.4386,1118.97187213774,,,,,,,,,225926.214956476,201.905177942369,5.30779817106408,12.3279637424539
101.18,301.8209,-4.1763,1053.29504283743,,,,,,,,,212576.952177358,201.82089873385,5.30738066417209,12.2670593296876
101.20,301.7381,-4.1217,1039.95512895797,,,,,,,,,209798.59747894,201.738124691166,5.30697044391166,12.2539032898836
101.22,301.6560,-3.9957,1008.56350874446,,,,,,,,,203382.912014571,201.656028848157,5.30656341845816,12.2228457473396
101.24,301.5783,-3.8033,960.364349616893,,,,,,,,,193588.609674101,201.578296561432,5.30617787445662,12.1734906177658
101.26,301.5039,-4.0280,1017.49341764982,,,,,,,,,205028.88939294,201.503897554944,5.30580872390411,12.2309061720597
101.28,301.4172,-4.1869,1058.08620489237,,,,,,,,,213116.734235644,201.41717494306,5.30537825441942,12.2695953426227
101.30,301.3364,-4.0571,1025.69559147162,,,,,,,,,206509.878516573,201.336420116892,5.30497724085559,12.2381035280917
101.32,301.2549,-3.9404,996.596831434983,,,,,,,,,200569.985178325,201.254889491799,5.30457221161496,12.2089185180823
101.34,301.1788,-4.2285,1069.85974005495,,,,,,,,,215233.101369817,201.178802521125,5.30419407741253,12.2794769122154
101.36,301.0857,-4.6981,1189.22571367148,,,,,,,,,239136.343256759,201.085748910085,5.30373142857923,12.3847891421329
101.38,300.9909,-4.4417,1124.85846925516,,,,,,,,,226086.290929109,200.990877615755,5.3032595220329,12.3286720236508
101.40,300.9081,-4.3730,1107.90901083555,,,,,,,,,222587.871480423,200.908079367055,5.30284748687614,12.3130772306268
101.42,300.8160,-4.4164,1119.42156521138,,,,,,,,,224797.713240124,200.815957299943,5.30238885328533,12.3229562245306
101.44,300.7314,-4.3065,1092.02875634682,,,,,,,,,219204.485618567,200.731422450701,5.30196780782592,12.297760297435
101.46,300.6437,-4.1993,1065.29936082412,,,,,,,,,213745.600902333,200.643695812394,5.3015306773925,12.2725418060133
101.48,300.5635,-4.2279,1072.9926916004,,,,,,,,,215203.116930734,200.563450818804,5.30113065961947,12.2793375910438
101.50,300.4746,-4.4285,1124.40400175153,,,,,,,,,225414.418645316,200.474578793903,5.30068744965037,12.325695847687
101.52,300.3863,-4.4159,1121.69308014948,,,,,,,,,224771.936459819,200.386309265512,5.30024704983863,12.3228415513966
101.54,300.2979,-4.3249,1099.06899315768,,,,,,,,,220141.257592978,200.297942134189,5.29980596870082,12.3020246992574
101.56,300.2133,-4.4130,1121.93126088089,,,,,,,,,224625.573147864,200.213311617235,5.29938335626523,12.3221901756591
101.58,300.1214,-4.4028,1119.84941566531,,,,,,,,,224105.855802146,200.121420493846,5.29892428480512,12.3198737897562
101.60,300.0372,-4.4913,1142.82496958366,,,,,,,,,228607.505172419,200.03719839592,5.29850334123327,12.3397618608294
101.62,299.9418,-4.5576,1160.2594921408,,,,,,,,,231984.336121953,199.941769658714,5.29802617244872,12.3544251316534
101.64,299.8549,-4.4267,1127.42734984973,,,,,,,,,225321.873365792,199.854893883694,5.29759157264182,12.3252852072196
101.66,299.7647,-4.5136,1150.07877450273,,,,,,,,,229745.142321748,199.76470083198,5.29714017809341,12.3447258966723
101.68,299.6743,-4.5589,1162.14458047345,,,,,,,,,232050.462594383,199.674349038264,5.29668778469179,12.354710138179
101.70,299.5823,-4.4359,1131.29833769611,,,,,,,,,225787.174401595,199.582344354373,5.29622690482657,12.3273481283829
101.72,299.4969,-4.1818,1066.95326450527,,,,,,,,,212853.884243687,199.496914555469,5.29579877032295,12.2683612198269
101.74,299.4151,-4.4531,1136.65887673007,,,,,,,,,226666.91342091,199.415073476558,5.29538844883593,12.3312368771052
101.76,299.3188,-4.6765,1194.23363514418,,,,,,,,,238033.201618997,199.318788731201,5.29490549638892,12.3801654455249
101.78,299.2280,-4.4543,1138.02928692241,,,,,,,,,226727.316383983,199.228015473245,5.29444997518756,12.3315033249754
101.80,299.1406,-4.2282,1080.72185202811,,,,,,,,,215215.614731646,199.140615439363,5.29401118544107,12.2793956637994
101.82,299.0589,-4.2873,1096.27988040561,,,,,,,,,218224.254624673,199.058888633377,5.29360070372877,12.2932785039701
101.84,298.9691,-4.2705,1092.48992162538,,,,,,,,,217371.762973857,198.969124264741,5.29314965823826,12.2893643601086
101.86,298.8881,-4.0641,1040.11168413626,,,,,,,,,206865.802725466,198.88806738793,5.2927421910383,12.2398255660005
101.88,298.8066,-4.0707,1042.2108881991,,,,,,,,,207198.360550905,198.806559111022,5.29233228719441,12.2414318769371
101.90,298.7252,-4.2600,1091.12865136405,,,,,,,,,216834.804088869,198.725240894185,5.29192317165713,12.2868910711285
101.92,298.6362,-4.0924,1048.67564310422,,,,,,,,,208304.902657503,198.636159833838,5.29147480872266,12.2467581634939
101.94,298.5615,-3.8887,996.844160220545,,,,,,,,,197934.916404299,198.561544826131,5.29109910157375,12.1956935506125
101.96,298.4806,-4.1245,1057.72329690652,,,,,,,,,209937.568357106,198.48061300257,5.29069142786412,12.2545654719615
101.98,298.3966,-4.2182,1082.21878545457,,,,,,,,,214708.49040311,198.3965657304,5.29026788487434,12.2770365285117
102.00,298.3119,-4.0537,1040.45247561851,,,,,,,,,206334.091365631,198.311884685529,5.28984096658678,12.2372519368156
102.02,298.2344,-4.0266,1033.89993178196,,,,,,,,,204954.551682499,198.234418421185,5.28945026182054,12.2305435344319
102.04,298.1508,-4.1020,1053.70364778131,,,,,,,,,208792.24340995,198.150821485325,5.2890284654029,12.2490949858808
102.06,298.0703,-4.1423,1064.48506852485,,,,,,,,,210842.918784675,198.070339377195,5.28862221698819,12.2588686744736
102.08,297.9851,-4.1786,1074.29669216445,,,,,,,,,212694.771246644,197.985130921436,5.28819193151828,12.2676134181247
102.10,297.9032,-4.1965,1079.32342624457,,,,,,,,,213601.552914252,197.903193538069,5.28777798960853,12.2718676562396
102.12,297.8173,-4.4261,1138.88611191866,,,,,,,,,225291.344335824,197.817272489415,5.28734373837626,12.3251497072883
102.14,297.7261,-4.3893,1129.94222930831,,,,,,,,,223419.125257476,197.726148702523,5.28688298598538,12.316804771879
102.16,297.6417,-4.3889,1130.3024455162,,,,,,,,,223394.895641279,197.641698934179,5.28645579004554,12.3166963168391
102.18,297.5506,-4.4005,1133.81216230634,,,,,,,,,223985.266361301,197.550594188091,5.28599472463871,12.3193355535011
102.20,297.4657,-4.4070,1135.9900244439,,,,,,,,,224319.043192896,197.465680477879,5.28556479950921,12.3208246174524
102.22,297.3743,-4.7093,1214.48251932245,,,,,,,,,239707.653428636,197.374313433813,5.28510199408369,12.3871753491102
102.24,297.2773,-4.6591,1202.11215716753,,,,,,,,,237149.448608357,197.277306609343,5.2846103866938,12.3764458062276
102.26,297.1879,-4.4291,1143.29729885992,,,,,,,,,225444.450518535,197.187949926363,5.28415733445141,12.3258290684145
102.28,297.1001,-4.2700,1102.70230807762,,,,,,,,,217342.780905463,197.100141455553,5.2837119318426,12.2892310217198
102.30,297.0172,-4.0783,1053.64486622074,,,,,,,,,207586.110189498,197.017151456426,5.28329078817879,12.2433015214339
102.32,296.9370,-3.9603,1023.5846460787,,,,,,,,,201581.699935915,196.937010249387,5.28288393268171,12.2139500369317
102.34,296.8587,-4.1503,1073.11829671111,,,,,,,,,211252.714480478,196.858738806267,5.28248640962902,12.2608103947486
102.36,296.7710,-4.5147,1167.86547706481,,,,,,,,,229802.055040955,196.770997648219,5.28204060408449,12.3449735870938
102.38,296.6781,-4.3760,1132.51768712156,,,,,,,,,222741.482680182,196.678149236069,5.28156863247338,12.313767107476
102.40,296.5960,-4.0758,1055.25923018526,,,,,,,,,207459.697837503,196.595956617297,5.2811506409568,12.2426923724992
102.42,296.5151,-4.2850,1109.88615106965,,,,,,,,,218109.407245726,196.515117370844,5.28073936153507,12.2927520839772
102.44,296.4246,-4.4137,1143.75332830538,,,,,,,,,224661.239337406,196.424555695301,5.28027841710337,12.3223489436826
102.46,296.3386,-4.4311,1148.74434498277,,,,,,,,,225542.819350016,196.338567702284,5.27984055525093,12.3262653061516
102.48,296.2473,-4.4916,1164.97276959642,,,,,,,,,228622.776029343,196.247313238526,5.27937566606448,12.3398286580541
102.50,296.1589,-4.6594,1209.03418797423,,,,,,,,,237162.822259273,196.158904866574,5.27892506987426,12.3765021979836
102.52,296.0609,-4.4855,1164.50701740786,,,,,,,,,228314.339562911,196.060939221413,5.27842552530162,12.3384786407202
102.54,295.9795,-4.0848,1060.92226924207,,,,,,,,,207918.999330621,195.979484415159,5.27800998240086,12.2449038565423
102.56,295.8975,-4.3422,1128.23802180779,,,,,,,,,221019.0602441,195.897546414859,5.27759180019038,12.3060042222294
102.58,295.8058,-4.4026,1144.46058665421,,,,,,,,,224092.017244372,195.805796947099,5.27712333612954,12.3198120377551
102.60,295.7214,-4.1173,1070.76046571905,,,,,,,,,209570.784602047,195.721444068552,5.27669244463074,12.2528168352732
102.62,295.6411,-4.2023,1093.33057697418,,,,,,,,,213900.403398824,195.641106087784,5.27628188934452,12.2732657809912
102.64,295.5534,-4.4127,1148.58563131293,,,,,,,,,224609.768867168,195.553350785366,5.27583323623941,12.3221198148516
102.66,295.4646,-4.4058,1147.3130821207,,,,,,,,,224259.089077197,195.464596867208,5.2753792728333,12.3205573101017
102.68,295.3771,-4.3191,1125.23866831102,,,,,,,,,219845.887115734,195.377117145931,5.27493162500247,12.3006820667502
102.70,295.2918,-4.1258,1075.34470253724,,,,,,,,,210006.036275252,195.291831335338,5.27449501076794,12.2548915534544
102.72,295.2121,-4.1930,1093.28749650896,,,,,,,,,213422.930872292,195.212084244798,5.27408657905463,12.2710310669611
102.74,295.1241,-4.3607,1137.54941080284,,,,,,,,,221963.320087307,195.124113273158,5.27363583442121,12.3102674223713
102.76,295.0377,-4.3543,1136.3694367975,,,,,,,,,221634.829861745,195.03765473168,5.27319264111022,12.308786395971
102.78,294.9499,-4.5427,1186.08703238835,,,,,,,,,231227.598056662,194.949941903549,5.27274281742163,12.3511577774137
102.80,294.8559,-4.6598,1217.24252177989,,,,,,,,,237186.941754888,194.855944900829,5.27226054145955,12.3766038929667
102.82,294.7635,-4.4046,1151.12296254166,,,,,,,,,224196.793441927,194.76354893217,5.27178625322781,12.3202794872964
102.84,294.6798,-4.2748,1117.66798931094,,,,,,,,,217587.336160507,194.679760216318,5.27135595328337,12.2903555944786
102.86,294.5926,-4.4380,1160.86045459129,,,,,,,,,225894.805663708,194.592558278885,5.270907927905,12.3278247082285
102.88,294.5022,-4.7452,1241.78941020476,,,,,,,,,241530.823323238,194.502241151671,5.27044368562282,12.3947523767388
102.90,294.4028,-4.7783,1251.10713870236,,,,,,,,,243218.670404301,194.40275167526,5.26993204663429,12.401716195882
102.92,294.3111,-4.5339,1187.66631586622,,,,,,,,,230776.757955721,194.31110815617,5.26946052487879,12.349206106447
102.94,294.2214,-4.5887,1202.57637936614,,,,,,,,,233566.063361107,194.221396136366,5.26899872556775,12.3612202426749
102.96,294.1276,-4.5935,1204.41123063873,,,,,,,,,233809.41421875,194.127560646172,5.26851547208976,12.362261593329
102.98,294.0377,-4.3524,1141.73030125173,,,,,,,,,221538.673025486,194.037657389494,5.26805225048149,12.3083524492791
103.00,293.9535,-4.1731,1095.18379647476,,,,,,,,,212414.691964281,193.953464841256,5.26761825833716,12.2662957371643
103.02,293.8707,-4.3069,1130.76952847351,,,,,,,,,219223.115812928,193.870731650215,5.26719160526577,12.2978452838469
103.04,293.7812,-4.2723,1122.21385994982,,,,,,,,,217463.935771504,193.781188713199,5.26672962928214,12.2897883032176
103.06,293.6998,-3.8500,1011.69691641757,,,,,,,,,195965.528785769,193.699837970925,5.26630973391763,12.1856940492031
103.08,293.6272,-3.5947,944.960983615357,,,,,,,,,182970.139465367,193.627189521979,5.26593460672722,12.1170782461891
103.10,293.5561,-3.7848,995.311290216669,,,,,,,,,192648.523034395,193.55605118521,5.26556714073133,12.1686226834503
103.12,293.4758,-3.9707,1044.62765062758,,,,,,,,,202110.167267474,193.475796994319,5.26515242451395,12.2165682102286
103.14,293.3972,-3.6670,965.113015167646,,,,,,,,,186650.177246072,193.39722323986,5.26474622531457,12.1369914339596
103.16,293.3291,-4.0221,1058.94284874134,,,,,,,,,204724.487231631,193.329118256916,5.26439401251529,12.2294203894662
103.18,293.2363,-4.5680,1203.24610604067,,,,,,,,,232510.874655777,193.236340835429,5.26391400365218,12.3566922756288
103.20,293.1464,-4.3190,1138.19081821354,,,,,,,,,219837.459011438,193.146399965241,5.26344845039467,12.3006437295952
103.22,293.0636,-4.2643,1124.27604541851,,,,,,,,,217056.760402962,193.063581926771,5.26301957468652,12.2879141669967
103.24,292.9758,-4.5327,1195.57372885179,,,,,,,,,230716.828184766,192.97582626405,5.26256492854226,12.3489463855188
103.26,292.8823,-4.9182,1297.87574101646,,,,,,,,,250337.223626454,192.88227348359,5.2620800208399,12.4305641824093
103.28,292.7791,-4.7876,1264.08823300864,,,,,,,,,243689.790824618,192.779099165108,5.26154496948002,12.403651346346
103.30,292.6908,-4.5245,1195.16177577857,,,,,,,,,230296.643158738,192.690770258875,5.26108667732914,12.3471235097526
103.32,292.5981,-4.6918,1239.9525221769,,,,,,,,,238812.525805805,192.598120923645,5.26060574294906,12.3834341122481
103.34,292.5031,-4.4141,1167.14708021171,,,,,,,,,224679.43089236,192.503099824921,5.26011225658479,12.3224299136734
103.36,292.4216,-4.2265,1118.00737657202,,,,,,,,,215128.720091948,192.42155695928,5.25968857436322,12.2789918260637
103.38,292.3340,-4.6348,1226.57308796839,,,,,,,,,235911.758923288,192.334041271064,5.25923365861864,12.3712131112212
103.40,292.2362,-4.7651,1261.70976897326,,,,,,,,,242546.248703511,192.23616608825,5.25872464786818,12.3989476874788
103.42,292.1434,-4.4645,1182.69148462331,,,,,,,,,227246.406407871,192.14343669706,5.2582421592433,12.333790198528
103.44,292.0576,-4.2412,1124.02510560401,,,,,,,,,215877.547115961,192.057584870364,5.25779524826022,12.282466614411
103.46,291.9738,-4.1646,1104.21140416453,,,,,,,,,211979.647863911,191.973789678707,5.25735885061909,12.2642455484039
103.48,291.8910,-4.2622,1130.5778476911,,,,,,,,,216947.71491293,191.891001009782,5.25692750774933,12.287411658389
103.50,291.8033,-4.6420,1231.88492943469,,,,,,,,,236279.596743997,191.803301670737,5.25647037643432,12.3727711147327
103.52,291.7053,-4.7318,1256.35044901082,,,,,,,,,240849.066209083,191.705321074,5.25595940696423,12.3919257349866
103.54,291.6140,-4.4298,1176.73012907769,,,,,,,,,225478.003225595,191.614030824828,5.25548309263027,12.3259778864955
103.56,291.5281,-3.9966,1062.12355752944,,,,,,,,,203426.538327653,191.52812955287,5.25503468844884,12.2230602276729
103.58,291.4542,-3.9719,1055.97180818104,,,,,,,,,202170.204401212,191.454168411427,5.25464845053259,12.2168652176442
103.60,291.3693,-4.6434,1235.03867885376,,,,,,,,,236348.43116129,191.369254427436,5.25420483094028,12.3730623984219
103.62,291.2684,-4.7574,1266.04035307092,,,,,,,,,242153.556196601,191.268434382231,5.25367785698823,12.397327333648
103.64,291.1790,-4.6274,1232.03135847213,,,,,,,,,235538.471890685,191.178958450198,5.2532099446147,12.3696295416895
103.66,291.0833,-4.3616,1161.83033412038,,,,,,,,,222006.417106808,191.083336858207,5.25270965151669,12.3104615663232
103.68,291.0045,-3.9257,1046.14401732699,,,,,,,,,199818.209799371,191.004495069358,5.25229696216425,12.2051632811806
103.70,290.9263,-3.7945,1011.60683686937,,,,,,,,,193142.360578646,190.926310043895,5.2518875423138,12.1711828155579
103.72,290.8527,-4.0007,1066.98868073567,,,,,,,,,203637.686016785,190.85271446027,5.25150200209387,12.2240976448442
103.74,290.7663,-4.4919,1198.53974560217,,,,,,,,,228640.970738702,190.766281700427,5.2510490227496,12.3399082388628
103.76,290.6730,-4.3798,1169.2022454954,,,,,,,,,222935.343397313,190.673037326278,5.25056011470391,12.3146370684792
103.78,290.5911,-3.8483,1027.74289427037,,,,,,,,,195878.636736634,190.591088324376,5.25013023422132,12.1852505461057
103.80,290.5191,-3.8435,1026.85895713717,,,,,,,,,195636.250932153,190.519106419033,5.24975248570034,12.184012351375
103.82,290.4373,-3.8980,1041.85196503823,,,,,,,,,198407.525121722,190.437347895621,5.24932325803538,12.1980784021546
103.84,290.3632,-4.1538,1110.67072296342,,,,,,,,,211430.81985147,190.363188188975,5.24893376432119,12.2616531310611
103.86,290.2712,-4.4097,1179.6514941394,,,,,,,,,224453.699863475,190.271195330637,5.248450398319,12.3214247282064
103.88,290.1868,-4.3301,1158.88120481688,,,,,,,,,220403.909795829,190.186801614972,5.24800675556354,12.3032170956491
103.90,290.0980,-4.4039,1179.19606007327,,,,,,,,,224162.802342335,190.097991277554,5.24753968277656,12.3201278630199
103.92,290.0106,-4.2805,1146.66955365358,,,,,,,,,217879.419934759,190.010643642311,5.24708008976153,12.2916970691788
103.94,289.9268,-4.2483,1138.53910422153,,,,,,,,,216239.055825307,189.926771090712,5.24663858255687,12.2841398146131
103.96,289.8407,-4.4123,1183.03201386714,,,,,,,,,224587.640461803,189.840712532929,5.24618536545448,12.3220212906619
103.98,289.7503,-4.4820,1202.28597043019,,,,,,,,,228134.098639157,189.750279259708,5.24570888799907,12.3376888869691
104.00,289.6614,-4.4860,1203.9343158784,,,,,,,,,228339.908458477,189.661433723549,5.24524055486785,12.3385906243302
104.02,289.5708,-4.4555,1196.30927404025,,,,,,,,,226785.352442365,189.570838715018,5.24476277374615,12.3317592651627
104.04,289.4832,-4.2460,1140.59111973138,,,,,,,,,216122.8721666,189.483214824169,5.24430044447363,12.2836023775541
104.06,289.4010,-4.3111,1158.5851858839,,,,,,,,,219437.191526855,189.400998908374,5.24386645480552,12.2988213271649
104.08,289.3108,-4.3900,1180.35728978101,,,,,,,,,223454.347952493,189.310770465061,5.24338995287282,12.3169624124515
104.10,289.2254,-4.3525,1170.80103136099,,,,,,,,,221545.290755757,189.22539767344,5.2429388847834,12.3083823205035
104.12,289.1367,-4.3290,1165.03230421969,,,,,,,,,220350.329832969,189.136669459612,5.24246987256912,12.3029739671284
104.14,289.0522,-4.1577,1119.42092998726,,,,,,,,,211629.029532664,189.052235726084,5.24202335637695,12.2625901601646
104.16,288.9704,-4.0552,1092.30710586767,,,,,,,,,206413.668262725,188.970361131874,5.24159018335412,12.2376375326001
104.18,288.8900,-4.1032,1105.68677667508,,,,,,,,,208853.203862982,188.890025881494,5.24116497206259,12.2493869103055
104.20,288.8062,-4.1034,1106.24411855657,,,,,,,,,208865.786110887,188.806234182212,5.24072127319915,12.2494471529481
104.22,288.7259,-4.1346,1115.1138703448,,,,,,,,,210450.856566221,188.725889044093,5.24029563980592,12.2570074443554
104.24,288.6409,-4.1244,1112.86197419811,,,,,,,,,209931.230659284,188.640851719778,5.23984495183282,12.2545352830176
104.26,288.5609,-4.1401,1117.58027121726,,,,,,,,,210731.958447138,188.560914928831,5.23942111080549,12.2583422657804
104.28,288.4752,-4.2973,1160.54658719285,,,,,,,,,218734.306247432,188.47524835389,5.23896668979893,12.2956130587773
104.30,288.3890,-4.3729,1181.51631105481,,,,,,,,,222584.703416624,188.389022930974,5.23850909574722,12.3130629976575
104.32,288.3003,-4.4798,1210.96246330538,,,,,,,,,228024.632097036,188.300330527696,5.23803819098656,12.3372089376145
104.34,288.2098,-4.4505,1203.62402451863,,,,,,,,,226533.873213933,188.209830145698,5.23755745822982,12.330649763337
104.36,288.1223,-4.3305,1171.70667574849,,,,,,,,,220424.165608795,188.122309252858,5.23709233242601,12.3033089945734
104.38,288.0366,-4.1545,1124.59880878365,,,,,,,,,211465.747810091,188.036610174617,5.23663667884292,12.2618183154649
104.40,287.9561,-4.3798,1186.10664635982,,,,,,,,,222936.014115387,187.956129239795,5.23620858049094,12.3146400770513
104.42,287.8614,-4.5422,1230.69049910514,,,,,,,,,231199.260153752,187.861416271484,5.23570454351104,12.3510352157482
104.44,287.7744,-4.1974,1137.79500102626,,,,,,,,,213648.821061996,187.774441678238,5.23524146421251,12.272088922976
104.46,287.6935,-4.0422,1096.18679292228,,,,,,,,,205747.158501702,187.693520693867,5.23481042351805,12.2344033080027
104.48,287.6128,-4.0816,1107.3690455617,,,,,,,,,207756.558114225,187.612755609258,5.23438002791342,12.2441222795563
104.50,287.5303,-4.0523,1099.8863690262,,,,,,,,,206261.971850072,187.530255541478,5.23394019528076,12.236902347846
104.52,287.4507,-4.1322,1122.06688279187,,,,,,,,,210332.183325813,187.450664975047,5.23351569065521,12.2564433852927
104.54,287.3650,-4.4336,1204.44710328643,,,,,,,,,225671.190963424,187.364966338216,5.2330584064271,12.3268343116077
104.56,287.2733,-4.3993,1195.71271736474,,,,,,,,,223925.092305273,187.273321637648,5.23256916277349,12.3190668655584
104.58,287.1890,-4.1026,1115.58967256038,,,,,,,,,208826.109828161,187.188995169601,5.23211877582832,12.2492571742426
104.60,287.1092,-4.1570,1130.84918572105,,,,,,,,,211592.304531649,187.109215979789,5.23169248904071,12.2624166103071
104.62,287.0227,-4.4955,1223.48989279706,,,,,,,,,228820.402385033,187.022715702145,5.2312300838202,12.3406927057755
104.64,286.9294,-4.4339,1207.34378168995,,,,,,,,,225688.046096845,186.92939783973,5.23073099390482,12.3269089977204
104.66,286.8454,-4.3822,1193.80066852065,,,,,,,,,223056.114626443,186.845359119167,5.23028131815537,12.3151786538836
104.68,286.7541,-4.4293,1207.23044860932,,,,,,,,,225455.24745869,186.754109555806,5.22979282942439,12.325876959066
104.70,286.6682,-4.2900,1169.79031267957,,,,,,,,,218362.635060701,186.668185480619,5.2293326315313,12.2939124233293
104.72,286.5825,-4.2474,1158.70664455633,,,,,,,,,216194.393672239,186.582509635145,5.22887355216132,12.2839332526403
104.74,286.4983,-4.4214,1206.71740547866,,,,,,,,,225050.73199414,186.498289468917,5.22842206729338,12.3240811313003
104.76,286.4057,-4.6159,1260.44285441003,,,,,,,,,234953.674460241,186.405653884415,5.22792523378942,12.3671436437372
104.78,286.3137,-4.5909,1254.21872615676,,,,,,,,,233678.070658724,186.313651507,5.22743155193311,12.3616996806886
104.80,286.2220,-4.4604,1219.1786816846,,,,,,,,,227037.914837068,186.222018353666,5.22693960894566,12.3328723082303
104.82,286.1352,-4.6954,1283.99280425207,,,,,,,,,238996.301243101,186.135234131874,5.22647347475445,12.3842033548236
104.84,286.0342,-4.4196,1209.24895680195,,,,,,,,,224961.666511959,186.034203500084,5.22593054659295,12.3236852956138
104.86,285.9584,-4.2460,1162.20060951346,,,,,,,,,216121.022043403,185.958448373108,5.22552325291313,12.283593817002
104.88,285.8644,-4.6480,1272.8780117982,,,,,,,,,236582.663572903,185.864365147357,5.22501718806537,12.3740529546926
104.90,285.7725,-4.5141,1236.8396866919,,,,,,,,,229770.838138513,185.772530272753,5.22452296977001,12.3448377352933
104.92,285.6838,-4.7835,1311.2659438517,,,,,,,,,243480.843407782,185.683800108911,5.22404522765998,12.4027935465734
104.94,285.5812,-4.7822,1311.64089745183,,,,,,,,,243415.880240051,185.581191249025,5.22349247496373,12.4025267007929
104.96,285.4925,-4.4424,1219.03567873419,,,,,,,,,226121.990432285,185.492512136382,5.22301451539116,12.3288299132991
104.98,285.4035,-4.4191,1213.21581370599,,,,,,,,,224934.450414459,185.403493651599,5.22253449681397,12.32356430725
105.00,285.3157,-4.4097,1211.19653188473,,,,,,,,,224453.790997007,185.315747765342,5.22206111492227,12.3214251342301
105.02,285.2271,-4.9533,1361.17815211622,,,,,,,,,252127.09123623,185.227107005978,5.22158267762459,12.4376885696643
105.04,285.1176,-5.1552,1417.49614939719,,,,,,,,,262403.505174978,185.117614101857,5.22099137497563,12.4776386940992
105.06,285.0209,-4.7631,1310.36529882805,,,,,,,,,242444.963824632,185.020897639358,5.22046877891155,12.3985300103014
105.08,284.9271,-4.5522,1252.98420536141,,,,,,,,,231710.721813842,184.92708912241,5.21996163454361,12.3532449839025
105.10,284.8388,-4.2376,1166.9299490341,,,,,,,,,215693.940969908,184.83880814649,5.2194841379532,12.2816157419035
105.12,284.7576,-4.2725,1177.06718861353,,,,,,,,,217472.092787862,184.757586390648,5.21904462199282,12.2898258122572
105.14,284.6679,-4.6655,1285.94967662222,,,,,,,,,237473.63664843,184.667908057022,5.21855912038702,12.3778118927099
105.16,284.5710,-4.7332,1305.31639433115,,,,,,,,,240923.510605333,184.570968120555,5.21803404058125,12.3922347787157
105.18,284.4786,-4.3982,1213.53735401594,,,,,,,,,223871.646279269,184.478578709105,5.21753335218223,12.3188281589237
105.20,284.3950,-4.0495,1117.81940630441,,,,,,,,,206120.352967262,184.395038952411,5.21708040703179,12.2362155148765
105.22,284.3166,-4.0644,1122.4079292662,,,,,,,,,206878.412623627,184.316599365863,5.21665492771636,12.2398865210433
105.24,284.2325,-4.3347,1197.59940263548,,,,,,,,,220636.688699797,184.232463889224,5.21619835090481,12.3042726852087
105.26,284.1432,-4.8346,1336.368273373,,,,,,,,,246083.146786775,184.143212383858,5.21571378304183,12.4134247528752
105.28,284.0391,-4.9309,1363.7568069354,,,,,,,,,250984.54788706,184.039079849629,5.21514812554443,12.4331466540159
105.30,283.9460,-4.7861,1324.37094730869,,,,,,,,,243612.707265088,183.945976586201,5.21464210898867,12.4033349779282
105.32,283.8476,-4.5188,1251.08383466102,,,,,,,,,230008.806942674,183.847637200903,5.21410735588827,12.3458728782274
105.34,283.7652,-4.4076,1220.85666225998,,,,,,,,,224350.998671799,183.765224540359,5.2136589893021,12.3209670627952
105.36,283.6713,-4.6132,1278.45755883707,,,,,,,,,234816.001886213,183.671331334464,5.21314791762762,12.3665575157477
105.38,283.5807,-4.7257,1310.27851556316,,,,,,,,,240541.840226942,183.580694768209,5.21265432433662,12.3906493252342
105.40,283.4823,-4.9114,1362.50083840155,,,,,,,,,249994.790200015,183.482301921592,5.21211821554951,12.4291953574273
105.42,283.3842,-4.6063,1278.518179883,,,,,,,,,234460.080614435,183.384236770017,5.21158360612855,12.365040620456
105.44,283.2981,-4.0667,1129.28907406496,,,,,,,,,206996.48725114,183.298051849594,5.21111352658184,12.2404571023023
105.46,283.2216,-3.8309,1064.24144105239,,,,,,,,,194991.986537253,183.221568918076,5.21069617957887,12.1807137420207
105.48,283.1448,-3.9266,1091.3094053356,,,,,,,,,199867.662110812,183.144817714962,5.2102771935199,12.2054107370712
105.50,283.0645,-4.0686,1131.26826032216,,,,,,,,,207095.06210903,183.064503241746,5.20983856746694,12.240933204072
105.52,282.9821,-4.1760,1161.63330978402,,,,,,,,,212558.070390979,182.98207239813,5.20938818300499,12.2669705024426
105.54,282.8975,-4.2541,1183.92155848774,,,,,,,,,216536.251603528,182.897464828765,5.20892569433173,12.2855132563037
105.56,282.8119,-4.1103,1144.44515410191,,,,,,,,,209218.201922799,182.81190773793,5.20845779769678,12.2511330146671
105.58,282.7331,-3.8031,1059.35821311231,,,,,,,,,193579.758432622,182.733051045972,5.20802635039441,12.173444894808
105.60,282.6598,-4.0951,1141.14225289542,,,,,,,,,208440.796742981,182.659783400452,5.2076253154556,12.2474103314251
105.62,282.5692,-4.5789,1276.60043414884,,,,,,,,,233067.981496185,182.569248185773,5.20712954316642,12.3590854560704
105.64,282.4766,-4.5458,1268.01601573108,,,,,,,,,231383.285922216,182.476627307275,5.20662209527176,12.3518308608919
105.66,282.3874,-4.4690,1247.18866820092,,,,,,,,,227471.518467458,182.387416007866,5.20613308407529,12.3347803159861
105.68,282.2979,-4.5660,1274.89497055904,,,,,,,,,232410.636568152,182.297869185443,5.20564199311078,12.3562610712781
105.70,282.2048,-4.6964,1311.97955629329,,,,,,,,,239048.941811414,182.204776488129,5.20513120011412,12.3844235874032
105.72,282.1100,-4.7425,1325.53468805596,,,,,,,,,241393.139226576,182.110012964357,5.20461097129743,12.3941821664736
105.74,282.0151,-4.7929,1340.32030975893,,,,,,,,,243958.505837441,182.015078083327,5.20408953025689,12.4047534317706
105.76,281.9183,-4.9547,1386.30478358392,,,,,,,,,252194.207529576,181.918298570387,5.20355767733309,12.4379547344838
105.78,281.8169,-4.8924,1369.63850985314,,,,,,,,,249023.416582087,181.816891676613,5.20300009093991,12.4253022135235
105.80,281.7226,-4.3761,1225.73489978009,,,,,,,,,222743.737709256,181.722603924568,5.2024813701115,12.3137772313992
105.82,281.6418,-4.3904,1230.30458271851,,,,,,,,,223474.799082629,181.64184887358,5.20203688495784,12.3170539308959
105.84,281.5470,-4.7385,1328.54862263331,,,,,,,,,241193.999014768,181.546986618147,5.20151449964023,12.3933568638191
105.86,281.4523,-4.6754,1311.53404682903,,,,,,,,,237980.87845737,181.452306962788,5.20099284761952,12.3799456068099
105.88,281.3600,-4.5223,1269.22545724647,,,,,,,,,230186.690510453,181.359969732905,5.20048383930968,12.3466459565283
105.90,281.2714,-4.4251,1242.55981248814,,,,,,,,,225240.575590205,181.271415127434,5.19999543918256,12.3249243348182
105.92,281.1830,-4.5951,1290.91075532135,,,,,,,,,233891.037933448,181.182964793895,5.19950737591063,12.3626106360342
105.94,281.0876,-4.6356,1302.98655245101,,,,,,,,,235954.723559881,181.087612236698,5.19898095966021,12.3713952162798
105.96,280.9975,-4.3610,1226.40349383945,,,,,,,,,221976.01562756,180.997540159176,5.19848344089268,12.3103246173042
105.98,280.9132,-4.5009,1266.33405766116,,,,,,,,,229096.512128823,180.913172746811,5.1980172075877,12.3418986440953
106.00,280.8175,-4.8717,1371.40300105615,,,,,,,,,247973.669053593,180.817505038725,5.19748826317578,12.4210778463394
106.02,280.7183,-4.7063,1325.56254052807,,,,,,,,,239553.412902099,180.718303043376,5.19693948213877,12.3865316893486
106.04,280.6293,-4.5376,1278.66071869694,,,,,,,,,230963.529665717,180.629252379855,5.19644660117701,12.3500150968045
106.06,280.5368,-4.5537,1283.87259946667,,,,,,,,,231786.251652926,180.536800730238,5.19593463915378,12.3535708968817
106.08,280.4471,-4.4283,1249.12817066959,,,,,,,,,225401.560337536,180.447103531986,5.19543767959941,12.3256388030906
106.10,280.3597,-4.4891,1266.90416645622,,,,,,,,,228498.416473559,180.359669281627,5.19495301989422,12.3392845591986
106.12,280.2675,-4.4108,1245.4381642624,,,,,,,,,224512.072130925,180.26753842403,5.19444207198107,12.3216847581304
106.14,280.1832,-4.4674,1261.9958618021,,,,,,,,,227390.499252979,180.183236835873,5.193974315519,12.3344240795356
106.16,280.0888,-4.7066,1330.28974235612,,,,,,,,,239570.341847414,180.088843971016,5.1934503067376,12.3866023556228
106.18,279.9950,-4.2921,1213.74263569024,,,,,,,,,218467.570358891,179.994970873418,5.19292891090777,12.2943928630924
106.20,279.9172,-4.0970,1159.07594081585,,,,,,,,,208537.653335511,179.917161587122,5.19249653155464,12.2478748954535
106.22,279.8311,-4.4245,1252.34603968687,,,,,,,,,225210.755751806,179.831091898623,5.19201803199665,12.3247919349944
106.24,279.7402,-4.3950,1244.62026624574,,,,,,,,,223708.270788695,179.740180081983,5.19151236413238,12.3180981194755
106.26,279.6553,-4.4287,1254.75219178594,,,,,,,,,225422.87029731,179.655291118843,5.191039965499,12.3257333408235
106.28,279.5630,-4.5145,1279.72164996695,,,,,,,,,229790.699439467,179.563031886975,5.19052629886238,12.3449241711647
106.30,279.4747,-4.4999,1276.19467129107,,,,,,,,,229044.669136417,179.474710472426,5.19003430926958,12.3416723252454
106.32,279.3830,-4.4966,1275.9082764147,,,,,,,,,228876.302203915,179.383037507255,5.18952339391283,12.3409369715463
106.34,279.2948,-4.4936,1275.70841566851,,,,,,,,,228727.946994464,179.294848403586,5.1890316484838,12.3402885719088
106.36,279.2033,-4.8033,1364.30183504382,,,,,,,,,244487.380153027,179.203292023114,5.18852087103679,12.4069189716489
106.38,279.1027,-4.9939,1419.25847729488,,,,,,,,,254193.05138809,179.102718394597,5.1879594870341,12.4458493021479
106.40,279.0035,-4.6963,1335.41347354557,,,,,,,,,239043.732221881,179.003534828214,5.18740555328943,12.3844017941827
106.42,278.9149,-4.6079,1310.92392531463,,,,,,,,,234543.778784479,178.914866267458,5.18691008525929,12.3653975393566
106.44,278.8192,-4.9659,1413.53735138831,,,,,,,,,252767.645177348,178.819218982145,5.18637534567737,12.4402259472149
106.46,278.7162,-4.8190,1372.51198989397,,,,,,,,,245290.167400919,178.716229225704,5.18579923631644,12.4101971454681
106.48,278.6265,-4.6219,1317.03746752584,,,,,,,,,235257.738014543,178.626458104107,5.18529679915083,12.3684369496359
106.50,278.5314,-4.7226,1346.45173895682,,,,,,,,,240383.849784109,178.531352315939,5.18476422902278,12.3899922987879
106.52,278.4376,-4.5925,1310.04939267425,,,,,,,,,233762.007738496,178.437552847767,5.18423869601991,12.3620588158358
106.54,278.3477,-4.6614,1330.36437351785,,,,,,,,,237267.360756014,178.347650823371,5.1837347399961,12.3769428887413
106.56,278.2511,-4.8328,1380.04144987337,,,,,,,,,245993.901902745,178.251096679247,5.18319321175372,12.413062025594
106.58,278.1543,-4.8937,1398.17827104994,,,,,,,,,249091.522770272,178.154336916723,5.18265023594146,12.4255756692391
106.60,278.0553,-4.8852,1396.51157955863,,,,,,,,,248656.355999763,178.055348512292,5.18209444865645,12.4238271258502
106.62,277.9589,-4.3171,1234.79255716174,,,,,,,,,219742.363139523,177.958930724864,5.18155279740588,12.3002110624499
106.64,277.8827,-4.0412,1156.38583357922,,,,,,,,,205700.993075824,177.88266433457,5.18112414379977,12.2341789034166
106.66,277.7973,-4.4687,1279.31515038417,,,,,,,,,227458.755197138,177.797280934908,5.18064403013333,12.3347242051003
106.68,277.7039,-4.7406,1357.87356223164,,,,,,,,,241299.449771033,177.703916242733,5.18011877342498,12.3937939713413
106.70,277.6077,-4.8608,1393.05580987665,,,,,,,,,247417.377286428,177.607656155812,5.17957693861433,12.4188319761118
106.72,277.5095,-4.8066,1378.29380210759,,,,,,,,,244660.221199407,177.509483700275,5.1790240367855,12.4076256747099
106.74,277.4154,-4.6594,1336.78599871828,,,,,,,,,237166.409736872,177.415390319969,5.17849382101649,12.3765173245132
106.76,277.3231,-4.6439,1333.01534329207,,,,,,,,,236374.422169865,177.32310686395,5.17797353095024,12.3731723614093
106.78,277.2296,-4.8368,1389.1338996919,,,,,,,,,246195.695211209,177.229635865781,5.17744626947926,12.4138820076536
106.80,277.1296,-5.2801,1517.30100829276,,,,,,,,,268758.972840812,177.129634378359,5.17688186211942,12.5015702451813
106.82,277.0184,-5.2654,1514.03012267564,,,,,,,,,268011.238415617,177.018432065261,5.17625386311398,12.4987841930004
106.84,276.9190,-4.7312,1361.19403675158,,,,,,,,,240821.112539621,176.919018183717,5.17569210349183,12.391809665233
106.86,276.8292,-4.5920,1321.81871682085,,,,,,,,,233736.124016319,176.829183186697,5.17518419985527,12.3619480828919
106.88,276.7353,-4.6278,1332.83441243841,,,,,,,,,235558.939089926,176.735337031831,5.17465334253389,12.3697164332698
106.90,276.6441,-4.4955,1295.3929624509,,,,,,,,,228823.484590752,176.644069578558,5.17413680165123,12.3407061756625
106.92,276.5555,-4.5432,1309.80150404305,,,,,,,,,231252.681019013,176.555516469626,5.17363536782013,12.3512662489032
106.94,276.4623,-4.7121,1359.18878926064,,,,,,,,,239845.63430404,176.462340036301,5.1731074827074,12.3877508049886
106.96,276.3670,-4.7390,1367.6941378615,,,,,,,,,241216.158745018,176.367034169043,5.17256724498036,12.3934487347298
106.98,276.2728,-4.6936,1355.30995155425,,,,,,,,,238904.253886195,176.272780711322,5.17203268560284,12.3838181392927
107.00,276.1793,-4.8187,1392.17543367599,,,,,,,,,245272.481758578,176.179291650726,5.17150217907376,12.4101250419667
107.02,276.0800,-5.3648,1550.82815488186,,,,,,,,,273069.873823384,176.080033731517,5.17093862878746,12.517482989489
107.04,275.9647,-5.6323,1629.21245850386,,,,,,,,,286683.881717977,175.964700135699,5.17028340751102,12.5661354302631
107.06,275.8547,-5.4421,1575.18443289476,,,,,,,,,277003.654680607,175.854743670587,5.16965833422057,12.5317859788752
107.08,275.7470,-5.2323,1515.38532301217,,,,,,,,,266324.450527153,175.7470172654,5.16904555908388,12.4924705833107
107.10,275.6455,-5.1501,1492.44603640723,,,,,,,,,262141.360195718,175.645453035456,5.16846749187211,12.4766391799741
107.12,275.5410,-5.0463,1463.23487708186,,,,,,,,,256857.733904086,175.541013904985,5.16787271306722,12.4562776460284
107.14,275.4436,-5.0244,1457.68632625981,,,,,,,,,255741.739379674,175.443601804146,5.16731763401828,12.4519233837015
107.16,275.3400,-5.0677,1471.13944634644,,,,,,,,,257949.648891535,175.340039676151,5.16672717244165,12.4605196855226
107.18,275.2409,-4.9028,1424.0547627093,,,,,,,,,249552.627576404,175.240892493224,5.16616155590936,12.4274251041006
107.20,275.1439,-4.6632,1355.21875885911,,,,,,,,,237358.338285368,175.143929150736,5.16560808818488,12.3773262541202
107.22,275.0544,-4.5546,1324.33328117596,,,,,,,,,231830.321359701,175.054364830161,5.16509658185223,12.3537610096148
107.24,274.9617,-4.8097,1399.24413871262,,,,,,,,,244814.197128738,174.961745670759,5.1645673538608,12.4082548227456
107.26,274.8620,-5.0101,1458.37932663732,,,,,,,,,255015.093719296,174.861977992585,5.16399696555303,12.4490780134449
107.28,274.7613,-4.8780,1420.75942568479,,,,,,,,,248293.824567015,174.761342475233,5.16342128587585,12.4223681003332
107.30,274.6669,-5.0689,1477.15573099911,,,,,,,,,258010.148383303,174.666856695462,5.16288048360346,12.4607541979492
107.32,274.5586,-5.0608,1475.70615930807,,,,,,,,,257597.179960844,174.558585620884,5.16226041951346,12.4591523257954
107.34,274.4644,-5.0223,1465.28221205256,,,,,,,,,255639.617667802,174.464424371673,5.16172084906223,12.4515239881748
107.36,274.3577,-5.2427,1530.49618084688,,,,,,,,,266853.781162774,174.357691644231,5.16110888826117,12.4944561512805
107.38,274.2547,-5.2294,1527.53461259319,,,,,,,,,266180.112790526,174.254717762926,5.16051812395375,12.4919284743783
107.40,274.1485,-5.3958,1577.09768161817,,,,,,,,,274649.21837533,174.148514436676,5.15990846640914,12.5232499928731
107.42,274.0389,-5.4965,1607.52482446461,,,,,,,,,279771.828256656,174.038885122558,5.15927875196296,12.5417296508573
107.44,273.9287,-5.4822,1604.37802684204,,,,,,,,,279047.314248149,173.928656201686,5.1586451933032,12.5391366315444
107.46,273.8196,-5.5240,1617.60647841727,,,,,,,,,281171.704962952,173.819596245721,5.1580179581768,12.5467208113913
107.48,273.7077,-5.4702,1602.8906940358,,,,,,,,,278434.452407615,173.70769787587,5.15737398933976,12.53693795125
107.50,273.6008,-5.4514,1598.36278220492,,,,,,,,,277477.040075611,173.600788985361,5.15675834706247,12.5334934702793
107.52,273.4896,-5.2301,1534.4668542401,,,,,,,,,266214.10673197,173.48964299643,5.15611790306005,12.4920561765217
107.54,273.3916,-5.1272,1505.13141231055,,,,,,,,,260977.121309725,173.391585063722,5.15555253412459,12.4721880246455
107.56,273.2846,-5.4031,1587.10167281366,,,,,,,,,275020.20640105,173.284554551245,5.15493506725193,12.5245998517713
107.58,273.1755,-5.0036,1470.67190291522,,,,,,,,,254684.284595049,173.175460883019,5.15430530527668,12.4477799574347
107.60,273.0844,-4.5129,1327.136821415,,,,,,,,,229706.695477742,173.08441132153,5.15377940221429,12.3445585370453
107.62,272.9949,-4.8728,1433.74103188399,,,,,,,,,248029.952748594,172.994946250979,5.153262381649,12.4213047950662
107.64,272.8895,-5.2502,1545.72608979248,,,,,,,,,267239.80676319,172.889497387644,5.15265264699027,12.4959016869557
107.66,272.7849,-5.2057,1533.52769581971,,,,,,,,,264970.485212944,172.784936284643,5.15204767829137,12.4873737222106
107.68,272.6813,-5.2774,1555.59875171717,,,,,,,,,268622.769245333,172.681270763948,5.1514475297287,12.5010633295654
107.70,272.5738,-5.4301,1601.59276283148,,,,,,,,,276393.012428467,172.573839519496,5.15082520006741,12.5295790899066
107.72,272.4641,-5.6325,1662.35051004886,,,,,,,,,286695.731015691,172.464067765867,5.1501889119668,12.5661767616863
107.74,272.3485,-5.6471,1667.77826740357,,,,,,,,,287439.149675589,172.348540146814,5.14951882264452,12.5687664635155
107.76,272.2382,-5.6287,1663.42591824299,,,,,,,,,286505.459674199,172.238184178844,5.1488783106111,12.5655128714098
107.78,272.1234,-5.8089,1717.81579024463,,,,,,,,,295676.277725301,172.123390298557,5.14821160507223,12.5970204784943
107.80,272.0058,-5.6107,1660.34554755848,,,,,,,,,285589.109774295,172.005827458176,5.14752835681031,12.5623093776782
107.82,271.8990,-5.2412,1551.93966191572,,,,,,,,,266776.814738833,171.898960562373,5.14690686561295,12.4941676879687
107.84,271.7962,-5.2068,1542.70072351739,,,,,,,,,265030.093240512,171.796181333368,5.14630878190713,12.4875986579191
107.86,271.6907,-5.3153,1575.7983999449,,,,,,,,,270549.910011012,171.690687095806,5.145694527037,12.5082118704558
107.88,271.5836,-5.2231,1549.43529332598,,,,,,,,,265857.639310875,171.583570127793,5.14507043729397,12.4907162539376
107.90,271.4818,-4.8002,1424.83916168808,,,,,,,,,244333.931870165,171.481763303508,5.14447692452918,12.4062911418709
107.92,271.3916,-4.6687,1386.5306073808,,,,,,,,,237639.644765476,171.391560705887,5.14395076752958,12.3785107076254
107.94,271.2950,-5.0422,1498.28958460164,,,,,,,,,256649.536233717,171.295014576207,5.14338730144017,12.4554667609879
107.96,271.1899,-5.1459,1530.04496724682,,,,,,,,,261928.203759432,171.189873086377,5.14277330942522,12.4758257137372
107.98,271.0892,-5.1260,1525.03613901591,,,,,,,,,260917.180549308,171.08917872443,5.14218493357037,12.4719583200465
108.00,270.9848,-5.3866,1603.52994466426,,,,,,,,,274179.297787353,170.98483174554,5.14157484932584,12.5215375428492
108.02,270.8737,-5.2656,1568.52507294357,,,,,,,,,268019.706865479,170.873715370389,5.14092477706641,12.4988157898697
108.04,270.7742,-4.9904,1487.43227398995,,,,,,,,,254015.069876984,170.774208895981,5.14034226817258,12.4451488744651
108.06,270.6741,-5.1237,1528.04264250215,,,,,,,,,260797.299778721,170.674098041969,5.13975587863808,12.4714987553718
108.08,270.5693,-5.5657,1660.8740043095,,,,,,,,,283294.052796848,170.569261763252,5.13914144158603,12.5542406929998
108.10,270.4515,-5.6986,1701.73145013376,,,,,,,,,290062.630407139,170.451471872568,5.13845063376263,12.5778521455663
108.12,270.3413,-5.4281,1621.99210813535,,,,,,,,,276292.271081866,170.341316518175,5.13780416845009,12.529214537599
108.14,270.2343,-5.3602,1602.7233931237,,,,,,,,,272838.571919931,170.23434804191,5.13717600566036,12.5166355876248
108.16,270.1269,-5.4032,1616.5865973852,,,,,,,,,275024.8773412,170.126906771371,5.13654466896978,12.5246168356161
108.18,270.0182,-5.4025,1617.39926908123,,,,,,,,,274987.345066698,170.018220190557,5.13590560889867,12.5244803576506
108.20,269.9108,-5.5178,1652.96790664314,,,,,,,,,280857.11330128,169.910808414694,5.13527364298579,12.5456013253994
108.22,269.7975,-5.4216,1625.25109941155,,,,,,,,,275963.588319502,169.797509086085,5.13460660407639,12.5280242096176
108.24,269.6939,-5.3280,1598.15046384375,,,,,,,,,271196.453523307,169.693942878849,5.1339964784909,12.5105987579839
108.26,269.5844,-5.3646,1610.16704617513,,,,,,,,,273059.195994182,169.584389795345,5.13335067782071,12.5174438858053
108.28,269.4794,-5.5088,1654.48555849756,,,,,,,,,280401.153178021,169.479359754976,5.1327311480487,12.5439765467519
108.30,269.3640,-5.5862,1678.87413368614,,,,,,,,,284340.900906693,169.364037006392,5.13205046337761,12.5579291525982
108.32,269.2559,-5.6082,1686.55309454186,,,,,,,,,285459.080334488,169.255910921696,5.13141183538755,12.561853971482
108.34,269.1397,-5.5759,1678.00233422156,,,,,,,,,283816.827272751,169.139709453632,5.13072505656634,12.5560843346662
108.36,269.0329,-5.2860,1591.77005049281,,,,,,,,,269061.466271816,169.032873930826,5.1300932163072,12.5026951316338
108.38,268.9283,-5.4331,1637.07643867095,,,,,,,,,276548.487268662,168.928267939142,5.1294741747544,12.5301414453976
108.40,268.8155,-5.6893,1715.41914654607,,,,,,,,,289589.42456574,168.815548753095,5.12880669138588,12.5762194214434
108.42,268.7007,-5.5986,1689.21846497291,,,,,,,,,284972.32830806,168.700694562103,5.12812610668692,12.560147360881
108.44,268.5916,-5.6742,1713.12497396103,,,,,,,,,288818.486721945,168.591603713621,5.12747924428986,12.5735536961472
108.46,268.4737,-5.6020,1692.52134791882,,,,,,,,,285145.379553789,168.473727025312,5.12677981493676,12.5607544328896
108.48,268.3675,-5.5996,1692.84161949821,,,,,,,,,285019.549768081,168.367522682108,5.12614922502644,12.5603130525757
108.50,268.2497,-5.6303,1703.34340223795,,,,,,,,,286587.092864339,168.249744876931,5.12544945219044,12.5657977579969
108.52,268.1423,-5.6815,1719.90756158343,,,,,,,,,289189.228125198,168.142308682541,5.12481069632861,12.5748365214264
108.54,268.0225,-6.1259,1855.7631320571,,,,,,,,,311809.934863525,168.022485993612,5.12409781564686,12.6501490980345
108.56,267.8973,-6.2235,1886.73295879484,,,,,,,,,316777.319328251,167.897273353721,5.12335232424776,12.66595434333
108.58,267.7735,-6.0662,1840.39549115668,,,,,,,,,308769.679533199,167.773547053812,5.12261513591926,12.6403509042718
108.60,267.6546,-5.9989,1821.27240322724,,,,,,,,,305344.745801079,167.654627204595,5.12190607291665,12.6291967313674
108.62,267.5336,-5.8613,1780.80646529692,,,,,,,,,298344.904470553,167.533592383274,5.12118388269928,12.6060054937715
108.64,267.4202,-5.7142,1737.28357756539,,,,,,,,,290856.317710547,167.420173347951,5.12050666063904,12.5805846706452
108.66,267.3050,-5.7672,1754.60697692052,,,,,,,,,293554.561367149,167.305023420323,5.11981863396353,12.5898188000095
108.68,267.1895,-5.8657,1785.79912219794,,,,,,,,,298566.83372261,167.189483974624,5.11912780378402,12.6067490853215
108.70,267.0704,-5.7405,1748.91106137099,,,,,,,,,292191.262124589,167.070395160939,5.11841525150864,12.5851638741028
108.72,266.9599,-5.4349,1656.91228381594,,,,,,,,,276637.852793143,166.959865947782,5.11775345986842,12.5304645391502
108.74,266.8530,-5.4479,1661.94769378868,,,,,,,,,277300.958145305,166.852999755457,5.11711318379188,12.5328586868641
108.76,266.7419,-5.8175,1775.88745635504,,,,,,,,,296114.936462307,166.741949442041,5.11644740442211,12.5985029567969
108.78,266.6203,-6.1909,1891.2545509528,,,,,,,,,315121.397470371,166.620298315536,5.11571756093969,12.6607132323594
108.80,266.4943,-6.1550,1881.68981272257,,,,,,,,,313290.650401101,166.494311805732,5.11496114550798,12.6548866341749
108.82,266.3741,-6.1711,1887.97529343005,,,,,,,,,314110.18907502,166.374099368826,5.11423886344038,12.6574991239532
108.84,266.2475,-6.2520,1914.19608748777,,,,,,,,,318230.254381265,166.247468825891,5.11347745431264,12.6705304701312
108.86,266.1240,-6.1175,1874.4070297824,,,,,,,,,311384.028358986,166.124018642384,5.1127346096714,12.6487822472754
108.88,266.0028,-6.2006,1901.26126877531,,,,,,,,,315614.633678647,166.002768195004,5.11200446409102,12.662277234682
108.90,265.8760,-6.1966,1901.47610675455,,,,,,,,,315409.238128961,165.875993397205,5.11124048146461,12.6616262432817
108.92,265.7549,-5.9384,1823.57820231482,,,,,,,,,302267.030516913,165.754904359583,5.11051021752466,12.6190661126859
108.94,265.6385,-5.7364,1762.80077723393,,,,,,,,,291987.601346191,165.638457344204,5.10980744532926,12.5844666192057
108.96,265.5254,-5.5803,1715.99042819277,,,,,,,,,284040.081609098,165.525446379232,5.10912493755539,12.5568706396115
108.98,265.4152,-5.7508,1769.5901490621,,,,,,,,,292717.187896153,165.415244909278,5.10845894828947,12.5869621928423
109.00,265.2954,-5.8981,1816.22370825425,,,,,,,,,300213.451687675,165.295415054481,5.10773426732482,12.6122490062638
109.02,265.1793,-5.7728,1778.90662550821,,,,,,,,,293838.591473009,165.179322657851,5.10703168774365,12.5907858869652
109.04,265.0645,-5.9793,1843.82517014524,,,,,,,,,304350.084363779,165.064502476558,5.10633632161001,12.6259339111153
109.06,264.9401,-6.1692,1903.8190754197,,,,,,,,,314016.203187937,164.940149640381,5.1055826786461,12.6571998660684
109.08,264.8177,-6.3537,1962.20016603462,,,,,,,,,323405.383755365,164.817733355374,5.10484021699807,12.6866618733439
109.10,264.6860,-6.5058,2010.78327725328,,,,,,,,,331147.858913727,164.68600204696,5.10404064296428,12.7103202582837
109.12,264.5575,-6.3385,1960.61146112725,,,,,,,,,322633.323162204,164.557501350475,5.10326006140878,12.6842717349437
109.14,264.4325,-6.3530,1966.59108588805,,,,,,,,,323371.412379543,164.432461176096,5.10249991554026,12.6865568251231
109.16,264.3034,-6.3434,1965.15983867291,,,,,,,,,322882.404625224,164.303380453404,5.10171459971534,12.6850434635466
109.18,264.1787,-6.4977,2014.47202297829,,,,,,,,,330733.447404395,164.178724564972,5.10095561837351,12.7090680350844
109.20,264.0435,-6.6309,2057.47571487643,,,,,,,,,337515.464171694,164.043474113115,5.10013147875068,12.729366608013
109.22,263.9135,-6.6046,2050.95154378613,,,,,,,,,336178.622466653,163.913488587865,5.099338780032,12.7253979121725
109.24,263.7793,-6.6226,2058.20230724107,,,,,,,,,337090.909861875,163.779288690882,5.09851972075581,12.7281079351566
109.26,263.6486,-6.3154,1964.32467562199,,,,,,,,,321458.95609381,163.648586246071,5.09772136202244,12.6806251507272
109.28,263.5267,-6.1658,1919.21594052665,,,,,,,,,313842.993098068,163.526670694464,5.09697610054766,12.656648117857
109.30,263.4020,-6.3775,1986.6242758955,,,,,,,,,324618.28703881,163.401953241754,5.09621313609836,12.6904052696255
109.32,263.2716,-6.5451,2040.46484390465,,,,,,,,,333149.898477762,163.271569942976,5.09541488771612,12.7163478132563
109.34,263.1401,-6.6237,2066.62146443404,,,,,,,,,337148.931438229,163.140147937329,5.09460963468414,12.728280044762
109.36,263.0066,-6.4348,2009.31739452328,,,,,,,,,327532.041017168,163.00662200502,5.09379082577923,12.6993411644388
109.38,262.8828,-6.3535,1985.45076572733,,,,,,,,,323395.695437417,162.882757417028,5.09303066235091,12.6866319157008
109.40,262.7525,-6.2574,1956.97067670424,,,,,,,,,318501.834884049,162.752482025148,5.09223053151094,12.6713835149952
109.42,262.6325,-6.2734,1963.42178319616,,,,,,,,,319316.121038165,162.63246326949,5.09149282828996,12.6739368661166
109.44,262.5015,-6.5737,2059.07604677602,,,,,,,,,334603.044993506,162.501547972164,5.09068752770697,12.7207001678925
109.46,262.3695,-6.4585,2024.62917503043,,,,,,,,,328738.059253963,162.369516012246,5.08987470082379,12.7030165401535
109.48,262.2432,-6.1820,1939.46269029532,,,,,,,,,314664.65197544,162.243209704398,5.08909650388808,12.6592627538186
109.50,262.1222,-6.1047,1916.65295842898,,,,,,,,,310732.065764728,162.122237308639,5.08835060198958,12.6466862949633
109.52,261.9990,-6.3444,1993.43534864101,,,,,,,,,322934.575738402,161.999021417252,5.08759029457989,12.6852050297949
109.54,261.8685,-6.5086,2046.66488850137,,,,,,,,,331290.493021599,161.86845969893,5.08678402823327,12.7107508918956
109.56,261.7387,-6.3504,1998.50589976759,,,,,,,,,323235.700851766,161.738677323573,5.08598192984008,12.686137060085
109.58,261.6144,-6.2384,1964.77164051057,,,,,,,,,317535.479118067,161.614445450542,5.08521353225618,12.6683448363256
109.60,261.4891,-6.3782,2010.36015884064,,,,,,,,,324651.338338497,161.489142585138,5.08443791182777,12.6905070803323
109.62,261.3593,-6.3990,2018.53359859176,,,,,,,,,325709.206293789,161.359318725743,5.08363367156059,12.6937602570417
109.64,261.2332,-6.5621,2071.6067977622,,,,,,,,,334011.761110727,161.233184536532,5.08285166829415,12.7189314842452
109.66,261.0968,-7.1119,2247.08582976218,,,,,,,,,361998.417682688,161.096836127973,5.08200565080928,12.7993951197561
109.68,260.9487,-6.9822,2208.13020267716,,,,,,,,,355395.704696855,160.948708670335,5.08108573453981,12.780987108802
109.70,260.8175,-6.3911,2022.83428448106,,,,,,,,,325307.251649271,160.817548993009,5.08027048631868,12.6925254044026
109.72,260.6931,-6.1493,1947.83519097209,,,,,,,,,313003.60986833,160.693066497131,5.07949612618187,12.6539700025814
109.74,260.5716,-6.2037,1966.53876686133,,,,,,,,,315770.228306117,160.571575616634,5.07873979715986,12.6627701024715
109.76,260.4449,-6.4852,2057.40518422758,,,,,,,,,330100.208088656,160.444918978168,5.07795069973234,12.7071515482217
109.78,260.3122,-6.4002,2032.11331993902,,,,,,,,,325772.48971884,160.312166906428,5.07712295758626,12.6939545324162
109.80,260.1889,-6.3446,2016.02235727358,,,,,,,,,322944.426363256,160.188911198385,5.07635381375156,12.6852355327988
109.82,260.0584,-6.4989,2066.71566838843,,,,,,,,,330795.165017895,160.058381555621,5.07553863340222,12.7092546259967
109.84,259.9290,-6.4554,2054.53956838927,,,,,,,,,328580.368967499,159.92895635741,5.07472969386034,12.702536741375
109.86,259.8002,-6.6889,2130.56973949495,,,,,,,,,340465.400620685,159.80016720851,5.07392407969277,12.7380687859599
109.88,259.6614,-7.0277,2240.44638673146,,,,,,,,,357712.811609184,159.661402177556,5.07305533645114,12.7874857412375
109.90,259.5191,-7.2831,2323.93370274747,,,,,,,,,370711.717856316,159.519059178858,5.07216340837052,12.8231799987183
109.92,259.3701,-7.2789,2324.76644874094,,,,,,,,,370498.212542705,159.370078978627,5.07122903843914,12.8226038992605
109.94,259.2279,-7.1425,2283.2526269085,,,,,,,,,363557.529543391,159.227903762732,5.07033653294297,12.803692829027
109.96,259.0844,-7.0920,2269.15771398944,,,,,,,,,360987.543257312,159.084377886918,5.06943473999425,12.7965987305072
109.98,258.9442,-6.9100,2212.8569507447,,,,,,,,,351720.827076363,158.944222290554,5.06855333747033,12.7705930350095
110.00,258.8080,-6.8134,2183.80664155463,,,,,,,,,346805.918504546,158.807978648539,5.06769579092959,12.7565205897883
110.02,258.6717,-6.7200,2155.71709780767,,,,,,,,,342051.265208764,158.671685425061,5.06683719589328,12.7427159030824
110.04,258.5392,-6.8536,2200.40924494986,,,,,,,,,348851.073441126,158.539178219584,5.06600174396921,12.7624003864477
110.06,258.3975,-6.9646,2238.0342565264,,,,,,,,,354499.123753288,158.397541377896,5.06510795765567,12.7784611531693
110.08,258.2606,-6.6510,2139.12033917589,,,,,,,,,338538.459069161,158.260595661292,5.06424301398852,12.7323929810377
110.10,258.1315,-6.6071,2126.74785665885,,,,,,,,,336305.831846916,158.131501481918,5.06342697472772,12.725776238782
110.12,257.9963,-6.7058,2160.34766097818,,,,,,,,,341326.959338814,157.996310271776,5.06257168004401,12.7405961219271
110.14,257.8633,-6.7271,2169.04975509327,,,,,,,,,342413.287668671,157.86327024755,5.06172928019105,12.7437737299403
110.16,257.7272,-7.0448,2273.44795884074,,,,,,,,,358584.638521165,157.727225348062,5.06086711919562,12.7899200018713
110.18,257.5815,-7.0439,2275.25240349125,,,,,,,,,358537.634504146,157.581477094141,5.05994263938791,12.7897889112084
110.20,257.4455,-6.8242,2206.18795896904,,,,,,,,,347354.298194758,157.445469132683,5.05907917058603,12.7581005702916
110.22,257.3085,-6.6421,2149.1986063363,,,,,,,,,338087.228920941,157.308509285362,5.05820890450296,12.7310592149005
110.24,257.1798,-6.4607,2092.20946511072,,,,,,,,,328853.031464023,157.179783835181,5.05739027016784,12.7033662170663
110.26,257.0501,-6.6371,2151.0958185652,,,,,,,,,337829.771827838,157.050080666873,5.05656473962268,12.7302974139537
110.28,256.9143,-7.1344,2314.28860988751,,,,,,,,,363144.979208563,156.914300859915,5.05569980192012,12.8025574252705
110.30,256.7647,-7.0371,2284.9116654168,,,,,,,,,358193.500386067,156.764703777171,5.0547459791148,12.7888286232349
110.32,256.6328,-6.9639,2263.02874210182,,,,,,,,,354464.562486367,156.632815081771,5.05390430874251,12.77836365518
110.34,256.4861,-7.1721,2332.87733445509,,,,,,,,,365062.988709067,156.486148378795,5.05296749730138,12.8078251894815
110.36,256.3459,-7.0620,2299.11852622388,,,,,,,,,359457.826294976,156.345930927431,5.052071058157,12.7923521371475
110.38,256.2037,-7.2968,2377.73539900145,,,,,,,,,371410.993311762,156.203669032197,5.05116072645236,12.8250645271174
110.40,256.0541,-7.2689,2370.90830462637,,,,,,,,,369989.862566574,156.054058204027,5.05020247417183,12.8212308857763
110.42,255.9129,-7.2062,2352.57612027927,,,,,,,,,366796.996207109,155.912913102071,5.04929760202466,12.8125638301464
110.44,255.7658,-7.2473,2368.24630083297,,,,,,,,,368891.806603377,155.765811382722,5.04835367022107,12.8182586729922
110.46,255.6230,-7.1465,2337.45021098199,,,,,,,,,363761.061113648,155.623020077432,5.04743654474403,12.8042525055654
110.48,255.4800,-7.4673,2444.60735129993,,,,,,,,,380087.429595727,155.47995034606,5.04651678662495,12.8481565831222
110.50,255.3243,-7.3219,2399.41420531515,,,,,,,,,372687.401411385,155.324328990723,5.04551537590645,12.8284952813312
110.52,255.1871,-6.8919,2260.49515536386,,,,,,,,,350799.630216683,155.187074559431,5.04463132180305,12.7679704853653
110.54,255.0487,-7.2605,2383.53943412484,,,,,,,,,369564.5802385,155.048653673394,5.04373896233168,12.8200807814694
110.56,254.8967,-7.3649,2420.17145447093,,,,,,,,,374876.457588545,154.896652836729,5.04275813864661,12.8343518042426
110.58,254.7541,-7.2821,2395.17829230516,,,,,,,,,370663.559458857,154.754057620539,5.04183713170909,12.8230500823345
110.60,254.6054,-7.5993,2501.89888356804,,,,,,,,,386806.996299342,154.605367482999,5.0408758540694,12.8656811300382
110.62,254.4501,-7.6509,2521.42715921749,,,,,,,,,389434.641516539,154.450085973294,5.03987097600603,12.8724513292283
110.64,254.2993,-7.3436,2422.5106194098,,,,,,,,,373791.767685299,154.299330905045,5.03889442303467,12.8314541504473
110.66,254.1563,-7.1577,2363.37919947811,,,,,,,,,364329.892911985,154.15634232223,5.0379672973212,12.8058150353865
110.68,254.0130,-7.3140,2417.23925820471,,,,,,,,,372286.325114667,154.013022852841,5.03703716281779,12.8274185283634
110.70,253.8638,-7.5004,2481.24783183496,,,,,,,,,381774.174792551,153.863781720755,5.03606767670153,12.852584547317
110.72,253.7130,-7.1578,2370.21835043024,,,,,,,,,364333.388090248,153.71300624017,5.03508726791541,12.805824628784
110.74,253.5775,-6.8487,2269.86130031739,,,,,,,,,348599.557846176,153.577470921872,5.03420513627021,12.7616791436971
110.76,253.4391,-6.9802,2315.54466993266,,,,,,,,,355294.997186174,153.439059846125,5.03330348394043,12.7807037013757
110.78,253.2983,-6.7989,2257.47697822965,,,,,,,,,346067.29936197,153.29826292774,5.03238545461814,12.7543885419524
110.80,253.1671,-6.8295,2269.56642812126,,,,,,,,,347622.915822056,153.167103423281,5.03152950463574,12.7588735960406
110.82,253.0251,-7.3196,2434.69823861343,,,,,,,,,372569.902542353,153.025084026238,5.03060185583836,12.828179957028
110.84,252.8743,-7.6248,2538.70932312861,,,,,,,,,388103.461382267,152.874319972947,5.02961614574199,12.8690272361069
110.86,252.7201,-7.5305,2509.84554202837,,,,,,,,,383303.845984718,152.720093554022,5.02860679200257,12.8565832851944
110.88,252.5731,-7.4068,2471.0014718096,,,,,,,,,377008.357798366,152.573101270664,5.02764383378923,12.8400226354109
110.90,252.4238,-7.6488,2554.24369668919,,,,,,,,,389327.586954115,152.423822150863,5.02666494436276,12.8721763940576
110.92,252.2671,-7.9047,2642.40764858514,,,,,,,,,402351.878673821,152.267148821363,5.02563653618376,12.9050823048161
110.94,252.1076,-8.0750,2702.17617869081,,,,,,,,,411021.626767605,152.107634583154,5.0245883925036,12.9264011119665
110.96,251.9441,-8.1343,2724.93173551434,,,,,,,,,414037.431309418,151.944148146253,5.02351300691507,12.9337116625112
110.98,251.7823,-7.7981,2615.10754061629,,,,,,,,,396926.942969055,151.782263942963,5.022447019815,12.8915075199871
111.00,251.6322,-7.2405,2430.51040373396,,,,,,,,,368543.697378866,151.632223755421,5.02145800837451,12.8173145653421
111.02,251.4926,-7.0094,2355.11163210487,,,,,,,,,356782.089191742,151.492644479391,5.02053707247962,12.7848804799744
111.04,251.3518,-7.2941,2453.04596699455,,,,,,,,,371273.038205464,151.351847132463,5.01960723977028,12.824693022946
111.06,251.2009,-7.4246,2499.42554659255,,,,,,,,,377915.342558633,151.200880167782,5.01860928494398,12.8424254880335
111.08,251.0549,-7.2823,2453.89692973589,,,,,,,,,370673.064480467,151.054862976809,5.01764310179846,12.8230757252646
111.10,250.9096,-7.2651,2450.44889141066,,,,,,,,,369796.231011683,150.909587344546,5.01668089817934,12.8207074059191
111.12,250.7643,-7.3433,2479.22249235192,,,,,,,,,373778.142480484,150.764259211725,5.01571741960324,12.831417698459
111.14,250.6159,-7.3410,2480.8807033278,,,,,,,,,373659.966798241,150.615854400827,5.01473258473067,12.8311014831583
111.16,250.4706,-7.5114,2540.93006402583,,,,,,,,,382335.319915682,150.470619136173,5.01376784344414,12.8540533033733
111.18,250.3154,-7.7277,2616.79869954194,,,,,,,,,393345.134901847,150.315396813175,5.01273573205234,12.8824427113114
111.20,250.1615,-7.7426,2624.53068858264,,,,,,,,,394103.489935486,150.161509503369,5.01171144486071,12.8843688186006
111.22,250.0057,-7.9692,2704.14328174906,,,,,,,,,405636.882159145,150.005691228305,5.01067323489853,12.91321365947
111.24,249.8427,-8.2342,2797.07884334795,,,,,,,,,419121.959060939,149.842740421029,5.00958634695037,12.9459172282956
111.26,249.6763,-8.4316,2867.3434059328,,,,,,,,,429173.423284401,149.676324920273,5.00847512875335,12.9696163663033
111.28,249.5055,-8.4209,2866.96641858662,,,,,,,,,428627.176753751,149.505475186228,5.00733301547937,12.9683427682096
111.30,249.3395,-8.2980,2828.26611875652,,,,,,,,,422371.816796534,149.339488952417,5.00622216356083,12.9536412875491
111.32,249.1736,-8.3142,2836.94080860539,,,,,,,,,423196.545695426,149.173554982793,5.0051104266362,12.9555919971475
111.34,249.0069,-8.4680,2892.63503933195,,,,,,,,,431022.639737894,149.006920637122,5.00399275209583,12.9739158961005
111.36,248.8348,-8.6011,2941.50061466785,,,,,,,,,437797.763178923,148.834836544258,5.00283721155886,12.9895123548274
111.38,248.6629,-8.7012,2979.18714365754,,,,,,,,,442894.534813806,148.662877978879,5.00168117858022,13.0010869502863
111.40,248.4868,-8.2841,2839.7299654573,,,,,,,,,421662.383051541,148.486788596337,5.00049598860384,12.951960232653
111.42,248.3315,-7.7202,2649.22424706328,,,,,,,,,392963.44689082,148.331515282796,4.99944973690254,12.8814718760697
111.44,248.1780,-8.0058,2750.05918172501,,,,,,,,,407498.211437596,148.177978912435,4.9984141114869,12.9177918225432
111.46,248.0113,-8.1519,2803.41077326387,,,,,,,,,414936.426666496,148.011283477878,4.99728851057341,12.9358805987228
111.48,247.8519,-7.8440,2700.41866347162,,,,,,,,,399262.035045654,147.851901798208,4.9962111092405,12.8973732097573
111.50,247.6975,-8.0003,2757.12756568254,,,,,,,,,407220.914965426,147.697524058745,4.99516642608434,12.9171111057811
111.52,247.5319,-8.0915,2791.66430125252,,,,,,,,,411859.504764322,147.53188790627,4.99404434160941,12.9284375623217
111.54,247.3739,-7.8804,2721.73823810654,,,,,,,,,401113.083500877,147.373864938578,4.9929726569692,12.901998670276
111.56,247.2167,-7.8074,2699.4380289553,,,,,,,,,397402.287870068,147.216673843728,4.99190547327472,12.8927043661796
111.58,247.0616,-8.0570,2788.64594936258,,,,,,,,,410102.643117922,147.06156699873,4.99085132221743,12.9241627564165
111.60,246.8944,-8.4636,2932.73491850233,,,,,,,,,430802.322576463,146.89439535042,4.9897139296298,12.9734046155601
111.62,246.7230,-8.3265,2888.59894112564,,,,,,,,,423823.965110043,146.723021696077,4.98854660328025,12.9570734713772
111.64,246.5613,-8.0680,2801.99298988224,,,,,,,,,410663.830395832,146.561333978602,4.98744400281263,12.92553022788
111.66,246.4003,-8.3285,2895.66232653007,,,,,,,,,423925.839657703,146.400302194663,4.98634466569628,12.9573138124485
111.68,246.2282,-8.3560,2908.64286080015,,,,,,,,,425325.588304882,146.228192548836,4.98516836421666,12.9606102447384
111.70,246.0661,-8.1149,2827.83511477768,,,,,,,,,413050.735735961,146.066060774705,4.9840589904338,12.9313257112164
111.72,245.9036,-8.2928,2893.03756418464,,,,,,,,,422104.587743638,145.903597301752,4.98294611116551,12.9530084005664
111.74,245.7344,-8.4874,2964.39747842271,,,,,,,,,432014.541357539,145.734350572786,4.98178544775254,12.9762145272096
111.76,245.5641,-8.3203,2909.41376721468,,,,,,,,,423506.194745314,145.564099378947,4.98061653515962,12.9563234204651
111.78,245.4015,-8.0381,2813.88434707498,,,,,,,,,409143.114408418,145.40153892029,4.97949914908942,12.9218202867987
111.80,245.2426,-8.0185,2810.07699293728,,,,,,,,,408142.818204949,145.242574929711,4.97840527518071,12.9193724367549
111.82,245.0808,-8.1413,2856.29058370608,,,,,,,,,414392.924493774,145.080800552195,4.97729083240468,12.9345698956836
111.84,244.9169,-8.1914,2877.12749466712,,,,,,,,,416944.469146575,144.916924925781,4.97616064668624,12.9407083243992
111.86,244.7531,-8.0848,2842.897631266,,,,,,,,,411518.374235834,144.75314542106,4.97502984624161,12.9276089499513
111.88,244.5935,-8.0718,2841.48028712298,,,,,,,,,410859.676172525,144.593533882483,4.97392659145292,12.9260070146763
111.90,244.4303,-7.9867,2814.67553754278,,,,,,,,,406524.353520035,144.430272014561,4.97279684447737,12.9153991164338
111.92,244.2741,-7.9067,2789.52704045072,,,,,,,,,402456.412198515,144.274067382221,4.97171473640855,12.9053420773022
111.94,244.1140,-8.2483,2913.25179065962,,,,,,,,,419840.375257714,144.114002299353,4.970604668995,12.9476298591087
111.96,243.9441,-8.4586,2991.08161459524,,,,,,,,,430548.660237839,143.944136507991,4.96942528339073,12.9728156283737
111.98,243.7757,-8.0779,2859.78084655579,,,,,,,,,411166.868193066,143.775656336834,4.96825414261693,12.9267544164164
112.00,243.6210,-8.1873,2901.64566126904,,,,,,,,,416737.314468741,143.621021695144,4.96717803653477,12.9402113609626
112.02,243.4482,-8.2196,2916.61399423738,,,,,,,,,418382.922563835,143.448163997866,4.96597374344596,12.9441523748478
112.04,243.2922,-8.1122,2881.61535630767,,,,,,,,,412913.108151801,143.292236157737,4.96488615442527,12.9309924579234
112.06,243.1237,-8.6003,3058.61820060269,,,,,,,,,437760.683119405,143.123676905194,4.96370912993525,12.9894276544635
112.08,242.9482,-8.9591,3190.10734091696,,,,,,,,,456020.174411065,142.948222638799,4.96248248524436,13.0302923296474
112.10,242.7653,-8.7396,3115.95809225647,,,,,,,,,444850.73605883,142.765314194802,4.96120212260553,13.0054940802941
112.12,242.5986,-8.1609,2913.01122216425,,,,,,,,,415391.431050331,142.59863741332,4.96003395262823,12.9369765620225
112.14,242.4389,-8.1451,2910.65459550665,,,,,,,,,414590.379242419,142.438879516122,4.95891299202173,12.9350462738
112.16,242.2728,-8.5060,3043.17231957279,,,,,,,,,432960.744899681,142.272832239898,4.95774656796403,12.9784023444446
112.18,242.0986,-8.4692,3033.70572180291,,,,,,,,,431085.451224119,142.098638020806,4.9565214504041,12.9740616121354
112.20,241.9341,-8.5531,3067.30198619974,,,,,,,,,435354.637769458,141.934064441058,4.95536261484229,12.9839162371677
112.22,241.7565,-8.7318,3135.31807958906,,,,,,,,,444451.765284148,141.756515288682,4.95411090478744,13.0045968135016
112.24,241.5848,-8.3615,3006.00978060646,,,,,,,,,425605.271779951,141.584792746112,4.95289877963148,12.9612676036339
112.26,241.4221,-7.9424,2858.60525143686,,,,,,,,,404269.826461853,141.422054079922,4.95174871074832,12.9098378212876
112.28,241.2671,-7.9451,2862.73639747501,,,,,,,,,404410.463102235,141.267097962262,4.95065241022133,12.9101856389447
112.30,241.1042,-8.1594,2943.34906529605,,,,,,,,,415319.058747076,141.104248776997,4.94949897021971,12.936802320083
112.32,240.9407,-8.3076,3000.28208947618,,,,,,,,,422861.918365639,140.940720157239,4.9483393775583,12.9548009706134
112.34,240.7719,-8.3525,3020.08483130011,,,,,,,,,425143.211019674,140.771943428044,4.94714115844213,12.960181358251
112.36,240.6066,-8.4149,3046.25797639786,,,,,,,,,428324.043979072,140.606622058174,4.945966076832,12.9676353001998
112.38,240.4353,-8.3365,3021.54833513369,,,,,,,,,424332.18492301,140.435345676585,4.94474720974127,12.9582718824805
112.40,240.2732,-8.2269,2985.27440125171,,,,,,,,,418753.877619436,140.273161302644,4.94359167374606,12.9450386220653
112.42,240.1063,-8.1722,2968.95122589196,,,,,,,,,415968.677988609,140.106268624753,4.94240119627312,12.9383652431121
112.44,239.9463,-8.4524,3074.24341207124,,,,,,,,,430228.907800031,139.9462729954,4.94125858463436,12.9720726897461
112.46,239.7682,-8.8379,3218.561341342,,,,,,,,,449852.441390564,139.768173939166,4.93998514965627,13.0166748999519
112.48,239.5928,-9.0219,3289.71847122795,,,,,,,,,459220.871770814,139.592757187943,4.93872930637447,13.0372865754171
112.50,239.4073,-9.0700,3311.65155594915,,,,,,,,,461668.388596378,139.407295965973,4.9373998353067,13.0426021387402
112.52,239.2300,-8.9987,3289.79147036324,,,,,,,,,458037.521133731,139.229955837644,4.9361269247312,13.0347063836135
112.54,239.0473,-8.8368,3234.85565823427,,,,,,,,,449798.100203956,139.047347926948,4.93481450769656,13.0165540948523
112.56,238.8765,-8.7917,3222.29529672135,,,,,,,,,447501.037139359,138.87648273412,4.93358492465614,13.0114341343242
112.58,238.6957,-8.8123,3234.056346727,,,,,,,,,448549.644059881,138.695679966687,4.93228218023649,13.0137746434521
112.60,238.5240,-8.8374,3247.29158146261,,,,,,,,,449827.788921058,138.523990727821,4.93104352887826,13.016620097215
112.62,238.3422,-8.8329,3249.9178316502,,,,,,,,,449600.729131153,138.342183532333,4.92973020685829,13.0161151992933
112.64,238.1707,-8.7078,3207.83275078554,,,,,,,,,443228.409175052,138.170672728032,4.92848967989969,13.0018405124851
112.66,237.9939,-8.4833,3129.16296519761,,,,,,,,,431805.317472249,137.99387320979,4.92720928714112,12.9757301116518
112.68,237.8313,-8.4048,3103.86024568957,,,,,,,,,427809.2144259,137.831339223476,4.92603075814667,12.966432614496
112.70,237.6577,-8.4891,3138.92368440397,,,,,,,,,432096.952206033,137.657680036296,4.9247700239755,12.9764052684493
112.72,237.4918,-8.5465,3163.98654124974,,,,,,,,,435022.130499505,137.491776538239,4.92356410832349,12.9831521834883
112.74,237.3158,-8.7622,3247.97217418857,,,,,,,,,445997.957903238,137.315818604468,4.92228351811472,13.0080696522994
112.76,237.1413,-8.8716,3292.72471129887,,,,,,,,,451568.513766213,137.141289770345,4.92101170658336,13.0204823873173
112.78,236.9610,-8.7723,3260.13753766782,,,,,,,,,446511.548061553,136.960954224333,4.91969587954449,13.009220542484
112.80,236.7904,-8.6256,3209.61154221906,,,,,,,,,439044.044774058,136.790399398462,4.91844982288993,12.9923550168061
112.82,236.6159,-8.7544,3261.72825884211,,,,,,,,,445604.046592163,136.615932177731,4.91717357414026,13.0071860487752
112.84,236.4402,-8.9158,3326.13341982065,,,,,,,,,453818.382817715,136.44022218513,4.91588658599481,13.0254523591406
112.86,236.2593,-8.8999,3324.58876825394,,,,,,,,,453006.13749131,136.259299741672,4.91455968619884,13.0236609529193
112.88,236.0842,-8.9998,3366.24778012085,,,,,,,,,458093.230585247,136.084228050735,4.91327401793661,13.0348280026105
112.90,235.8993,-8.9967,3369.68216710603,,,,,,,,,457937.474431751,135.899307923465,4.91191422860156,13.0344879350688
112.92,235.7244,-8.6825,3256.17840315132,,,,,,,,,441942.725363147,135.724358633248,4.91062605429314,12.9989355720372
112.94,235.5520,-8.6248,3238.63522500551,,,,,,,,,439003.507778267,135.552007953449,4.90935538921341,12.9922626824087
112.96,235.3794,-9.0773,3412.89941162537,,,,,,,,,462036.166903889,135.379368442578,4.90808097399777,13.0433984503416
112.98,235.1889,-9.1809,3456.72044793283,,,,,,,,,467310.295750552,135.188917585167,4.90667318972518,13.0547487608673
113.00,235.0121,-8.7391,3294.68737485574,,,,,,,,,444822.771394121,135.012133408742,4.90536465150152,13.0054312152891
113.02,234.8394,-8.9764,3388.47594185286,,,,,,,,,456899.908181404,134.839354335674,4.90408410198058,13.0322196265914
113.04,234.6531,-9.0467,3419.75607339894,,,,,,,,,460480.685946649,134.653079361,4.90270168836856,13.040026192314
113.06,234.4775,-8.9276,3379.14869219058,,,,,,,,,454419.422093417,134.477486339565,4.90139679722107,13.0267758877587
113.08,234.2960,-9.2015,3487.53623791096,,,,,,,,,468362.0780203,134.295974599206,4.90004612987973,13.0569969467542
113.10,234.1094,-9.2830,3523.28812421582,,,,,,,,,472506.143617643,134.109424764348,4.89865606943133,13.0658060281968
113.12,233.9247,-9.3849,3566.91086182922,,,,,,,,,477697.311639819,133.924656416797,4.89727737627407,13.0767325716457
113.14,233.7340,-9.5257,3625.55100902725,,,,,,,,,484859.536933614,133.734027111014,4.89585295517551,13.0916145134034
113.16,233.5436,-9.6087,3662.37460958391,,,,,,,,,489086.801030325,133.543630340396,4.89442824347578,13.1002952599239
113.18,233.3497,-9.7212,3710.65805547653,,,,,,,,,494815.060747313,133.349679046017,4.89297484377111,13.1119393570876
113.20,233.1548,-9.5205,3639.36958011064,,,,,,,,,484599.458441768,133.154780731842,4.89151221647337,13.0910779698273
113.22,232.9689,-9.4876,3631.84192996106,,,,,,,,,482921.871509551,132.968857351875,4.89011494555407,13.0876101628417
113.24,232.7753,-9.4190,3610.82672262633,,,,,,,,,479428.519619641,132.775277366655,4.88865805530387,13.08035008945
113.26,232.5921,-9.3743,3598.67953393217,,,,,,,,,477156.473865769,132.592099231574,4.8872774925043,13.0755997535324
113.28,232.4003,-9.3782,3605.37736313091,,,,,,,,,477353.06154447,132.400304729804,4.88582994508488,13.0760116670318
113.30,232.2170,-9.0510,3484.43427965725,,,,,,,,,460701.349960782,132.216972106617,4.88444430122434,13.040505281158
113.32,232.0383,-8.8038,3393.83865858044,,,,,,,,,448116.562485024,132.03826332524,4.88309175425717,13.0128086616735
113.34,231.8648,-8.7738,3386.725702689,,,,,,,,,446589.976653669,131.864820436767,4.88177731025013,13.0093961744589
113.36,231.6873,-8.9298,3451.59020382709,,,,,,,,,454530.633721738,131.687311320376,4.88043025878029,13.0270205912562
113.38,231.5076,-8.8959,3443.17594742521,,,,,,,,,452803.902594896,131.507628279496,4.87906485966533,13.023214424639
113.40,231.3315,-8.8573,3432.83763047206,,,,,,,,,450839.633262527,131.331476111945,4.87772447925023,13.018866974902
113.42,231.1533,-8.7435,3393.35537693421,,,,,,,,,445049.880256196,131.153336688916,4.8763671477652,13.0059416453301
113.44,230.9817,-8.6708,3369.53006428673,,,,,,,,,441346.891897246,130.981734389324,4.87505788133702,12.9975864481606
113.46,230.8065,-8.9234,3472.33535953064,,,,,,,,,454204.052407207,130.806504953658,4.87371916984811,13.0263018306904
113.48,230.6248,-9.3106,3628.04833798041,,,,,,,,,473913.084459087,130.624798875446,4.87232908300839,13.0687792177435
113.50,230.4341,-9.4224,3676.97052614173,,,,,,,,,479602.271916018,130.434081129083,4.87086797369627,13.0807124392302
113.52,230.2479,-9.5459,3730.51239427417,,,,,,,,,485891.420991795,130.247904212186,4.86943959000257,13.093740464325
113.54,230.0522,-9.4314,3691.31904551869,,,,,,,,,480064.325736986,130.052244148278,4.8679362477879,13.0816753858573
113.56,229.8706,-9.4285,3695.31984218465,,,,,,,,,479913.576724389,129.870646444684,4.86653892773866,13.0813613181825
113.58,229.6751,-9.5821,3761.20254836524,,,,,,,,,487734.33480872,129.675104846642,4.8650321287711,13.0975261407143
113.60,229.4874,-9.5726,3762.90224750419,,,,,,,,,487248.282532017,129.487361213062,4.86358327956638,13.0965290925447
113.62,229.2922,-9.8479,3876.97015343911,,,,,,,,,501262.006591925,129.292201578409,4.86207497134029,13.1248842106166
113.64,229.0934,-10.1201,3990.25299995411,,,,,,,,,515115.507313421,129.093445282629,4.86053652415952,13.152146440543
113.66,228.8874,-10.1756,4018.54440082545,,,,,,,,,517939.7351746,128.887398897026,4.85893914641568,13.1576141731117
113.68,228.6864,-9.9683,3942.8468869721,,,,,,,,,507390.86305602,128.686423186387,4.85737861709015,13.1370369186064
113.70,228.4887,-9.9301,3933.79743968163,,,,,,,,,505448.387757155,128.488666614736,4.85584070289495,13.1332012108594
113.72,228.2892,-10.2785,4078.13936057567,,,,,,,,,523181.306996581,128.289217395143,4.85428722596314,13.1676833502693
113.74,228.0775,-10.2611,4077.93722383597,,,,,,,,,522292.108519709,128.077525437826,4.85263574806011,13.1659823052153
113.76,227.8788,-10.1749,4049.96637606778,,,,,,,,,517904.738936031,127.878774993406,4.85108274480111,13.1575466026617
113.78,227.6705,-10.5024,4187.17312609421,,,,,,,,,534578.615741336,127.670530843321,4.84945296775673,13.1892340814031
113.80,227.4587,-10.1809,4065.72441753241,,,,,,,,,518211.856362386,127.458677260005,4.84779221214522,13.1581394267449
113.82,227.2633,-9.5671,3826.4671698669,,,,,,,,,486968.819868103,127.263294901088,4.84625812856714,13.0959553751036
113.84,227.0760,-9.5328,3818.37884155521,,,,,,,,,485224.285258764,127.07599360705,4.8447852823624,13.0923665068579
113.86,226.8820,-9.7435,3908.72728770175,,,,,,,,,495947.066095184,126.881982187811,4.843257380304,13.1142244784296
113.88,226.6863,-9.4921,3813.75736610224,,,,,,,,,483150.635955062,126.686254413939,4.84171359220682,13.088083759695
113.90,226.5023,-9.3120,3746.84416740975,,,,,,,,,473984.401353635,126.502299048457,4.84026048229853,13.0689296915991
113.92,226.3138,-9.6509,3889.00576626455,,,,,,,,,491234.99756453,126.313774545099,4.8387690855244,13.1046779023904
113.94,226.1163,-9.7673,3942.06965601413,,,,,,,,,497159.092819104,126.116262826717,4.83720420235325,13.1166653601315
113.96,225.9231,-9.8177,3968.50521623997,,,,,,,,,499726.411265267,125.923082882764,4.83567126723759,13.1218160501786
113.98,225.7236,-10.1276,4100.26804811046,,,,,,,,,515500.269890599,125.723553641367,4.83408547784683,13.1528931059901
114.00,225.5180,-10.4130,4222.69572539254,,,,,,,,,530024.228469416,125.517977836337,4.83244899800451,13.1806779985767
114.02,225.3070,-10.5165,4271.85927531225,,,,,,,,,535294.019580431,125.307034965777,4.83076700530422,13.1905714442295
114.04,225.0973,-10.4914,4268.80360290692,,,,,,,,,534015.881382571,125.097317903996,4.82909197762669,13.1881808579169
114.06,224.8874,-10.4525,4260.12937643176,,,,,,,,,532036.393967168,124.887379456254,4.82741236684001,13.1844671756967
114.08,224.6792,-10.6065,4330.1079470736,,,,,,,,,539874.472573015,124.679217971431,4.82574418259386,13.1990919333197
114.10,224.4631,-10.8125,4421.85752531255,,,,,,,,,550358.18371805,124.463119982399,4.82400944698049,13.2183245883656
114.12,224.2467,-10.8293,4436.46152973937,,,,,,,,,551215.792989482,124.246719890269,4.82226926535478,13.219881650284
114.14,224.0299,-10.6180,4357.52031674356,,,,,,,,,540463.018078467,124.029947950389,4.82052305217375,13.2001814920341
114.16,223.8220,-10.3008,4234.41838462873,,,,,,,,,524314.144366852,123.821997908887,4.81884503355199,13.169846295818
114.18,223.6179,-10.3939,4279.73584116802,,,,,,,,,529052.028005694,123.617916535079,4.81719549030394,13.1788420576218
114.20,223.4062,-10.3270,4259.4800428638,,,,,,,,,525646.430226178,123.406243235446,4.81548170367159,13.1723840798198
114.22,223.2048,-10.1149,4178.81758751791,,,,,,,,,514850.544508037,123.204838145099,4.81384832098662,13.1516319326895
114.24,223.0016,-10.4633,4329.91438772869,,,,,,,,,532586.608743717,123.001648774652,4.81219775995454,13.1855008088685
114.26,222.7863,-10.3349,4284.26600815893,,,,,,,,,526049.196322657,122.786305827148,4.81044549342909,13.1731500164768
114.28,222.5883,-10.0130,4157.55631657654,,,,,,,,,509667.569221926,122.588253871592,4.80883121036073,13.1415139671152
114.30,222.3858,-9.9345,4131.76188601035,,,,,,,,,505668.919369392,122.38578439903,4.80717822280259,13.133637424569
114.32,222.1909,-9.8205,4090.86013545368,,,,,,,,,499865.778537102,122.190874775939,4.8055843694479,13.1220948984413
114.34,221.9930,-10.3687,4326.24471433462,,,,,,,,,527771.423011617,121.992965692138,4.80396338480979,13.1764185579925
114.36,221.7761,-10.7465,4491.87235381385,,,,,,,,,547002.81581748,121.776126463844,4.80218433002013,13.2122092291376
114.38,221.5631,-10.7051,4482.40429160288,,,,,,,,,544894.980958908,121.563104421368,4.8004335059042,13.208348359589
114.40,221.3479,-10.7310,4501.22145543376,,,,,,,,,546213.868420726,121.347921631661,4.79866180496917,13.2107658784367
114.42,221.1339,-10.7338,4510.33777674428,,,,,,,,,546354.63897966,121.133863143624,4.79689624106225,13.2110235658197
114.44,220.9186,-10.7979,4545.34227310773,,,,,,,,,549616.286595685,120.918569729602,4.79511734160447,13.216975652995
114.46,220.7019,-10.7850,4548.05190963724,,,,,,,,,548958.725467204,120.701948081105,4.79332426783326,13.2157785363671
114.48,220.4872,-10.8597,4587.72346961241,,,,,,,,,552761.824066816,120.487171410424,4.79154328593902,13.2226824898375
114.50,220.2676,-11.3247,4792.92943845441,,,,,,,,,576433.934102139,120.267561103095,4.7897189366027,13.2646160138627
114.52,220.0342,-11.3014,4792.3546835858,,,,,,,,,575246.373068113,120.034181743346,4.78777655008181,13.2625537029114
114.54,219.8155,-10.8110,4592.76328586194,,,,,,,,,550284.250966359,119.815504678919,4.78595309866705,13.2181902436421
114.56,219.6017,-11.0673,4710.06176908151,,,,,,,,,563331.591389302,119.601741762116,4.78416740463888,13.241623706018
114.58,219.3728,-11.3938,4858.31249187276,,,,,,,,,579950.421137645,119.372811466495,4.78225146536787,13.2706978980717
114.60,219.1460,-11.4167,4877.3470199169,,,,,,,,,581116.332771926,119.145988669436,4.78034953675425,13.2727062443141
114.62,218.9161,-11.6319,4978.86673633852,,,,,,,,,592067.624534754,118.916142144058,4.77841855683727,13.2913761379754
114.64,218.6807,-11.5120,4937.31705617845,,,,,,,,,585964.309977136,118.680713292227,4.77643680561881,13.2810141622285
114.66,218.4557,-11.5016,4942.23096875316,,,,,,,,,585435.246333299,118.455663046641,4.77453873905791,13.2801108604013
114.68,218.2206,-11.5668,4980.12966849346,,,,,,,,,588754.166287463,118.220649958612,4.77255279325467,13.2857640007845
114.70,217.9930,-11.3607,4900.82427633011,,,,,,,,,578262.91740149,117.992991545192,4.77062522901698,13.2677839186276
114.72,217.7662,-11.5485,4991.4322520462,,,,,,,,,587822.123623923,117.766222987991,4.76870149825138,13.2841796702715
114.74,217.5311,-11.5128,4985.95060515003,,,,,,,,,586004.022276214,117.53105248795,4.76670257516252,13.2810819324882
114.76,217.3057,-11.4281,4958.78862508286,,,,,,,,,581694.23370835,117.305712682728,4.76478345594608,13.2737002170224
114.78,217.0739,-11.5746,5032.28557061617,,,,,,,,,589149.44371781,117.073929023005,4.7628056072422,13.2864351549296
114.80,216.8427,-11.4008,4966.53089946476,,,,,,,,,580303.03167008,116.842730553155,4.76082884726662,13.2713057144802
114.82,216.6179,-11.5748,5052.06189147511,,,,,,,,,589160.842552607,116.617898831913,4.75890276841264,13.2864545026938
114.84,216.3797,-11.7791,5151.7722468714,,,,,,,,,599561.911878167,116.379739465826,4.75685846057527,13.3039545206415
114.86,216.1467,-11.7939,5168.58885090691,,,,,,,,,600314.714841428,116.146734081217,4.75485434070846,13.305209321419
114.88,215.9080,-11.8878,5220.46031411074,,,,,,,,,605093.025998673,115.907983126148,4.75279662740545,13.3131374871741
114.90,215.6712,-11.9208,5245.67814983785,,,,,,,,,606774.005553277,115.671222713508,4.75075187995697,13.3159116869649
114.92,215.4312,-11.8942,5244.85852661157,,,,,,,,,605420.055317999,115.431150763399,4.74867425493864,13.3136778024046
114.94,215.1955,-12.1124,5351.99444010177,,,,,,,,,616525.431208033,115.195454350343,4.74663028871889,13.3318548516815
114.96,214.9467,-12.4267,5502.77946438456,,,,,,,,,632526.094057266,114.9466552587,4.74446815342787,13.3574767541593
114.98,214.6984,-12.5119,5552.48358406693,,,,,,,,,636860.898448021,114.698384750838,4.74230594165463,13.3643065409248
115.00,214.4462,-12.6087,5607.77463721468,,,,,,,,,641788.380820888,114.446179160234,4.74010466148337,13.3720139034443
115.02,214.1940,-12.5059,5574.31106929257,,,,,,,,,636553.081142716,114.194036398385,4.73789907517872,13.3638230888562
115.04,213.9459,-12.2327,5464.4329045022,,,,,,,,,622649.970971267,113.945944959496,4.7357241689198,13.341739795528
115.06,213.7047,-12.3016,5506.84459671024,,,,,,,,,626154.266644318,113.704727934102,4.73360498242584,13.3473520520619
115.08,213.4539,-12.6729,5685.60968006746,,,,,,,,,645054.493437056,113.453882650172,4.73139643408821,13.3770900781581
115.10,213.1978,-12.8918,5796.91976371744,,,,,,,,,656198.638881341,113.197812912376,4.72913684502039,13.3942188252634
115.12,212.9382,-12.7690,5754.88027089325,,,,,,,,,649945.876673648,112.938210019922,4.72684085517206,13.384644371749
115.14,212.6871,-12.3380,5573.04322408085,,,,,,,,,628009.822764811,112.68705400511,4.72461454315302,13.3503110866733
115.16,212.4447,-12.4487,5635.1751205916,,,,,,,,,633645.51685307,112.444689524848,4.72246145207762,13.3592449553697
115.18,212.1891,-12.8360,5823.73104746344,,,,,,,,,653359.172281087,112.189104709027,4.72018588239335,13.3898822911664
115.20,211.9312,-13.0420,5930.80492831042,,,,,,,,,663842.398959399,111.931248284795,4.71788482820918,13.4058000493216
115.22,211.6674,-13.1002,5971.33458977504,,,,,,,,,666803.558900972,111.667425242385,4.71552503634927,13.4102507671285
115.24,211.4072,-12.9550,5918.96239352511,,,,,,,,,659415.27455358,111.407241795442,4.71319233252072,13.399108773673
115.26,211.1492,-12.7626,5844.59063130592,,,,,,,,,649621.718084651,111.149224824237,4.71087366624497,13.3841455002828
115.28,210.8967,-12.8738,5908.91490892427,,,,,,,,,655279.386319232,110.896737627675,4.70859947667994,13.3928169676722
115.30,210.6343,-13.1195,6035.9978054121,,,,,,,,,667788.238611179,110.634274587114,4.70622993788949,13.411726394194
115.32,210.3720,-13.5241,6236.91861640014,,,,,,,,,688380.915396113,110.371957329377,4.7038560918794,13.4420976198035
115.34,210.0933,-13.7706,6366.70121861559,,,,,,,,,700931.220917254,110.093311567347,4.70132829317625,13.4601650455358
115.36,209.8211,-13.4550,6236.19562289472,,,,,,,,,684866.060637283,109.821131672483,4.69885296659169,13.4369785662091
115.38,209.5551,-13.3551,6204.92791281171,,,,,,,,,679781.564314412,109.55511069046,4.69642771662343,13.4295267965978
115.40,209.2869,-13.5602,6315.67473480338,,,,,,,,,690220.680153466,109.28692643874,4.69397677630603,13.4447666517493
115.42,209.0127,-13.8295,6457.29107472187,,,,,,,,,703926.746975051,109.012701894559,4.69146440658266,13.4644295771341
115.44,208.7337,-13.9579,6533.98073912977,,,,,,,,,710464.206974765,108.733746752579,4.68890220365056,13.4736738480156
115.46,208.4544,-13.7408,6448.92238325631,,,,,,,,,699413.909416021,108.454384756118,4.68632966758621,13.4579979910545
115.48,208.1841,-13.7964,6491.17156226957,,,,,,,,,702241.640861738,108.184113472454,4.68383453005439,13.4620328415304
115.50,207.9025,-13.7953,6507.60086634076,,,,,,,,,702186.59320411,107.902529307848,4.68122831321129,13.4619544499738
115.52,207.6323,-13.6746,6466.86505017884,,,,,,,,,696043.56743926,107.632301283295,4.67872080047748,13.4531675342529
115.54,207.3555,-13.9609,6619.28645804616,,,,,,,,,710617.102603151,107.355544605469,4.67614617278576,13.4738890301139
115.56,207.0739,-13.9714,6641.66316290317,,,,,,,,,711148.538185862,107.073863992074,4.67351891398519,13.4746366014325
115.58,206.7967,-14.3338,6831.65935082381,,,,,,,,,729598.603733546,106.796689686462,4.67092693060061,13.500249803998
115.60,206.5005,-14.6785,7015.38094619244,,,,,,,,,747141.649449618,106.500510119144,4.66814977498913,13.5240100705691
115.62,206.2095,-14.4238,6912.54750146755,,,,,,,,,734178.556993653,106.209549639664,4.6654140260426,13.5065075436713
115.64,205.9236,-14.6101,7020.74140586047,,,,,,,,,743661.903169834,105.923557097413,4.66271767449313,13.5193417793067
115.66,205.6251,-14.7466,7106.33321017644,,,,,,,,,750607.469673022,105.625144145807,4.65989645037044,13.5286381172363
115.68,205.3337,-14.7685,7136.57717973911,,,,,,,,,751722.032871859,105.333693441446,4.65713334366086,13.5301218974608
115.70,205.0344,-14.9032,7222.17778372085,,,,,,,,,758577.143516339,105.034404612167,4.65428795946075,13.5391997779601
115.72,204.7376,-14.8323,7208.22314366553,,,,,,,,,754971.753237276,104.737566830285,4.65145785801329,13.5344356146005
115.74,204.4411,-15.1380,7377.64197211321,,,,,,,,,770529.126275196,104.441111291077,4.64862338424805,13.5548327348127
115.76,204.1320,-15.0371,7350.2501509401,,,,,,,,,765396.59986093,104.132047772964,4.64565978389117,13.5481494096604
115.78,203.8396,-14.5681,7141.03154936966,,,,,,,,,741522.042636216,103.839625621269,4.64284764760711,13.5164601672069
115.80,203.5493,-14.8635,7306.25643665225,,,,,,,,,756557.914145894,103.549323885017,4.64004805846264,13.5365343646616
115.82,203.2451,-14.9255,7358.35829239542,,,,,,,,,759714.333379546,103.245085818216,4.63710563572751,13.5406977644708
115.84,202.9523,-14.6081,7222.37679385124,,,,,,,,,743560.328502915,102.952303615057,4.63426580928035,13.5192051828184
115.86,202.6608,-14.5992,7238.47863058615,,,,,,,,,743107.718521221,102.660760146645,4.63142996161132,13.5185962910129
115.88,202.3683,-14.7436,7330.9394774528,,,,,,,,,750456.058222116,102.368333626302,4.62857742284962,13.5284363783377
115.90,202.0710,-14.9819,7471.13817818255,,,,,,,,,762586.660616966,102.071015477119,4.62566880119632,13.5444714342738
115.92,201.7691,-15.0801,7542.4089375294,,,,,,,,,767583.838614375,101.769056142666,4.62270609074466,13.5510029884573
115.94,201.4678,-15.1124,7580.98682619988,,,,,,,,,769226.138241626,101.467810969303,4.61974161487708,13.5531402731928
115.96,201.1646,-15.3030,7699.61246947039,,,,,,,,,778927.91562411,101.164561036367,4.61674850813577,13.5656737860708
115.98,200.8557,-15.4531,7798.95203641871,,,,,,,,,786568.702457232,100.855691737069,4.61369070045834,13.5754353498044
116.00,200.5464,-15.5258,7859.72935833876,,,,,,,,,790267.78515666,100.54643730426,4.61061968350998,13.5801271355591
116.02,200.2347,-15.9670,8108.230220534,,,,,,,,,812725.708169429,100.234661086856,4.60751404786507,13.6081489492783
116.04,199.9078,-15.8634,8081.99633960481,,,,,,,,,807454.135519904,99.907758131871,4.60424734161689,13.6016415343481
116.06,199.6001,-15.7177,8032.49525982694,,,,,,,,,800037.528496634,99.600124571237,4.601163415305,13.5924139161706
116.08,199.2790,-15.9400,8172.4528866534,,,,,,,,,811353.358305481,99.279049944787,4.59793457139838,13.6064589451167
116.10,198.9625,-15.7725,8112.40946331202,,,,,,,,,802824.515056861,98.962523857751,4.59474123157623,13.5958914323799
116.12,198.6482,-15.6886,8095.00596880186,,,,,,,,,798557.376084976,98.648151608858,4.59155949543407,13.5905620988898
116.14,198.3350,-15.8267,8192.27509828935,,,,,,,,,805587.198491101,98.334978846025,4.58837980155907,13.5993267296087
116.16,198.0151,-15.9564,8286.34373466254,,,,,,,,,812186.662478164,98.015082222659,4.58512136706036,13.6074854726247
116.18,197.6967,-15.9238,8296.36794741229,,,,,,,,,810527.963602441,97.696723281813,4.58186801991735,13.6054411212314
116.20,197.3781,-15.9601,8342.47597822182,,,,,,,,,812374.711532597,97.378130144254,4.57860164892976,13.6077169801052
116.22,197.0583,-16.3291,8563.47911020679,,,,,,,,,831156.89527418,97.058319939559,4.57531203432344,13.6305738589939
116.24,196.7250,-16.3590,8608.72462058127,,,,,,,,,832678.603576942,96.724966853536,4.57187155789886,13.6324030166577
116.26,196.4040,-16.2512,8580.50084783397,,,,,,,,,827194.26752356,96.403960816853,4.56854728808419,13.6257948527359
116.28,196.0749,-16.6142,8802.16364050223,,,,,,,,,845667.146351823,96.074917587373,4.56512827865583,13.6478811171404
116.30,195.7394,-16.7478,8904.06088962342,,,,,,,,,852469.399668357,95.739394668988,4.56162986128914,13.6558925926784
116.32,195.4050,-16.5112,8809.04541990027,,,,,,,,,840427.030257482,95.405005899833,4.55813104982218,13.6416654109977
116.34,195.0789,-16.2416,8694.89663343305,,,,,,,,,826701.611466382,95.078946457811,4.55470756184385,13.6251991005148
116.36,194.7553,-16.4954,8860.93933317269,,,,,,,,,839621.35278725,94.75534378663,4.55129824117567,13.6407062987006
116.38,194.4191,-16.4113,8847.15746167209,,,,,,,,,835340.922774741,94.41913138696,4.54774371561554,13.6355952112532
116.40,194.0989,-16.3386,8837.96213973179,,,,,,,,,831642.449170683,94.098892484724,4.54434627696547,13.631157878842
116.42,193.7656,-16.6226,9023.53721375148,,,,,,,,,846097.259373096,93.765586524504,4.54079790729286,13.6483895957785
116.44,193.4340,-16.7359,9117.25788678727,,,,,,,,,851861.767025249,93.433988333243,4.53725517982315,13.6551795473727
116.46,193.0962,-16.6359,9095.68210099873,,,,,,,,,846773.006547954,93.096152344086,4.53363285522368,13.6491879407248
116.48,192.7686,-16.7687,9200.70071044251,,,,,,,,,853535.692845839,92.768553146947,4.53010771541277,13.6571426397281
116.50,192.4254,-17.2765,9514.49141922157,,,,,,,,,879380.701019434,92.425402711791,4.52640186198703,13.6869731898654
116.52,192.0775,-17.5465,9699.72507718847,,,,,,,,,893126.370390797,92.077493257126,4.52263054051055,13.7024833620425
116.54,191.7235,-17.7237,9835.48290483614,,,,,,,,,902145.317608887,91.723540810111,4.51877906180313,13.7125308920651
116.56,191.3685,-17.7533,9890.14323945807,,,,,,,,,903647.98606418,91.368543830483,4.51490125981976,13.7141951675933
116.58,191.0134,-17.6483,9870.0161385587,,,,,,,,,898303.83059758,91.013410513912,4.51100686394396,13.7082636314825
116.60,190.6626,-17.6762,9923.88836926799,,,,,,,,,899725.652962059,90.662613230143,4.50714506960802,13.7098451657942
116.62,190.3064,-17.7421,10000.2035790571,,,,,,,,,903082.010252005,90.306362576786,4.50320791837024,13.7135686480449
116.64,189.9529,-17.8717,10112.8243147152,,,,,,,,,909678.154476083,89.952927705113,4.49928650800597,13.7208461395349
116.66,189.5915,-17.9621,10204.9603905545,,,,,,,,,914277.642320297,89.591493482575,4.49526037666336,13.7258895705234
116.68,189.2344,-18.0247,10281.4941347437,,,,,,,,,917463.413743134,89.234444110881,4.49126710979209,13.7293679820865
116.70,188.8705,-18.2781,10468.7569197137,,,,,,,,,930363.728363043,88.870506355065,4.4871803254394,13.7433308944342
116.72,188.5033,-18.3306,10542.3749249181,,,,,,,,,933035.174077732,88.503319292164,4.48304005743669,13.746198179095
116.74,188.1373,-18.5764,10728.1111582868,,,,,,,,,945546.560470937,88.13728218509,4.47889562373409,13.7595184101526
116.76,187.7603,-19.0292,11036.7957705979,,,,,,,,,968592.100273069,87.760263069595,4.47460881356498,13.7835988530983
116.78,187.3761,-19.0517,11098.4447302995,,,,,,,,,969738.990430178,87.37611566265,4.4702219691437,13.7847822322398
116.80,186.9982,-18.9843,11107.2093307008,,,,,,,,,966307.166205934,86.998195265396,4.46588737436351,13.7812370400894
116.82,186.6167,-19.4168,11410.2867093845,,,,,,,,,988321.891452984,86.61674475192,4.46149315428973,13.8037637247341
116.84,186.2215,-19.5553,11544.3502151163,,,,,,,,,995371.470507735,86.221524118732,4.45691984625312,13.8108712836614
116.86,185.8345,-19.5872,11615.3193556106,,,,,,,,,996995.520724111,85.834533705053,4.45242141625113,13.8125015561797
116.88,185.4380,-19.6676,11717.1092280392,,,,,,,,,1001086.80958649,85.43803681465,4.44779139759128,13.8165967774008
116.90,185.0478,-19.4505,11640.9645051973,,,,,,,,,990038.785038174,85.04783126829,4.44321381902575,13.8054993981496
116.92,184.6600,-19.6183,11795.1985952676,,,,,,,,,998581.707105923,84.660016449962,4.43864342939895,13.8140912583408
116.94,184.2631,-19.5598,11815.4181230006,,,,,,,,,995603.728855361,84.263097462227,4.43394401664221,13.8111045948034
116.96,183.8776,-19.7968,12013.5258846932,,,,,,,,,1007665.99365447,83.877622883251,4.42935886613824,13.8231473172016
116.98,183.4712,-20.1387,12280.5185686739,,,,,,,,,1025069.9259147,83.471224784394,4.42450195910343,13.8402713886323
117.00,183.0721,-19.6804,12058.6942731082,,,,,,,,,1001740.73520467,83.072073353633,4.4197085846539,13.8172497798454
117.02,182.6840,-19.5289,12022.0216307899,,,,,,,,,994028.938241576,82.684008461251,4.41502621526937,13.809521598134
117.04,182.2909,-19.7176,12196.1564143586,,,,,,,,,1003632.89928112,82.290917333558,4.41026074112576,13.8191368742057
117.06,181.8953,-20.0655,12471.308404149,,,,,,,,,1021341.60780225,81.895305184055,4.40544166545594,13.8366276227758
117.08,181.4883,-20.3072,12684.5793799143,,,,,,,,,1033644.78066723,81.488297696649,4.4004594233931,13.8486017360209
117.10,181.0830,-20.3944,12802.7343388154,,,,,,,,,1038084.3275618,81.083017118814,4.39547353251966,13.8528875798338
117.12,180.6725,-20.8753,13171.2891413103,,,,,,,,,1062561.09748808,80.67252082072,4.39039800701303,13.8761926816456
117.14,180.2480,-21.0085,13325.4294426364,,,,,,,,,1069339.13138022,80.248005213155,4.38512190454423,13.8825513813994
117.16,179.8322,-20.9163,13336.0707953938,,,,,,,,,1064647.63634629,79.832182408181,4.37992671147996,13.8781544444893
117.18,179.4114,-21.1900,13582.1761814802,,,,,,,,,1078578.99546393,79.411353604337,4.37464135052858,13.8911549878072
117.20,178.9846,-21.6291,13938.5691790749,,,,,,,,,1100932.07232355,78.98458286352,4.36925267979575,13.911667717456
117.22,178.5462,-21.9030,14193.8642508003,,,,,,,,,1114873.92890589,78.546187930678,4.36368683304249,13.9242518882378
117.24,178.1085,-21.7979,14204.9069256303,,,,,,,,,1109523.4186746,78.108461004602,4.35809838650405,13.9194411285449
117.26,177.6743,-22.2355,14571.0287206894,,,,,,,,,1131794.03012442,77.6742707615,4.35252406690546,13.9393145690031
117.28,177.2190,-22.7691,15008.7015127934,,,,,,,,,1158957.56016232,77.219042511734,4.34664609127377,13.9630315040176
117.30,176.7635,-22.8454,15148.3776473088,,,,,,,,,1162842.57619037,76.76350585285,4.34072934301015,13.9663780622273
117.32,176.3052,-22.9160,15286.3892077705,,,,,,,,,1166431.36135684,76.305224569574,4.33474140999039,13.9694595271838
117.34,175.8469,-23.1227,15517.5172167752,,,,,,,,,1176955.07490335,75.84686766972,4.32871640856371,13.9784412163579
117.36,175.3803,-23.4468,15832.3792029938,,,,,,,,,1193449.752789,75.380316343315,4.32254618447804,13.9923586231534
117.38,174.9090,-23.4915,15962.4269071085,,,,,,,,,1195729.3913364,74.908997127743,4.31627400517485,13.9942669264673
117.40,174.4407,-23.3697,15979.5211929175,,,,,,,,,1189526.01381811,74.440654351104,4.31000222205116,13.9890654780263
117.42,173.9742,-23.6582,16278.7808370489,,,,,,,,,1204209.95299188,73.974210049638,4.30371651961673,14.0013342692099
117.44,173.4943,-23.9560,16591.3768066751,,,,,,,,,1219372.08772956,73.494327923345,4.29720823213,14.0138466020262
117.46,173.0160,-24.0102,16737.8401904744,,,,,,,,,1222129.61182154,73.015968483022,4.29067816356967,14.0161054784096
117.48,172.5339,-24.1254,16929.9430143425,,,,,,,,,1227995.12138728,72.533919360919,4.28405430570547,14.0208934148697
117.50,172.0510,-24.7109,17457.0380370842,,,,,,,,,1257796.18382644,72.050950519469,4.27737351485635,14.0448716870803
117.52,171.5455,-25.4129,18079.7909702038,,,,,,,,,1293527.36450373,71.545482281046,4.27033336328288,14.0728834357797
117.54,171.0344,-25.6869,18406.175505833,,,,,,,,,1307472.26191381,71.034434149531,4.2631647474942,14.0836062600987
117.56,170.5180,-26.0561,18807.4597719308,,,,,,,,,1326264.58617266,70.518007336219,4.25586810041205,14.0978769669065
117.58,169.9922,-26.3650,19173.3821835541,,,,,,,,,1341987.03341642,69.992191287331,4.24838368278873,14.1096619343333
117.60,169.4634,-26.7444,19597.3778292502,,,,,,,,,1361300.67176477,69.463409014493,4.24080012492665,14.1239511769734
117.62,168.9224,-27.3429,20193.1784958015,,,,,,,,,1391762.63601714,68.922415374405,4.2329814571049,14.1460815852337
117.64,168.3697,-27.7495,20659.2009956456,,,,,,,,,1412463.26309599,68.369694616636,4.22492966528762,14.1608457332369
117.66,167.8124,-28.2081,21173.1813549584,,,,,,,,,1435804.950976,67.812433422517,4.21674556194653,14.1772361913537
117.68,167.2414,-28.6369,21677.5820248346,,,,,,,,,1457630.30577679,67.241369637392,4.20828867771714,14.192322596831
117.70,166.6670,-28.8638,22037.6112071015,,,,,,,,,1469180.47925094,66.666957023795,4.19970943322737,14.2002153061874
117.72,166.0868,-29.4071,22649.4952284522,,,,,,,,,1496833.03619622,66.086816553682,4.19096927997122,14.2188621249145
117.74,165.4907,-29.9396,23269.5422072996,,,,,,,,,1523937.98475414,65.490673223304,4.18190773896494,14.2368083219822
117.76,164.8892,-30.6039,24006.2893457117,,,,,,,,,1557749.687781,64.889232373568,4.17268169890627,14.258752829977
117.78,164.2665,-30.9153,24485.5912732892,,,,,,,,,1573603.69650493,64.266518171507,4.16303878289634,14.2688788951296
117.80,163.6526,-30.3765,24290.8581679703,,,,,,,,,1546176.72739299,63.65261847487,4.15344046280406,14.2512958142697
117.82,163.0515,-30.5777,24684.9027774168,,,,,,,,,1556419.10358913,63.051457711757,4.14395118207637,14.2578982942328
117.84,162.4295,-31.0478,25314.0536026441,,,,,,,,,1580343.938744,62.42950906049,4.13403806520307,14.2731530640631
117.86,161.8095,-30.6504,25240.6945470795,,,,,,,,,1560115.89603866,61.809547004687,4.12405783480898,14.2602706687987
117.88,161.2035,-30.5575,25413.4096607512,,,,,,,,,1555389.47910432,61.203494527792,4.11420428801545,14.2572365411108
117.90,160.5872,-30.7105,25800.4537896783,,,,,,,,,1563178.45921815,60.587246719029,4.10408442074648,14.2622317802487
117.92,159.9751,-30.5541,25931.0540653255,,,,,,,,,1555216.86792037,59.975073284814,4.09392903064771,14.2571255587717
117.94,159.3651,-30.3874,26054.5451320568,,,,,,,,,1546730.21031091,59.365082079589,4.08370620974274,14.2516537189431
117.96,158.7596,-30.3889,26324.3472880138,,,,,,,,,1546807.53438424,58.759577871416,4.07345416733528,14.2517037096526
117.98,158.1495,-30.5841,26771.3565951143,,,,,,,,,1556741.6937377,58.149525901194,4.06301772589952,14.2581055370774
118.00,157.5362,-30.0374,26573.1446085315,,,,,,,,,1528918.1600964,57.536214950094,4.05241457476567,14.2400709583619
118.02,156.9480,-29.4846,26353.4649758402,,,,,,,,,1500777.86288048,56.94802805841,4.04213906345367,14.2214941069124
118.04,156.3568,-29.6505,26779.7888616933,,,,,,,,,1509224.03814666,56.356831113986,4.03170345965106,14.2271061946864
118.06,155.7620,-29.2696,26717.7054821452,,,,,,,,,1489832.87502273,55.762006809243,4.02109275592736,14.2141745072165
118.08,155.1860,-28.6573,26431.7891453531,,,,,,,,,1458665.99451206,55.186048378738,4.01071017457521,14.193032873615
118.10,154.6157,-28.4775,26540.265227249,,,,,,,,,1449515.60191667,54.615716516218,4.00032168961287,14.1867399909401
118.12,154.0469,-28.3449,26694.6917339772,,,,,,,,,1442766.64022933,54.046948906811,3.98985309303418,14.1820731061954
118.14,153.4819,-27.7264,26388.065420316,,,,,,,,,1411284.42236313,53.481920704827,3.9793436660396,14.1600107855485
118.16,152.9379,-27.4410,26384.8379036009,,,,,,,,,1396757.73486568,52.93789334499,3.96911940275048,14.1496642050656
118.18,152.3843,-27.6073,26825.2324002936,,,,,,,,,1405220.50971237,52.384280916686,3.95860656381725,14.1557047948497
118.20,151.8336,-27.2305,26740.2474147183,,,,,,,,,1386043.37126453,51.833603099036,3.94803864742065,14.141963750641
118.22,151.2951,-26.9562,26748.8075044402,,,,,,,,,1372081.71244921,51.295060993708,3.93759447061603,14.1318396426732
118.24,150.7554,-26.6806,26756.8518466122,,,,,,,,,1358053.51209345,50.75535492287,3.92701712807708,14.1215629914006
118.26,150.2278,-26.1055,26455.1079463269,,,,,,,,,1328782.8459337,50.227836855914,3.91656939205092,14.0997739277561
118.28,149.7111,-25.9431,26563.7775396093,,,,,,,,,1320515.48065381,49.711133090344,3.90622891385895,14.093532733978
118.30,149.1901,-25.9361,26837.8440941071,,,,,,,,,1320156.55465141,49.190111918911,3.89569262604172,14.0932608895385
118.32,148.6737,-26.0200,27210.3805745027,,,,,,,,,1324429.63470893,48.673690214755,3.88513864210844,14.0964924603555
118.34,148.1493,-25.7656,27237.8078710018,,,,,,,,,1311481.68350991,48.149311050327,3.87430682973734,14.0866681121297
118.36,147.6431,-25.1934,26915.8152178546,,,,,,,,,1282351.91975428,47.643064472505,3.86373706803763,14.0642063871809
118.38,147.1416,-24.8851,26869.2841298508,,,,,,,,,1266660.42366359,47.141576885421,3.85315534806054,14.0518944073297
118.40,146.6477,-24.4907,26723.4144347994,,,,,,,,,1246584.78918789,46.647661444212,3.84262279622356,14.0359182014438
118.42,146.1620,-24.3764,26878.5943304865,,,,,,,,,1240768.33458946,46.161950261742,3.83215587134507,14.031241370362
118.44,145.6726,-24.3519,27139.329125564,,,,,,,,,1239523.87735163,45.672605671894,3.82149867991345,14.0302378939682
118.46,145.1879,-24.0027,27037.0356984654,,,,,,,,,1221746.12040921,45.187872444114,3.81082874207841,14.0157916396898
118.48,144.7125,-23.3690,26603.0615061968,,,,,,,,,1189489.34704127,44.712498475568,3.80025307049105,13.9890346528559
118.50,144.2531,-23.0587,26522.3359829515,,,,,,,,,1173695.96258809,44.253114180536,3.78992574593886,13.9756682701812
118.52,143.7902,-23.0817,26829.5377059483,,,,,,,,,1174869.51860251,43.790151417407,3.77940893861521,13.9766676513962
118.54,143.3298,-23.1587,27204.9479590039,,,,,,,,,1178786.17517616,43.329844885295,3.76884165589992,13.9799958018978
118.56,142.8638,-22.9772,27285.2227845438,,,,,,,,,1169548.4476445,42.863804223985,3.75802774541559,13.9721282900949
118.58,142.4108,-22.3954,26878.4467585579,,,,,,,,,1139935.27791172,42.410757144989,3.74740203630966,13.9464820449973
118.60,141.9680,-22.2070,26933.511717504,,,,,,,,,1130345.29507188,41.96798794482,3.73690713587753,13.9380337148713
118.62,141.5225,-22.3938,27451.4567953419,,,,,,,,,1139852.48719487,41.5224771382,3.72623489840263,13.9464094148007
118.64,141.0722,-22.1729,27478.6328965203,,,,,,,,,1128608.91524939,41.072236726606,3.71533238781022,13.9364963838741
118.66,140.6356,-22.0826,27660.8725251518,,,,,,,,,1124015.09113887,40.635561662663,3.70464358624974,13.9324177356258
118.68,140.1889,-21.5861,27339.4018493843,,,,,,,,,1098741.34271494,40.188931300254,3.69359161692204,13.9096758487377
118.70,139.7721,-20.9600,26824.6470750925,,,,,,,,,1066873.01725222,39.772117570294,3.68316610322062,13.8802425140661
118.72,139.3505,-20.6680,26734.2961040269,,,,,,,,,1052008.7443827,39.350530879481,3.67250946599175,13.8662119843961
118.74,138.9454,-20.3693,26622.0859506481,,,,,,,,,1036807.73863838,38.945398214115,3.6621606193579,13.8516570685168
118.76,138.5358,-20.5570,27152.9585151368,,,,,,,,,1046359.81684199,38.535757208876,3.65158656893637,13.8608278576117
118.78,138.1231,-20.4471,27300.1098048896,,,,,,,,,1040765.30909994,38.123118058431,3.6408208713074,13.8554668746295
118.80,137.7179,-19.9726,26953.1322953863,,,,,,,,,1016614.83402211,37.717873487978,3.63013407992945,13.8319888756867
118.82,137.3242,-19.7189,26891.3672449564,,,,,,,,,1003699.11754022,37.324212948989,3.61964225677263,13.8192028505948
118.84,136.9291,-19.5915,27003.5315356654,,,,,,,,,997216.607176211,36.92911817327,3.6090003502493,13.8127232842997
118.86,136.5406,-19.4356,27073.4825021006,,,,,,,,,989279.992603009,36.540551904479,3.59842265495399,13.8047326773153
118.88,136.1517,-19.0522,26824.8934551336,,,,,,,,,969765.342572574,36.15169410438,3.58772381069843,13.7848094063398
118.90,135.7785,-18.6251,26497.0942809306,,,,,,,,,948025.317711159,35.778463391491,3.57734613114079,13.7621364873269
118.92,135.4067,-18.8361,27078.6225934364,,,,,,,,,958764.394560098,35.406689954477,3.56690078404981,13.7734006454337
118.94,135.0250,-18.8952,27459.6483741426,,,,,,,,,961774.732276979,35.025019955559,3.55606266197477,13.7765355361945
118.96,134.6509,-18.4965,27170.4608716724,,,,,,,,,941480.402291925,34.650880849559,3.54532314665649,13.7552088114532
118.98,134.2852,-18.1008,26872.7445581585,,,,,,,,,921336.323080644,34.285159116765,3.53471258172789,13.7335804202187
119.00,133.9269,-17.8163,26729.796935195,,,,,,,,,906857.816565262,33.926850202562,3.52420674226067,13.7177409544772
119.02,133.5725,-17.5333,26582.8312914448,,,,,,,,,892452.273143812,33.572506380501,3.51370746952459,13.7017283157369
119.04,133.2255,-17.4525,26736.6720844664,,,,,,,,,888339.780648046,33.225518039104,3.50331819632438,13.6971095846528
119.06,132.8744,-17.6891,27388.5387860153,,,,,,,,,900381.944142352,32.874406012565,3.49269442227584,13.7105743346621
119.08,132.5180,-17.5635,27492.1888208677,,,,,,,,,893989.741240663,32.517954356624,3.48179237853821,13.7034495789675
119.10,132.1719,-17.1418,27120.6720310874,,,,,,,,,872522.616442119,32.171865632311,3.47109233249173,13.6791438541464
119.12,131.8323,-16.7512,26785.4632422533,,,,,,,,,852642.469821785,31.832283881384,3.46048099119821,13.6560955942024
119.14,131.5018,-16.6028,26826.6282791087,,,,,,,,,845087.559935452,31.501817937872,3.45004525647969,13.6471955221964
119.16,131.1682,-16.6223,27145.7587130104,,,,,,,,,846083.709227718,31.16817320056,3.43939748444417,13.6483735807711
119.18,130.8369,-16.5830,27372.4288657992,,,,,,,,,844081.520530248,30.836924434751,3.42871281722247,13.6460043572197
119.20,130.5049,-16.1929,27019.4224099019,,,,,,,,,824223.511843527,30.504853114161,3.41788578945244,13.6221970243467
119.22,130.1892,-15.8900,26791.202001468,,,,,,,,,808805.216197242,30.189209732095,3.40748456689701,13.6033133959718
119.24,129.8693,-15.7037,26760.8282313738,,,,,,,,,799325.998546887,29.869254853995,3.39682968561605,13.5915241497296
119.26,129.5611,-15.5469,26769.8155883068,,,,,,,,,791344.143524667,29.561060699661,3.38645797837469,13.5814882261207
119.28,129.2474,-15.3992,26799.8396003712,,,,,,,,,783825.048492983,29.247378349314,3.37578994057766,13.5719411219979
119.30,128.9451,-15.1671,26671.6624757449,,,,,,,,,772013.752520003,28.945093063549,3.36540069271146,13.5567576429933
119.32,128.6407,-15.1096,26852.9456262787,,,,,,,,,769086.961110394,28.64069260088,3.35482852479166,13.5529593254629
119.34,128.3407,-15.0175,26971.7521785652,,,,,,,,,764398.534653041,28.340707329371,3.34429919264447,13.5468445743567
119.36,128.0400,-14.5236,26364.4568999466,,,,,,,,,739259.141022468,28.039991258988,3.33363175043268,13.5134038029037
119.38,127.7598,-14.3975,26399.3992225469,,,,,,,,,732841.032469773,27.759761738967,3.32358755271153,13.5046840848653
119.40,127.4641,-14.7060,27255.2979762157,,,,,,,,,748541.938299751,27.464089328723,3.31287930872522,13.5258825110648
119.42,127.1715,-14.3208,26827.1102147144,,,,,,,,,728933.396011876,27.17152127746,3.30216941294406,13.4993376433215
119.44,126.8913,-14.0145,26527.0335095653,,,,,,,,,713345.307603188,26.891258208196,3.2918012601194,13.4777208845486
119.46,126.6109,-13.8251,26444.0524131483,,,,,,,,,703701.092937329,26.610940030789,3.28132241058845,13.4641089610831
119.48,126.3383,-13.6133,26308.6050380518,,,,,,,,,692922.770598609,26.338255851893,3.27102247741402,13.4486738298243
119.50,126.0664,-13.0680,25518.2183384698,,,,,,,,,665168.285578728,26.066407801518,3.26064742794579,13.4077953486441
119.52,125.8155,-12.7553,25149.5556035732,,,,,,,,,649249.218819977,25.815534439413,3.25097642078681,13.3835719263205
119.54,125.5562,-13.3514,26592.1070062709,,,,,,,,,679593.108323332,25.55619636169,3.24087980629526,13.4292495279447
119.56,125.2815,-13.4452,27069.9579579478,,,,,,,,,684368.527720638,25.281477303503,3.23007200520981,13.4362518347304
119.58,125.0184,-13.0281,26505.9032154015,,,,,,,,,663134.930385533,25.018386470234,3.21961101336026,13.404733763372
119.60,124.7604,-12.9491,26619.7375483806,,,,,,,,,659114.119758013,24.760353799886,3.20924373688579,13.398651969597
119.62,124.5004,-12.8813,26761.2171026206,,,,,,,,,655661.131357794,24.500422714092,3.19869037103825,13.3933993664068
119.64,124.2451,-12.9358,27157.6325212584,,,,,,,,,658439.613168029,24.245103569047,3.18821468231751,13.3976280923432
119.66,123.9830,-12.8566,27286.2098046086,,,,,,,,,654404.870082761,23.982989017853,3.17734478811411,13.391481506301
119.68,123.7308,-13.1830,28276.2037434134,,,,,,,,,671018.082933823,23.730840569082,3.16677549203195,13.4165513648214
119.70,123.4557,-13.3828,29041.510904027,,,,,,,,,681188.112087356,23.455670551662,3.15511228022967,13.4315937761906
119.72,123.1955,-12.5949,27638.3826137709,,,,,,,,,641086.933126303,23.195530002066,3.14395958778383,13.370920347809
119.74,122.9519,-12.0467,26715.907964911,,,,,,,,,613180.138197829,22.951873430736,3.13339956414382,13.3264140350407
119.76,122.7137,-11.7304,26287.2563572863,,,,,,,,,597079.892357183,22.713663390424,3.12296665488373,13.2998062064651
119.78,122.4827,-11.7062,26502.6772836381,,,,,,,,,595850.660487889,22.482659171032,3.11274430855605,13.2977453449985
119.80,122.2454,-11.7284,26836.0596651349,,,,,,,,,596979.28745158,22.24541512058,3.10213592538216,13.2996376973869
119.82,122.0135,-11.3902,26336.7373113327,,,,,,,,,579764.398134911,22.01352397153,3.09165699047034,13.2703770898847
119.84,121.7898,-11.1283,25995.4034532671,,,,,,,,,566434.855686369,21.789808213774,3.08144234734707,13.2471173584625
119.86,121.5684,-10.9176,25764.9217394386,,,,,,,,,555707.933572376,21.568392063918,3.07122891260242,13.2279981358844
119.88,121.3531,-10.7816,25700.5909328587,,,,,,,,,548787.443490609,21.353106040413,3.06119721107971,13.2154664751951
119.90,121.1371,-10.8709,26178.2339598494,,,,,,,,,553332.691091477,21.137128346402,3.05103113140434,13.2237147109859
119.92,120.9183,-10.8642,26435.751173676,,,,,,,,,552990.192533294,20.918270447482,3.04062296118444,13.223095545326
119.94,120.7026,-10.7133,26340.3437980244,,,,,,,,,545312.59808825,20.702561905405,3.03025745615938,13.2091144836883
119.96,120.4897,-10.6858,26545.5594820555,,,,,,,,,543911.543761122,20.489737431558,3.01992414770106,13.2065419092364
119.98,120.2751,-10.5482,26481.1706100852,,,,,,,,,536909.174175542,20.27512990574,3.00939500716911,13.1935842235724
120.00,120.0678,-10.1190,25666.0314170465,,,,,,,,,515060.99656951,20.067808232613,2.99911695069699,13.1520406125732
120.02,119.8704,-10.0385,25714.9667344763,,,,,,,,,510965.905134131,19.870370061536,2.98922968052397,13.1440581451088
120.04,119.6663,-9.8251,25429.3123925227,,,,,,,,,500099.634660487,19.666266509335,2.97890480804764,13.1225626268738
120.06,119.4774,-9.4792,24771.9694790571,,,,,,,,,482492.755204071,19.47736757919,2.96925315454439,13.0867211845274
120.08,119.2871,-9.4798,25018.0125218309,,,,,,,,,482524.918428795,19.287100364497,2.95943649755223,13.0867878428397
120.10,119.0982,-9.1951,24506.7448292586,,,,,,,,,468034.129831226,19.098176158934,2.94959284143217,13.0562964992305
120.12,118.9193,-9.0213,24270.9640034292,,,,,,,,,459189.564487474,18.91929650683,2.94018238041817,13.03721839831
120.14,118.7373,-8.6514,23501.651309578,,,,,,,,,440358.026650782,18.737322788519,2.93051740579995,12.9953433719562
120.16,118.5732,-8.4577,23178.5079929443,,,,,,,,,430500.035132031,18.573241869713,2.92172193577227,12.9727026844574
120.18,118.3990,-8.8345,24440.3393305117,,,,,,,,,449678.170874931,18.39901503796,2.91229713263648,13.0162874300528
120.20,118.2199,-8.7279,24383.0533562956,,,,,,,,,444255.891977111,18.219863012456,2.90251237327753,13.0041560086799
120.22,118.0499,-8.7086,24558.1531321611,,,,,,,,,443272.141169879,18.049897269733,2.89313999333516,13.0019391745668
120.24,117.8715,-8.4929,24188.7519131482,,,,,,,,,432289.723031094,17.871518323197,2.88320829048631,12.9768512976021
120.26,117.7102,-8.1791,23507.3899883966,,,,,,,,,416320.180800244,17.710183095858,2.87413979029906,12.9392099085881
120.28,117.5444,-8.5454,24792.2844893995,,,,,,,,,434964.610295786,17.544353788041,2.86473217666927,12.9830199511194
120.30,117.3684,-8.7161,25543.8807910278,,,,,,,,,443655.492764769,17.368366866189,2.85465055546374,13.0028036230383
120.32,117.1957,-8.6121,25492.434981493,,,,,,,,,438360.464137109,17.195707842556,2.84465980864067,12.9907968283803
120.34,117.0239,-8.5355,25520.6194732123,,,,,,,,,434460.014742114,17.023882010315,2.83461718235015,12.981859193543
120.36,116.8543,-8.0886,24427.7587188307,,,,,,,,,411712.484268692,16.854288148479,2.82460511394538,12.9280805310016
120.38,116.7003,-7.8709,23989.4611807636,,,,,,,,,400632.120375302,16.700338425965,2.81542898424522,12.9007988796668
120.40,116.5395,-7.8021,24011.084315357,,,,,,,,,397130.177702955,16.539452050025,2.80574856026957,12.8920194094546
120.42,116.3883,-7.6700,23822.3485486115,,,,,,,,,390406.706596491,16.388254323449,2.79656487844687,12.8749443121555
120.44,116.2327,-7.6987,24140.6295348258,,,,,,,,,391866.428071678,16.232651576313,2.78702474318614,12.8786763159908
120.46,116.0803,-7.3679,23322.4139553905,,,,,,,,,375031.570086618,16.080306729996,2.7775953388174,12.8347654883067
120.48,115.9379,-6.9266,22121.1931460961,,,,,,,,,352566.108146903,15.937933628554,2.76870203061465,12.7729934244932
120.50,115.8032,-6.9012,22227.840293923,,,,,,,,,351271.966617253,15.803243228866,2.76021518661815,12.7693160360868
120.52,115.6619,-6.6018,21455.6356691137,,,,,,,,,336035.744075572,15.661887126435,2.75123018946042,12.7249728144646
120.54,115.5392,-6.5959,21605.6924002485,,,,,,,,,335734.529063161,15.539170087384,2.74336393858316,12.7240760345842
120.56,115.3981,-6.6241,21897.0500342923,,,,,,,,,337171.886483196,15.398050694279,2.7342409231143,12.7283481282153
120.58,115.2742,-6.2077,20686.9163231663,,,,,,,,,315976.182331581,15.274204110244,2.72616539962452,12.66342211736
120.60,115.1497,-6.0970,20484.9112597911,,,,,,,,,310341.106685849,15.149741326681,2.71798345766314,12.6454273156743
120.62,115.0303,-5.8250,19726.3264234049,,,,,,,,,296493.058884493,15.030323057653,2.71006969772238,12.5997790869756
120.64,114.9167,-5.9304,20236.4581104476,,,,,,,,,301862.039599722,14.916742739871,2.70248425591937,12.6177253694643
120.66,114.7931,-6.1171,21047.9259837498,,,,,,,,,311364.184710777,14.793105266104,2.69416121182502,12.6487185179934
120.68,114.6721,-5.6993,19771.882916907,,,,,,,,,290094.207055461,14.672057703083,2.68594484837735,12.5779610011251
120.70,114.5651,-5.7323,20032.6551051615,,,,,,,,,291778.330153242,14.565135206569,2.67863067334593,12.5837496496444
120.72,114.4428,-5.9855,21094.6983627643,,,,,,,,,304665.753862781,14.442764178158,2.67019354022543,12.6269705656897
120.74,114.3257,-5.9324,21078.1702751032,,,,,,,,,301959.841549366,14.325714120738,2.66205611271868,12.6180493125129
120.76,114.2055,-5.9575,21346.7227763919,,,,,,,,,303240.219946308,14.205469529106,2.65362706855123,12.6222805754909
120.78,114.0874,-5.9211,21393.8594266052,,,,,,,,,301384.139576755,14.087413288411,2.64528172413212,12.6161409412841
120.80,113.9686,-5.8433,21292.4742532529,,,,,,,,,297426.637021639,13.96862729451,2.63681390748962,12.6029228753109
120.82,113.8537,-5.3191,19543.1636735328,,,,,,,,,270744.756255629,13.853681050745,2.62855097715733,12.5089317971988
120.84,113.7559,-5.1247,18962.7339098541,,,,,,,,,260848.769187859,13.755862969332,2.62146513100049,12.4716960899723
120.86,113.6487,-5.4848,20454.4252798514,,,,,,,,,279176.180767404,13.648693470865,2.61364380062971,12.5395983337934
120.88,113.5365,-5.4215,20386.2417622245,,,,,,,,,275957.80757644,13.53647282295,2.6053877330273,12.5280032619135
120.90,113.4318,-5.0275,19051.8237335423,,,,,,,,,255900.904785648,13.431832477807,2.59762744782485,12.4525455578417
120.92,113.3354,-4.7882,18276.3086425746,,,,,,,,,243721.402210301,13.335373514242,2.59042016730859,12.4037810577116
120.94,113.2403,-4.7338,18198.4549649475,,,,,,,,,240953.083551894,13.240304411336,2.5832655420373,12.3923575194628
120.96,113.1460,-4.6011,17815.0497511568,,,,,,,,,234197.016834883,13.146020926474,2.57611912169117,12.3639179923827
120.98,113.0563,-4.7134,18375.2011936342,,,,,,,,,239911.423953396,13.05626106758,2.56926779400682,12.3880250673413
121.00,112.9575,-4.9197,19326.0356139285,,,,,,,,,250416.853783486,12.957486925203,2.56167376202877,12.4308822233851
121.02,112.8595,-4.7713,18885.9222112739,,,,,,,,,242862.976376252,12.859471391409,2.55408061309754,12.4002526800555
121.04,112.7666,-4.6356,18481.9647781206,,,,,,,,,235952.469781604,12.766633451273,2.54683500578714,12.3713856644937
121.06,112.6740,-4.4636,17926.4570269526,,,,,,,,,227200.786291423,12.674048527817,2.5395564798207,12.3335894266129
121.08,112.5881,-4.4252,17893.5473461099,,,,,,,,,225245.550125927,12.588088083881,2.53275097662612,12.3249464200076
121.10,112.4970,-4.4830,18259.0909452276,,,,,,,,,228184.584055514,12.497039679577,2.5254917906268,12.337910159595
121.12,112.4088,-4.6552,19095.3840359972,,,,,,,,,236950.220938028,12.408769600619,2.518403448501,12.37560535982
121.14,112.3108,-4.6221,19110.5700374616,,,,,,,,,235267.031199132,12.310832734866,2.51047958493245,12.3684764509977
121.16,112.2239,-4.2226,17582.9738107722,,,,,,,,,214932.25663992,12.22388538782,2.50339185638381,12.2780781720642
121.18,112.1419,-4.1964,17591.6474194304,,,,,,,,,213596.526421595,12.141928571492,2.49666463392797,12.2718441238648
121.20,112.0560,-4.4063,18603.1384616054,,,,,,,,,224280.012239108,12.05603090586,2.48956502484612,12.3206506048083
121.22,111.9657,-4.6292,19691.8131510987,,,,,,,,,235625.905043816,11.965678489625,2.48204242594775,12.3700006782118
121.24,111.8709,-4.4610,19127.8837562043,,,,,,,,,227064.519543794,11.870864672635,2.47408705117784,12.3329894831439
121.26,111.7872,-4.0539,17505.6515895495,,,,,,,,,206343.320270168,11.787240207234,2.46701760803348,12.2372966637829
121.28,111.7087,-4.0242,17494.2678370842,,,,,,,,,204835.310706878,11.708710110901,2.4603330187585,12.2299615728466
121.30,111.6263,-3.9369,17235.7334467606,,,,,,,,,200387.302978048,11.626270712356,2.45326725408944,12.2080072877926
121.32,111.5512,-4.0779,17969.1926141276,,,,,,,,,207566.385974489,11.551236075643,2.44679245077781,12.2432064998926
121.34,111.4632,-4.2287,18776.7709916603,,,,,,,,,215241.036397697,11.463155006433,2.43913797936832,12.2795137786712
121.36,111.3821,-4.0314,18028.2905869257,,,,,,,,,205199.612633174,11.382089258201,2.43204100219912,12.2317385045244
121.38,111.3019,-3.5632,16047.4438297842,,,,,,,,,181366.592990772,11.30189922548,2.42497078464693,12.1082756375796
121.40,111.2396,-3.2296,14625.7141610355,,,,,,,,,164386.630129371,11.239562616868,2.41943993061838,12.00997643305
121.42,111.1727,-3.4809,15858.0096684457,,,,,,,,,177177.042478178,11.172716260271,2.41347475811797,12.084904751639
121.44,111.1003,-3.7882,17370.5896627765,,,,,,,,,192819.248489942,11.100328326973,2.40697468688742,12.1695084927413
121.46,111.0212,-3.9955,18452.8392006454,,,,,,,,,203372.238903505,11.021189568291,2.39981974420488,12.2227932680481
121.48,110.9405,-3.8808,18055.3898071751,,,,,,,,,197535.147185251,10.940508584686,2.39247228445861,12.1936718079219
121.50,110.8660,-3.5924,16828.1275894043,,,,,,,,,182853.70901023,10.865956895012,2.3856346811614,12.1164417078139
121.52,110.7968,-3.4548,16287.0824686423,,,,,,,,,175848.58854485,10.796813295654,2.37925102537265,12.0773786113976
121.54,110.7278,-3.6402,17271.7813683953,,,,,,,,,185287.638741863,10.727766568474,2.37283538665185,12.1296647006142
121.56,110.6512,-4.1725,19939.7161534247,,,,,,,,,212382.010511676,10.651205306912,2.36567306010963,12.2661418684903
121.58,110.5609,-4.1188,19851.4387772779,,,,,,,,,209648.394995213,10.560866511861,2.35715533095914,12.2531870969303
121.60,110.4865,-3.6767,17846.5985313836,,,,,,,,,187147.524875737,10.486453457595,2.35008427731176,12.1396524878951
121.62,110.4138,-3.7649,18401.9781162819,,,,,,,,,191634.463298538,10.413796934634,2.34313155528365,12.163344999422
121.64,110.3359,-3.7608,18520.4207610876,,,,,,,,,191424.435885136,10.335857827125,2.33561919183003,12.1622484190533
121.66,110.2634,-3.6270,17988.0249345267,,,,,,,,,184617.689885506,10.263366353865,2.32858089059326,12.1260424246585
121.68,110.1908,-3.6324,18142.8594265564,,,,,,,,,184889.822159554,10.1907763166,2.32148302849371,12.1275153707523
121.70,110.1181,-3.6155,18188.3342306502,,,,,,,,,184030.856910739,10.118070988635,2.31432303191896,12.1228587231328
121.72,110.0462,-3.2917,16677.8605866209,,,,,,,,,167548.388662585,10.04615596781,2.30719007057166,12.0290274760651
121.74,109.9864,-3.0628,15610.9206808253,,,,,,,,,155896.950749663,9.986403360639,2.30122450387622,11.9569504958402
121.76,109.9236,-3.1139,15971.9030193138,,,,,,,,,158499.489201997,9.92364460329701,2.29492025334801,11.9735066495939
121.78,109.8618,-3.3310,17192.4406523078,,,,,,,,,169549.21575425,9.861846795527,2.28867345285334,12.0408985220889
121.80,109.7904,-3.2087,16682.1046224501,,,,,,,,,163324.554310325,9.790404628594,2.28140278649466,12.0034946308537
121.82,109.7335,-2.7883,14581.222522695,,,,,,,,,141926.30698224,9.733498460869,2.27557338561999,11.8630632369607
121.84,109.6789,-2.8076,14764.9755413794,,,,,,,,,142908.30940682,9.678872071702,2.26994537298094,11.8699585106306
121.86,109.6212,-2.9144,15418.3922217302,,,,,,,,,148343.345801201,9.621194198973,2.26396839408062,11.9072847699856
121.88,109.5623,-2.8812,15336.5004431506,,,,,,,,,146652.167505297,9.56229669531901,2.25782793830641,11.8958188544211
121.90,109.5059,-2.8283,15144.1142582629,,,,,,,,,143959.160105377,9.505947832296,2.25191769030552,11.8772849279538
121.92,109.4492,-2.5991,14000.7915222891,,,,,,,,,132295.81196362,9.449166624116,2.24592654969264,11.7927956939982
121.94,109.4020,-2.7017,14626.6846502072,,,,,,,,,137519.846047327,9.40198338421,2.24092066533916,11.8315235205631
121.96,109.3411,-2.7017,14721.9729446709,,,,,,,,,137519.375502103,9.341096877364,2.2344236840353,11.8315200989041
121.98,109.2939,-2.4923,13649.7326711583,,,,,,,,,126859.441667491,9.293914007235,2.22935977811675,11.7508349940076
122.00,109.2414,-2.8191,15527.245316259,,,,,,,,,143493.556166942,9.24140459201,2.22369388622322,11.8740454084136
122.02,109.1811,-2.8403,15746.5800318942,,,,,,,,,144571.710584923,9.18114983012801,2.21715245061537,11.8815309304586
122.04,109.1278,-2.7017,15065.9032282447,,,,,,,,,137518.448270435,9.127793149011,2.21132395115171,11.8315133563284
122.06,109.0731,-2.6894,15087.5296748454,,,,,,,,,136890.381572945,9.073081181817,2.20531191777416,11.8269357500277
122.08,109.0202,-2.6690,15061.0201984779,,,,,,,,,135853.686485045,9.02021806589001,2.19946850960159,11.8193337509239
122.10,108.9663,-2.6563,15079.4106618457,,,,,,,,,135206.833225366,8.96632078384,2.19347542290274,11.8145609829216
122.12,108.9140,-2.5517,14570.828365776,,,,,,,,,129883.868593249,8.913965996492,2.18761925989873,11.7743960116775
122.14,108.8643,-2.6466,15197.6150426575,,,,,,,,,134715.485851959,8.86425175751801,2.18202653184866,11.8109203212838
122.16,108.8081,-2.9010,16764.1701333099,,,,,,,,,147660.487816674,8.808100051626,2.17567175853229,11.9026709162558
122.18,108.7482,-2.6633,15495.8458444692,,,,,,,,,135560.960124085,8.748213003969,2.16884945139429,11.8171767083463
122.20,108.7016,-2.5751,15062.9654722864,,,,,,,,,131071.443828046,8.701569692183,2.16350343377487,11.7834978262548
122.22,108.6452,-2.6114,15375.1226682406,,,,,,,,,132921.175367908,8.645210723585,2.15700549403599,11.797511565101
122.24,108.5971,-2.6395,15627.5998515793,,,,,,,,,134352.254396227,8.597113803285,2.15142654266256,11.8082203939269
122.26,108.5396,-2.9747,17730.9306533554,,,,,,,,,151415.591299346,8.53963022356599,2.14471770751479,11.9277835955244
122.28,108.4781,-2.5990,15603.4421887202,,,,,,,,,132287.919384665,8.47812410778801,2.13748921162821,11.7927360336486
122.30,108.4357,-2.1309,12857.8334091916,,,,,,,,,108464.464985781,8.43567197785001,2.13246937824864,11.5941778866672
122.32,108.3929,-2.1265,12896.8563446701,,,,,,,,,108241.864209219,8.39288748486,2.12738461917978,11.5921234856197
122.34,108.3506,-1.9738,12030.9603376895,,,,,,,,,100465.861138909,8.35061028538,2.12233462426142,11.5175732586134
122.36,108.3139,-2.1033,12876.8021336298,,,,,,,,,107056.915928077,8.31393655172199,2.11793320930289,11.5811158965838
122.38,108.2665,-2.0335,12521.3782191268,,,,,,,,,103507.719898499,8.266479782584,2.1122087573018,11.5474014772973
122.40,108.2326,-1.8358,11350.2818052259,,,,,,,,,93442.275268155,8.232595178838,2.10810129655448,11.4450991478101
122.42,108.1930,-1.8986,11795.555756647,,,,,,,,,96641.5583102364,8.193048322948,2.10328602921967,11.4787641379376
122.44,108.1566,-1.7833,11128.3573874901,,,,,,,,,90770.1114754515,8.156649567841,2.09883349248362,11.4160853416289
122.46,108.1217,-2.1200,13286.5366736468,,,,,,,,,107909.487835442,8.121716778871,2.0945415577956,11.5890480791269
122.48,108.0718,-2.3143,14593.8957491832,,,,,,,,,117799.723871614,8.071849072802,2.08838258525535,11.6767412061529
122.50,108.0291,-2.0066,12720.4835339104,,,,,,,,,102134.594780828,8.02914405797201,2.08307792924759,11.5340467790914
122.52,107.9916,-2.0119,12814.5469594404,,,,,,,,,102408.563919645,7.991586768052,2.07838933431027,11.5367256201184
122.54,107.9487,-1.9226,12311.6431935836,,,,,,,,,97861.145259038,7.94866645502201,2.0730041730894,11.49130486781
122.56,107.9147,-1.8757,12062.8309290982,,,,,,,,,95473.4798301692,7.91468274664,2.06871960998259,11.4666037897901
122.58,107.8736,-1.9522,12620.1865874372,,,,,,,,,99366.7904826841,7.873638776593,2.06352031600479,11.5065732370491
122.60,107.8366,-2.0454,13285.2043999548,,,,,,,,,104110.773234944,7.836595516385,2.05880449469144,11.553210738537
122.62,107.7918,-2.3076,15074.2054826454,,,,,,,,,117455.548451571,7.791823495228,2.05307491403388,11.6738152299382
122.64,107.7443,-2.1804,14331.2477288546,,,,,,,,,110985.385268166,7.744293265178,2.04695621924405,11.6171538073752
122.66,107.7046,-1.8493,12217.090936516,,,,,,,,,94127.8698255375,7.704605811208,2.04181830733461,11.4524094541517
122.68,107.6703,-1.7453,11581.5500074578,,,,,,,,,88834.2297705246,7.670323032178,2.03735873081277,11.3945273250944
122.70,107.6348,-1.7999,11999.9625906489,,,,,,,,,91617.2613065958,7.63479557661201,2.03271616380161,11.425374975121
122.72,107.5983,-1.7791,11918.1204528366,,,,,,,,,90557.7616092785,7.59832575678701,2.02792792786414,11.4137431759195
122.74,107.5636,-1.8418,12394.6607316985,,,,,,,,,93748.6389961568,7.563630907331,2.02335135364201,11.448372426353
122.76,107.5247,-1.8661,12622.9147109884,,,,,,,,,94983.0598868049,7.524653541715,2.01818476860691,11.4614538377013
122.78,107.4890,-1.4268,9697.41392165961,,,,,,,,,72623.822547492,7.488988624615,2.01343375832029,11.1930482812516
122.80,107.4676,-0.9735,6635.59079442063,,,,,,,,,49551.8198966586,7.46758222920001,2.01057128265781,10.8107742675732
122.82,107.4500,-1.1676,7977.23493128998,,,,,,,,,59430.7863981604,7.450048407757,2.00822053005586,10.9925676606164
122.84,107.4209,-1.6170,11091.0989991096,,,,,,,,,82305.6996857543,7.420878642627,2.00429746561712,11.3181956392581
122.86,107.3854,-2.2039,15189.1368066518,,,,,,,,,112177.374152672,7.385368607882,1.99950082778878,11.627836595342
122.88,107.3327,-2.0930,14528.6296241432,,,,,,,,,106534.434562072,7.33272423608599,1.99234710252509,11.5762235410933
122.90,107.3016,-1.8246,12719.1754642346,,,,,,,,,92870.9509453585,7.301648696215,1.98810017145092,11.4389661842499
122.92,107.2597,-1.8230,12781.900821371,,,,,,,,,92793.2990466997,7.259741750738,1.98234425668033,11.4381297076186
122.94,107.2287,-1.7445,12283.5011948599,,,,,,,,,88794.0796098293,7.228727233485,1.97806298104525,11.3940752556972
122.96,107.1900,-1.9800,14017.1311032642,,,,,,,,,100782.654952905,7.18996306808,1.97268603515231,11.5207215459331
122.98,107.1495,-1.9260,13712.1133218484,,,,,,,,,98035.1291995184,7.149527348444,1.96704624940815,11.4930811546404
123.00,107.1129,-1.7719,12679.4941833504,,,,,,,,,90188.2572042634,7.112922321672,1.96191317507766,11.4096545113702
123.02,107.0787,-1.6868,12129.3805404054,,,,,,,,,85859.676600581,7.07865305359699,1.95708364293934,11.3604695751814
123.04,107.0454,-1.3606,9829.60718143069,,,,,,,,,69254.0023269627,7.04544963483301,1.95238196656924,11.1455362177147
123.06,107.0242,-1.1938,8650.67860945952,,,,,,,,,60764.3554200425,7.024229908807,1.9493655876888,11.0147586364982
123.08,106.9977,-1.3310,9681.89370949843,,,,,,,,,67750.9688786229,6.99769806522001,1.9455812471473,11.1235940394312
123.10,106.9710,-1.3270,9689.23240656646,,,,,,,,,67543.5220641231,6.97098792040001,1.94175695366673,11.1205274404052
123.12,106.9446,-1.6393,12015.3148393695,,,,,,,,,83441.7849086249,6.944619098554,1.93796712928165,11.3319044809682
123.14,106.9054,-1.7753,13085.7024064828,,,,,,,,,90362.2099989923,6.905415329805,1.9323059341914,11.4115814279964
123.16,106.8736,-1.7104,12665.5585074645,,,,,,,,,87058.0855882971,6.873608103187,1.92768916533705,11.3743308252975
123.18,106.8370,-1.7985,13389.8856745193,,,,,,,,,91546.6600757571,6.837000875218,1.92234916694364,11.4246040674684
123.20,106.8017,-1.5480,11584.2765690141,,,,,,,,,78792.3836612351,6.801666309659,1.9171676277014,11.2745716171294
123.22,106.7751,-1.4959,11238.2261608742,,,,,,,,,76139.9038757353,6.775082009011,1.91325147134357,11.2403277674683
123.24,106.7418,-1.7276,13043.3607416535,,,,,,,,,87936.1454056278,6.741831890366,1.90833168181781,11.3843662096799
123.26,106.7060,-1.7165,13028.3871719521,,,,,,,,,87368.0716604477,6.70597753254801,1.90299929768769,11.3778851820911
123.28,106.6732,-1.7413,13281.9126669553,,,,,,,,,88632.5120709996,6.673173833729,1.89809558389372,11.3922540226795
123.30,106.6363,-1.4319,10982.3248004538,,,,,,,,,72882.2856091695,6.636325817477,1.89255846959744,11.1966008927095
123.32,106.6159,-1.3320,10248.2159507717,,,,,,,,,67801.1658462556,6.615899408438,1.88947575331892,11.1243346691532
123.34,106.5830,-1.2388,9578.47399990327,,,,,,,,,63055.5194519032,6.58304438186499,1.88449731035349,11.0517708784324
123.36,106.5663,-0.9379,7270.0997705816,,,,,,,,,47738.0002268941,6.566347331307,1.88195771614317,10.7734830101779
123.38,106.5455,-1.2221,9503.23956191076,,,,,,,,,62203.7353944747,6.545529552237,1.87878230552157,11.0381703314976
123.40,106.5175,-1.3334,10413.6942559977,,,,,,,,,67870.8839528571,6.51746462728801,1.87448543946718,11.1253624138189
123.42,106.4922,-1.2068,9461.22699458869,,,,,,,,,61424.1147762,6.492193328765,1.87060042874761,11.0255577858277
123.44,106.4692,-1.1353,8932.49783117374,,,,,,,,,57786.0666165678,6.46919458686,1.86705161650743,10.9645029636033
123.46,106.4468,-0.9821,7754.3780081656,,,,,,,,,49990.78644507,6.446782242551,1.86358112920321,10.8195939963317
123.48,106.4299,-1.1734,9288.88592201362,,,,,,,,,59726.6949877455,6.42990940885601,1.8609604493254,10.9975343516615
123.50,106.3998,-1.2466,9914.56274676169,,,,,,,,,63451.6758936016,6.399846116696,1.85627394581031,11.0580338856164
123.52,106.3800,-1.1891,9486.47082809473,,,,,,,,,60524.1203826234,6.380046012831,1.85317530937317,11.0107972485759
123.54,106.3523,-1.3362,10707.1167696914,,,,,,,,,68014.6394262393,6.352283335395,1.84881432864824,11.1274782466676
123.56,106.3266,-1.1381,9156.94284670895,,,,,,,,,57932.2854889952,6.326596819354,1.84476246430847,10.9670301159103
123.58,106.3068,-1.1242,9073.02883906112,,,,,,,,,57221.3912568847,6.306757343318,1.84162165275681,10.9546830804799
123.60,106.2816,-1.1514,9329.72446832343,,,,,,,,,58605.8722824319,6.28162948235099,1.83762941853509,10.9785901801423
123.62,106.2607,-1.0405,8459.70313137601,,,,,,,,,52963.6804337845,6.260702014158,1.83429232166121,10.8773616827919
123.64,106.2400,-1.2448,10153.6044676273,,,,,,,,,63358.5737206558,6.240008060454,1.83098147411993,11.056565515513
123.66,106.2109,-1.0585,8675.12343457984,,,,,,,,,53880.4263529383,6.210911782323,1.8263077100184,10.8945225435022
123.68,106.1977,-0.7964,6540.95133128442,,,,,,,,,40538.6330816333,6.197666215271,1.82417280429665,10.6100107016683
123.70,106.1791,-0.9560,7874.7643362045,,,,,,,,,48658.5985091037,6.179054563626,1.82116527653443,10.7925838142192
123.72,106.1594,-1.1571,9562.03076121333,,,,,,,,,58896.6393857936,6.159427934984,1.81798390553555,10.9835393117435
123.74,106.1328,-1.3285,11025.9323433511,,,,,,,,,67619.5152081414,6.132770735612,1.81364664385022,11.1216519068801
123.76,106.1063,-1.2826,10691.3346636015,,,,,,,,,65284.3819162702,6.10628924923,1.80931926450253,11.0865081123281
123.78,106.0815,-1.1559,9674.23048766325,,,,,,,,,58833.5145305751,6.081467110547,1.80524596794646,10.9824669465224
123.80,106.0601,-1.2631,10609.2742543987,,,,,,,,,64292.7857864766,6.060055027781,1.80171888053191,11.0712027077645
123.82,106.0309,-1.3705,11567.1118082903,,,,,,,,,69760.5888636501,6.030942729684,1.79690333843371,11.1528244998266
123.84,106.0052,-1.2451,10553.591315538,,,,,,,,,63376.7830977963,6.005233782787,1.79263138612918,11.0568528761631
123.86,105.9811,-1.4017,11928.6472626277,,,,,,,,,71346.8876741616,5.98113818804001,1.78861088229978,11.1753090014092
123.88,105.9492,-1.7544,15010.851479744,,,,,,,,,89302.0464656577,5.94916594745899,1.78325103283419,11.3997796833507
123.90,105.9110,-1.5438,13293.7365779684,,,,,,,,,78578.7494229787,5.91096032045699,1.77680830898888,11.2718565782871
123.92,105.8874,-1.2970,11213.0777826184,,,,,,,,,66016.041945234,5.887414965369,1.77281701598881,11.0976530512506
123.94,105.8591,-1.2209,10606.2104594737,,,,,,,,,62142.653838036,5.859081721552,1.76799288850293,11.0371878894383
123.96,105.8386,-1.1518,10041.410369889,,,,,,,,,58627.580390204,5.838580262192,1.76448766149609,10.9789605199647
123.98,105.8130,-1.1771,10307.3754905829,,,,,,,,,59916.8699266382,5.813009333111,1.76009839427633,11.0007133792873
124.00,105.7915,-1.2054,10594.4255718179,,,,,,,,,61357.5594181094,5.79149468767101,1.75639040812679,11.0244736604475
124.02,105.7648,-1.3545,11959.9332829293,,,,,,,,,68946.5228674234,5.76479159510301,1.7517690030421,11.1410864521808
124.04,105.7373,-1.0214,9061.37199762151,,,,,,,,,51987.9289465449,5.73731317511201,1.74699101278453,10.8587668349725
124.06,105.7239,-0.7480,6652.06232968586,,,,,,,,,38075.9854684995,5.723936965921,1.74465684939056,10.5473390597265
124.08,105.7074,-0.8159,7276.44535742638,,,,,,,,,41529.5203750728,5.707391224025,1.74176204081269,10.6341597876795
124.10,105.6913,-0.7091,6341.89720522827,,,,,,,,,36093.6462869072,5.69130106006,1.73893887930418,10.4938721256978
124.12,105.6790,-0.8041,7207.46613421492,,,,,,,,,40931.3954333257,5.67902709095201,1.73677993125758,10.6196526620723
124.14,105.6591,-1.0897,9800.97526987345,,,,,,,,,55465.0440432086,5.65913518970901,1.73327108720337,10.9235082642445
124.16,105.6354,-1.0412,9404.2617580584,,,,,,,,,52997.152661218,5.63543997654099,1.7290752236879,10.8779934677179
124.18,105.6175,-0.8199,7429.39001378221,,,,,,,,,41734.5052654858,5.617487463717,1.72588449342679,10.6390835300271
124.20,105.6026,-0.8956,8136.61770217454,,,,,,,,,45586.564079633,5.60264298363801,1.7232384477663,10.7273683047089
124.22,105.5817,-0.9326,8504.21447514628,,,,,,,,,47467.6621431533,5.581663336676,1.71948682098355,10.767803961189
124.24,105.5653,-0.8303,7593.97223304003,,,,,,,,,42263.0419743331,5.565340598752,1.71655818658366,10.6516682709347
124.26,105.5485,-0.9177,8419.21322298593,,,,,,,,,46713.5919762962,5.54845099406199,1.71351878863363,10.7517904500535
124.28,105.5286,-1.1469,10559.3522114209,,,,,,,,,58378.7598501396,5.528630798677,1.70994018970155,10.9747074014648
124.30,105.5026,-1.0631,9834.06212294283,,,,,,,,,54112.6559370898,5.502574140837,1.70521600835533,10.8988233734664
124.32,105.4861,-0.8644,8020.31519741384,,,,,,,,,44000.3029857322,5.486106456255,1.70221879740461,10.6919517989161
124.34,105.4680,-0.9145,8512.86145306063,,,,,,,,,46548.2972644435,5.46799657449,1.69891229239662,10.7482457033991
124.36,105.4495,-0.8373,7821.01993504978,,,,,,,,,42620.8558057191,5.44952655276001,1.69552873384843,10.66009898536
124.38,105.4345,-0.4826,4519.88398244028,,,,,,,,,24563.3232631822,5.434503044461,1.6927680802309,10.1090096851261
124.40,105.4302,-0.5890,5520.60499532597,,,,,,,,,29978.1190087147,5.430223505231,1.69198029428309,10.3082230281511
124.42,105.4109,-0.9963,9371.74544758469,,,,,,,,,50709.9971889913,5.410944788525,1.68842371504635,10.833878353356
124.44,105.3904,-0.9766,9221.73852397916,,,,,,,,,49708.6116127386,5.390373136636,1.68461461010104,10.813933468961
124.46,105.3719,-0.8764,8304.29820853823,,,,,,,,,44609.7047306856,5.371881357153,1.68117819300255,10.7057067091963
124.48,105.3553,-0.6662,6332.2667244796,,,,,,,,,33911.2935669948,5.355316672922,1.6780898380844,10.4315033814577
124.50,105.3452,-0.5332,5077.77494347242,,,,,,,,,27141.8862459695,5.345232222405,1.6762049901946,10.2088334315622
124.52,105.3340,-0.5641,5382.94341303727,,,,,,,,,28712.5516180826,5.33398726587799,1.67409903840752,10.2650896447522
124.54,105.3227,-0.6131,5863.36968771749,,,,,,,,,31208.7732024686,5.32266851054,1.67197477732003,10.3484545266572
124.56,105.3095,-1.0057,9641.67149614632,,,,,,,,,51192.0874837821,5.309461902352,1.66949049346207,10.8433402577525
124.58,105.2824,-1.2511,12055.4191954652,,,,,,,,,63682.0200405487,5.282439292074,1.6643879781702,11.0616575417574
124.60,105.2594,-0.8864,8578.99485452167,,,,,,,,,45120.5155909599,5.259417490754,1.66002027741448,10.7170923132113
124.62,105.2470,-0.8363,8112.99115649046,,,,,,,,,42568.71376526,5.246981408479,1.65765294143148,10.6588748437841
124.64,105.2260,-0.9725,9472.01663348429,,,,,,,,,49500.4268041738,5.22596493646201,1.65363945763504,10.8097365708262
124.66,105.2081,-0.9730,9509.84890537971,,,,,,,,,49528.0689012698,5.208081578799,1.6502115689155,10.810294836356
124.68,105.1870,-1.0167,9976.57816787019,,,,,,,,,51748.9437834533,5.18704338428501,1.64616385937612,10.8541593009378
124.70,105.1674,-1.0197,10044.3259040322,,,,,,,,,51903.1978877367,5.167414755718,1.64237251620511,10.8571356835898
124.72,105.1463,-0.8231,8140.73976888282,,,,,,,,,41894.3255142297,5.146255340868,1.63826933191888,10.6429056674842
124.74,105.1345,-0.7813,7745.08271953603,,,,,,,,,39767.066566549,5.134492168333,1.63598094235229,10.5907943755253
124.76,105.1150,-0.6776,6743.04770377264,,,,,,,,,34490.7190549059,5.115004456458,1.632178270656,10.4484455539277
124.78,105.1074,-0.7913,7885.73684215825,,,,,,,,,40275.5152979546,5.10738769301,1.63068805882569,10.6034990024501
124.80,105.0834,-1.0309,10322.3684615601,,,,,,,,,52472.2530956766,5.08335400844101,1.62597128161134,10.8680397964045
124.82,105.0662,-0.7552,7587.87098716948,,,,,,,,,38441.3112563157,5.06615245848501,1.62258164557691,10.5568879742692
124.84,105.0531,-0.7882,7939.54846770765,,,,,,,,,40119.6893773088,5.05314496667999,1.6200108151284,10.5996224997056
124.86,105.0346,-0.7934,8021.64732351251,,,,,,,,,40385.9818726999,5.034624466015,1.61633893868488,10.6062380203876
124.88,105.0214,-0.7271,7369.95649128032,,,,,,,,,37007.5563379954,5.021407708686,1.61371031445025,10.5188773961264
124.90,105.0055,-1.1412,11604.1517130895,,,,,,,,,58085.0703781439,5.005542138218,1.61054572622535,10.9696639455874
124.92,104.9758,-0.9076,9284.13740276236,,,,,,,,,46195.6548499149,4.975761650853,1.60457845454146,10.7406410217791
124.94,104.9692,-0.6239,6391.17926058662,,,,,,,,,31759.2995269483,4.969239358189,1.60326678175365,10.365940859921
124.96,104.9508,-0.6574,6758.55287369331,,,,,,,,,33460.2682838657,4.950803657112,1.59954991837458,10.4181139925561
124.98,104.9429,-0.3481,3584.9090089617,,,,,,,,,17720.0068457456,4.942944660924,1.5979612388189,9.78244961048775
125.00,104.9369,-0.4233,4364.11592948292,,,,,,,,,21545.1097486636,4.93687841863,1.59673323240472,9.97790414396426
125.02,104.9260,-0.6382,6594.73364523094,,,,,,,,,32485.7467777773,4.926013471563,1.59453003448206,10.3885567114382
125.04,104.9113,-0.8009,8300.56541146212,,,,,,,,,40766.9781775952,4.911349547502,1.59154876096524,10.6156276742926
125.06,104.8940,-1.0241,10651.6375572865,,,,,,,,,52128.8671751808,4.89397680824401,1.58800522619519,10.8614741467603
125.08,104.8704,-0.8990,9395.32040638289,,,,,,,,,45758.8197064457,4.870384162243,1.58317281740082,10.7311398325927
125.10,104.8580,-0.8231,8624.46212782679,,,,,,,,,41897.7863443782,4.858017314401,1.58063039467429,10.6429882726382
125.12,104.8375,-0.8995,9464.98726100291,,,,,,,,,45786.4864398098,4.83745885517,1.57638955292851,10.7317442706654
125.14,104.8220,-0.7935,8376.28748281877,,,,,,,,,40390.7604477153,4.8220360787,1.57319626183385,10.6063563360038
125.16,104.8057,-0.8635,9145.64783102014,,,,,,,,,43951.4029576425,4.805717841941,1.56980642604877,10.6908398242794
125.18,104.7875,-0.8271,8794.03221020847,,,,,,,,,42101.4022998003,4.78749694036,1.56600771541727,10.6478363278996
125.20,104.7726,-0.4818,5138.75152519561,,,,,,,,,24525.3726598528,4.772632523601,1.56289804440427,10.1074634794192
125.22,104.7682,-0.5403,5767.69776630078,,,,,,,,,27501.6732774433,4.768223716251,1.56197384901698,10.2220021282561
125.24,104.7510,-0.5603,6002.5011807896,,,,,,,,,28518.0054319317,4.751020378505,1.55835941150415,10.2582909363158
125.26,104.7458,-0.4098,4394.84193085682,,,,,,,,,20857.0974770137,4.74581288818899,1.55726273207603,9.94544957587318
125.28,104.7346,-0.6652,7151.70922620081,,,,,,,,,33860.6960700439,4.73462986246599,1.55490355303684,10.4300102127719
125.30,104.7192,-0.6890,7431.18362123903,,,,,,,,,35069.267868949,4.719203515402,1.55164003862127,10.4650804666388
125.32,104.7071,-0.5957,6441.93376578435,,,,,,,,,30322.6379089657,4.707070735502,1.54906579003118,10.3196498382464
125.34,104.6954,-0.7801,8456.87681015843,,,,,,,,,39708.2038919283,4.69537451985001,1.54657787941488,10.5893130924785
125.36,104.6759,-0.8641,9406.74466699438,,,,,,,,,43984.6785771629,4.675866108229,1.54241440937373,10.6915966381044
125.38,104.6608,-0.9453,10323.4014393906,,,,,,,,,48115.4047335281,4.66080923192,1.53918908797974,10.7813576695504
125.40,104.6381,-0.7870,8637.07549015509,,,,,,,,,40059.2285358184,4.63805469588399,1.53429503175302,10.5981143513164
125.42,104.6293,-0.5531,6081.50402052037,,,,,,,,,28153.2814206576,4.629328752503,1.53241187972671,10.2454191958917
125.44,104.6159,-0.6812,7511.93097915345,,,,,,,,,34674.5512123374,4.615930485592,1.52951346964526,10.4537613024125
125.46,104.6021,-0.5817,6434.20475828455,,,,,,,,,29610.7238306747,4.602079812979,1.52650833456991,10.2958918662773
125.48,104.5927,-0.7559,8378.10707110673,,,,,,,,,38477.8051515533,4.592660946558,1.52445958301467,10.5578368644718
125.50,104.5718,-0.7050,7849.09035261293,,,,,,,,,35884.8016622961,4.57184209254901,1.51991620739845,10.4880691328124
125.52,104.5645,-0.4743,5288.61302848596,,,,,,,,,24139.6675619387,4.564460933692,1.51830042025968,10.0916117233031
125.54,104.5529,-0.6613,7393.74726579852,,,,,,,,,33662.784710491,4.552871974162,1.51575823695049,10.4241481948781
125.56,104.5380,-0.6312,7079.61117360246,,,,,,,,,32127.3256947574,4.538007089224,1.5124879485477,10.3774622147447
125.58,104.5276,-0.7266,8168.28315258837,,,,,,,,,36982.9211109027,4.527624767658,1.51019746813355,10.5182114934629
125.60,104.5089,-0.7687,8678.14150662469,,,,,,,,,39129.255127328,4.50894412098,1.50606300658771,10.5746256791768
125.62,104.4969,-0.6774,7667.62258785707,,,,,,,,,34480.341140045,4.496875106327,1.50338273473824,10.4481446185815
125.64,104.4818,-0.7419,8425.76993559616,,,,,,,,,37763.0184586368,4.481847801125,1.50003541699872,10.5390855550581
125.66,104.4672,-0.5318,6059.18276179897,,,,,,,,,27067.5757793592,4.467199099854,1.49676161264468,10.206091824825
125.68,104.4606,-0.5314,6063.41960542262,,,,,,,,,27046.3487650723,4.46057679083999,1.49527808297062,10.2053072942054
125.70,104.4459,-0.4925,5638.32878260621,,,,,,,,,25067.698366989,4.445944770784,1.49199239323903,10.1293353786804
125.72,104.4409,-0.6634,7604.31048343587,,,,,,,,,33769.8104236722,4.440877380958,1.49085196524605,10.4273224996141
125.74,104.4194,-0.7697,8865.1685314214,,,,,,,,,39178.7862711741,4.419406820334,1.48600548353916,10.5758907127434
125.76,104.4101,-0.4404,5082.9187287055,,,,,,,,,22416.1229347094,4.41008879565899,1.48389482432611,10.0175357528011
125.78,104.4018,-0.5573,6443.88121405517,,,,,,,,,28364.6192782921,4.40179114668101,1.48201153688126,10.2528978474352
125.80,104.3878,-0.4572,5303.7925792455,,,,,,,,,23271.9731545782,4.387798505855,1.47882762200018,10.0550050466241
125.82,104.3835,-0.4365,5068.81981662729,,,,,,,,,22219.1863887199,4.383502904529,1.47784815465128,10.008711446354
125.84,104.3703,-0.6300,7337.02861722697,,,,,,,,,32065.2919975399,4.37033759446599,1.47484025886187,10.3755294779672
125.86,104.3583,-0.5870,6855.31873164893,,,,,,,,,29877.5661144609,4.358304447104,1.47208309344539,10.3048631805898
125.88,104.3469,-0.6241,7308.06558881096,,,,,,,,,31767.1259845047,4.34685835785901,1.46945336759242,10.3661872599831
125.90,104.3333,-0.3477,4083.57688577564,,,,,,,,,17695.528299343,4.333340302954,1.46633867716613,9.78106724818825
125.92,104.3330,-0.5406,6350.02291527721,,,,,,,,,27514.3467501471,4.33295235580201,1.46624914703658,10.2224628476219
125.94,104.3117,-0.7907,9334.0139050486,,,,,,,,,40245.637618806,4.311718198431,1.4613364786026,10.6027568948315
125.96,104.3013,-0.3472,4108.95481033762,,,,,,,,,17673.9516401971,4.30132538711101,1.45892320476724,9.77984717586266
125.98,104.2978,-0.4034,4777.55379970752,,,,,,,,,20533.1099973369,4.297829152357,1.45811004693164,9.92979398404128
126.00,104.2852,-0.6604,7843.93187621648,,,,,,,,,33612.7343272474,4.285189476105,1.45516476953305,10.4226602719845
126.02,104.2714,-0.7324,8727.27928121948,,,,,,,,,37277.8284882968,4.2714146399,1.45194506977414,10.5261540183985
126.04,104.2559,-0.7801,9330.54108355317,,,,,,,,,39709.8008623423,4.255894755379,1.44830502320422,10.589353309314
126.06,104.2402,-0.8072,9689.89246017814,,,,,,,,,41087.1668703438,4.240208757651,1.4446125033269,10.6234511101293
126.08,104.2236,-0.8139,9809.0899507103,,,,,,,,,41429.7358031733,4.223606472298,1.44068937736168,10.6317541581062
126.10,104.2077,-0.6318,7642.39970671939,,,,,,,,,32156.5528114355,4.207651267332,1.4369045982683,10.3783715288486
126.12,104.1983,-0.6852,8307.77733960086,,,,,,,,,34878.8431581555,4.198336297712,1.43468832722085,10.4596357111356
126.14,104.1802,-0.8945,10891.4188087404,,,,,,,,,45528.7640056732,4.180241785316,1.43036908824083,10.7260995811489
126.16,104.1626,-0.6724,8222.10916870764,,,,,,,,,34225.0029487467,4.162557592765,1.42612969131054,10.4407117363143
126.18,104.1533,-0.3914,4797.27612881868,,,,,,,,,19924.7482084883,4.153346122562,1.423914303955,9.89971786661437
126.20,104.1469,-0.2977,3653.9567514946,,,,,,,,,15152.5923826855,4.146899761878,1.4223610097346,9.6259269106678
126.22,104.1414,-0.3344,4109.72655357993,,,,,,,,,17020.1797017494,4.14143848254901,1.42104318704003,9.74215496034128
126.24,104.1335,-0.3547,4368.26316185288,,,,,,,,,18056.3227207866,4.133524481416,1.41913042837746,9.80125119166433
126.26,104.1272,-0.4076,5026.45326288839,,,,,,,,,20745.4239554259,4.127248950785,1.41761107140932,9.9400809690694
126.28,104.1172,-0.4465,5519.47282144899,,,,,,,,,22724.8934045701,4.117221723832,1.41517859701698,10.0312162283667
126.30,104.1094,-0.5124,6347.18956815514,,,,,,,,,26083.0813405082,4.109390630362,1.41327475239705,10.1690421586208
126.32,104.0967,-0.5746,7138.77589862985,,,,,,,,,29245.5972451146,4.09672437689601,1.41018772192925,10.283484319796
126.34,104.0864,-0.6872,8559.52723965104,,,,,,,,,34977.7208062535,4.08640802546,1.40766635079797,10.4624665893958
126.36,104.0692,-0.6152,7695.37713972781,,,,,,,,,31314.3148637625,4.069237192041,1.40345555978584,10.3518306158686
126.38,104.0618,-0.5518,6914.31790822472,,,,,,,,,28084.5745587674,4.061799722191,1.40162615672133,10.2429757565081
126.40,104.0472,-0.5849,7356.50088069734,,,,,,,,,29772.9874153576,4.047166974924,1.39801712398107,10.301356798836
126.42,104.0384,-0.3938,4963.19764400859,,,,,,,,,20043.3906102741,4.038402668584,1.39584923472678,9.90565473301687
126.44,104.0314,-0.2213,2793.4935030796,,,,,,,,,11261.7341502798,4.031415909099,1.39411765646056,9.32916589962933
126.46,104.0296,-0.3475,4389.78481318754,,,,,,,,,17688.8690408121,4.029552653167,1.39365536562025,9.78069085299093
126.48,104.0175,-0.4167,5279.00575018455,,,,,,,,,21208.4855266221,4.01751514020999,1.39066358718746,9.96215664126688
126.50,104.0129,-0.2874,3645.05217016669,,,,,,,,,14627.1788207554,4.012885999403,1.38951068305745,9.59063664020071
126.52,104.0060,-0.1849,2348.84857695656,,,,,,,,,9409.53530543582,4.006020395588,1.38779832849078,9.14947884830328
126.54,104.0055,0.8221,-10446.3533811282,,,,,,,,,-41842.7800024133,4.00549153142801,1.38766630243488,Err:502
