{
    "input": {
        "k_Wm-1K-1": 401,
        "T_INF_C": 25,
        "T_0_C": 84,
        "total_time_s": 1992.525237,
        "R_m": 0.01,
        "N_NODES": 1,
        "h_Wm-2K-1": 49.95605733,
        "dt": 9.963,
        "num_t_output": 50,
        "SAFETY": 0.75
    },
    "Biot (dr)": 0.002491573931670823,
    "Biot (D)": 0.002491573931670823,
    "t_steps": [
        29.888999999999996,
        59.778,
        89.66699999999999,
        119.55599999999997,
        149.44499999999996,
        179.33399999999995,
        209.22299999999993,
        239.1119999999999,
        269.0009999999999,
        298.89,
        328.77900000000005,
        358.6680000000001,
        388.5570000000002,
        418.44600000000025,
        448.3350000000003,
        478.2240000000004,
        508.11300000000045,
        538.0020000000004,
        567.8910000000003,
        597.7800000000002,
        627.6690000000001,
        657.558,
        687.4469999999999,
        717.3359999999998,
        747.2249999999997,
        777.1139999999996,
        807.0029999999995,
        836.8919999999994,
        866.7809999999993,
        896.6699999999992,
        926.5589999999991,
        956.447999999999,
        986.3369999999989,
        1016.2259999999987,
        1046.1149999999986,
        1076.0039999999985,
        1105.8929999999984,
        1135.7819999999983,
        1165.6709999999982,
        1195.5599999999981,
        1225.448999999998,
        1255.337999999998,
        1285.2269999999978,
        1315.1159999999977,
        1345.0049999999976,
        1374.8939999999975,
        1404.7829999999974,
        1434.6719999999973,
        1464.5609999999972,
        1494.449999999997,
        1524.338999999997,
        1554.2279999999969,
        1584.1169999999968,
        1614.0059999999967,
        1643.8949999999966,
        1673.7839999999965,
        1703.6729999999964,
        1733.5619999999963,
        1763.4509999999962,
        1793.339999999996,
        1823.228999999996,
        1853.1179999999958,
        1883.0069999999957,
        1912.8959999999956,
        1942.7849999999955,
        1972.6739999999954,
        1992.5999999999954,
        1992.5999999999954
    ],
    "T_vals": [
        [
            76.64431050379972
        ],
        [
            70.20567470191318
        ],
        [
            64.56976103117573
        ],
        [
            59.636491953477865
        ],
        [
            55.31826686792833
        ],
        [
            51.53840657736194
        ],
        [
            48.2297916874129
        ],
        [
            45.33367076005656
        ],
        [
            42.79861705787109
        ],
        [
            40.57961535381222
        ],
        [
            38.6372625908821
        ],
        [
            36.9370681977181
        ],
        [
            35.448841635728584
        ],
        [
            34.146156302383005
        ],
        [
            33.005880271128014
        ],
        [
            32.007765535226774
        ],
        [
            31.134088461679287
        ],
        [
            30.36933507072441
        ],
        [
            29.69992555239717
        ],
        [
            29.113973128351553
        ],
        [
            28.601072977031794
        ],
        [
            28.152117474113094
        ],
        [
            27.759134467416096
        ],
        [
            27.415145714524968
        ],
        [
            27.114042969370317
        ],
        [
            26.850479517432802
        ],
        [
            26.619775233546118
        ],
        [
            26.417833476400347
        ],
        [
            26.241068344032225
        ],
        [
            26.086340998570112
        ],
        [
            25.95090392954513
        ],
        [
            25.832352166045965
        ],
        [
            25.72858057138624
        ],
        [
            25.63774646196113
        ],
        [
            25.55823688651221
        ],
        [
            25.48863998477476
        ],
        [
            25.427719916919994
        ],
        [
            25.37439491861145
        ],
        [
            25.327718091996857
        ],
        [
            25.286860591538954
        ],
        [
            25.25109690611426
        ],
        [
            25.219791976032344
        ],
        [
            25.19238991621115
        ],
        [
            25.168404145264553
        ],
        [
            25.147408745223213
        ],
        [
            25.129030898462428
        ],
        [
            25.11294426753861
        ],
        [
            25.098863200379462
        ],
        [
            25.08653765792875
        ],
        [
            25.075748774175324
        ],
        [
            25.066304969725298
        ],
        [
            25.058038549905735
        ],
        [
            25.0508027269919
        ],
        [
            25.044469013681518
        ],
        [
            25.038924941531626
        ],
        [
            25.034072063844096
        ],
        [
            25.029824207536777
        ],
        [
            25.02610594295863
        ],
        [
            25.022851244477117
        ],
        [
            25.020002318053805
        ],
        [
            25.01750857498926
        ],
        [
            25.015325733613974
        ],
        [
            25.013415032973878
        ],
        [
            25.011742544547822
        ],
        [
            25.010278569775124
        ],
        [
            25.008997112694942
        ],
        [
            25.00823284884126
        ],
        [
            25.00823284884126
        ]
    ],
    "dt": 9.963
}