{
    "input": {
        "k_Wm-1K-1": 401,
        "T_INF_C": 25,
        "T_0_C": 84,
        "total_time_s": 1992.525237,
        "R_m": 0.01,
        "N_NODES": 1,
        "h_Wm-2K-1": 49.95605733,
        "dt": "auto",
        "num_t_output": 50,
        "SAFETY": 0.75
    },
    "Biot (dr)": 0.002491573931670823,
    "Biot (D)": 0.002491573931670823,
    "t_steps": [
        0,
        172.1115107864338,
        344.2230215728676,
        516.3345323593014,
        688.4460431457352,
        860.557553932169,
        1032.6690647186028,
        1204.7805755050367,
        1376.8920862914706,
        1549.0035970779045,
        1721.1151078643384,
        1893.2266186507723,
        2065.338129437206,
        2065.338129437206
    ],
    "T_vals": [
        [
            84
        ],
        [
            39.75000000000001
        ],
        [
            28.687500000000004
        ],
        [
            25.921875
        ],
        [
            25.23046875
        ],
        [
            25.0576171875
        ],
        [
            25.014404296875
        ],
        [
            25.00360107421875
        ],
        [
            25.000900268554688
        ],
        [
            25.000225067138672
        ],
        [
            25.000056266784668
        ],
        [
            25.000014066696167
        ],
        [
            25.00000351667404
        ],
        [
            25.00000351667404
        ]
    ],
    "dt": 172.1115107864338
}