{
    "input": {
        "k_Wm-1K-1": 401,
        "T_INF_C": 25,
        "T_0_C": 84,
        "total_time_s": 1992.525237,
        "R_m": 0.01,
        "N_NODES": 1,
        "h_Wm-2K-1": 49.95605733,
        "dt": 99.63,
        "num_t_output": 50,
        "SAFETY": 0.75
    },
    "Biot (dr)": 0.002491573931670823,
    "Biot (D)": 0.002491573931670823,
    "t_steps": [
        99.63,
        199.26,
        298.89,
        398.52,
        498.15,
        597.78,
        697.41,
        797.04,
        896.67,
        996.3,
        1095.9299999999998,
        1195.56,
        1295.19,
        1394.8200000000002,
        1494.4500000000003,
        1594.0800000000004,
        1693.7100000000005,
        1793.3400000000006,
        1892.9700000000007,
        1992.6000000000008,
        1992.6000000000008
    ],
    "T_vals": [
        [
            58.385051413147565
        ],
        [
            43.89087555692383
        ],
        [
            35.68937036791991
        ],
        [
            31.048562361138686
        ],
        [
            28.422568905122784
        ],
        [
            26.936654895975668
        ],
        [
            26.095852936807994
        ],
        [
            25.620086553162434
        ],
        [
            25.350874939964903
        ],
        [
            25.198541998479886
        ],
        [
            25.11234465808339
        ],
        [
            25.063570037052653
        ],
        [
            25.035970999243027
        ],
        [
            25.020354129815438
        ],
        [
            25.011517350345056
        ],
        [
            25.006517073447675
        ],
        [
            25.003687675120574
        ],
        [
            25.002086664805006
        ],
        [
            25.00118073579317
        ],
        [
            25.0006681173756
        ],
        [
            25.0006681173756
        ]
    ]
}