{
    "input": {
        "k_Wm-1K-1": 401,
        "T_INF_C": 25,
        "T_0_C": 84,
        "total_time_s": 1992.525237,
        "R_m": 0.01,
        "N_NODES": 10,
        "h_Wm-2K-1": 49.95605733,
        "dt": 0.001,
        "num_t_output": 50,
        "SAFETY": 0.75
    },
    "Biot (dr)": 0.00013113547008793803,
    "Biot (D)": 0.002491573931670823,
    "t_steps": [
        132.8350000002702,
        265.6700000006296,
        398.5049999974885,
        531.3399999943474,
        664.1749999912063,
        797.0099999880651,
        929.844999984924,
        1062.6799999817829,
        1195.5149999786418,
        1328.3499999755006,
        1461.1849999723595,
        1594.0199999692184,
        1726.8549999660772,
        1859.689999962936,
        1992.524999959795,
        1992.525999959795,
        1992.525999959795
    ],
    "T_vals": [
        [
            58.038572307288426,
            58.03822944987601,
            58.03737231435049,
            58.03603901811832,
            58.034239118672836,
            58.031976470706596,
            58.029253035600405,
            58.02606996983669,
            58.0224280331481,
            58.018327769912844
        ],
        [
            43.49401151146525,
            43.49381959006887,
            43.493339791059135,
            43.4925934514281,
            43.49158592117666,
            43.49031935804721,
            43.48879485996248,
            43.48701307428699,
            43.4849744262965,
            43.48267922071778
        ],
        [
            35.352398360467696,
            35.35229092857018,
            35.35202235133487,
            35.35160457257616,
            35.35104058706567,
            35.35033160264352,
            35.34947823389423,
            35.34848084319324,
            35.34733966859728,
            35.34605488068334
        ],
        [
            30.794965129514107,
            30.794904992328675,
            30.794754650769253,
            30.79452079062842,
            30.794205088290376,
            30.793808219868133,
            30.793330529387863,
            30.792772219696566,
            30.792133424051347,
            30.791414237936127
        ],
        [
            28.24384936542999,
            28.243815702419695,
            28.243731545679974,
            28.243600637718927,
            28.24342391692664,
            28.24320176177111,
            28.242934364827963,
            28.242621839644922,
            28.242264260815357,
            28.241861681788333
        ],
        [
            26.81581053042204,
            26.81579168686869,
            26.8157445784253,
            26.81567130003675,
            26.815572376985948,
            26.815448021128027,
            26.81529834026111,
            26.815123397945836,
            26.814923235937364,
            26.814697884154878
        ],
        [
            26.01643680422709,
            26.01642625616559,
            26.016399886258135,
            26.016358867192643,
            26.016303493006884,
            26.016233882291065,
            26.016150095387378,
            26.016052167875184,
            26.015940123127777,
            26.015813977893032
        ],
        [
            25.568971134200552,
            25.56896522970901,
            25.568950468618016,
            25.568927507363444,
            25.568896510538906,
            25.568857544527674,
            25.56881064310751,
            25.568755826194693,
            25.56869310687289,
            25.56862249451707
        ],
        [
            25.318493142129118,
            25.318489836970116,
            25.318481574149793,
            25.318468721121448,
            25.318451370019698,
            25.318429558003928,
            25.31840330398192,
            25.318372619102217,
            25.318337510688675,
            25.31829798398912
        ],
        [
            25.178283001519798,
            25.178281151389953,
            25.178276526108547,
            25.178269331365023,
            25.178259618733602,
            25.178247409015,
            25.178232712793246,
            25.17821553630895,
            25.178195883661793,
            25.17817375778935
        ],
        [
            25.099797529135277,
            25.099796493487542,
            25.099793904392385,
            25.099789876988645,
            25.099784440146045,
            25.09977760550821,
            25.099769378999756,
            25.099759764114,
            25.09974876314582,
            25.099736377739575
        ],
        [
            25.055863692761196,
            25.055863113036352,
            25.05586166373778,
            25.055859409316785,
            25.055856365933764,
            25.055852540106493,
            25.05584793515139,
            25.055842553023908,
            25.05583639500865,
            25.055829462026093
        ],
        [
            25.03127083602127,
            25.031270511508524,
            25.03126970023423,
            25.03126843827631,
            25.031266734680898,
            25.03126459309642,
            25.031262015379326,
            25.031259002624218,
            25.031255555550178,
            25.031251674672454
        ],
        [
            25.017504485241542,
            25.017504303588943,
            25.01750384946169,
            25.017503143055126,
            25.01750218943301,
            25.017500990637625,
            25.017499547708148,
            25.01749786125731,
            25.01749593168764,
            25.017493759287554
        ],
        [
            25.009798490943833,
            25.009798389260105,
            25.009798135053156,
            25.009797739627746,
            25.00979720581841,
            25.009796534768356,
            25.009795727059295,
            25.009794783034213,
            25.009793702918422,
            25.009792486873376
        ],
        [
            25.009798448143716,
            25.009798346460432,
            25.00979809225459,
            25.00979769683091,
            25.0097971630239,
            25.009796491976783,
            25.00979568427125,
            25.00979474025029,
            25.009793660139216,
            25.00979244409948
        ],
        [
            25.009798448143716,
            25.009798346460432,
            25.00979809225459,
            25.00979769683091,
            25.0097971630239,
            25.009796491976783,
            25.00979568427125,
            25.00979474025029,
            25.009793660139216,
            25.00979244409948
        ]
    ]
}